date,start_time,end_time,activity_id,activity_name,original_activity_name,activity_type,priority,occurrence_number,frequency_period,duration_minutes,facilitator,facilitator_role,equipment,location,mode,status,details,prep_required,metrics_to_collect,if_skipped_adjustment,notes
2026-06-09,06:00,06:20,ACT002,High-Protein Breakfast #002,High-Protein Breakfast #002,Food consumption,2,1,week,20,Self,Self,,Home,in_person,scheduled,Consume 30-40g protein within 2 hours of waking,Prepare or order the meal according to the assigned nutrition guideline.,"protein_g, calories, satiety_score",Return to the plan at the next meal and note the reason for deviation.,Primary activity scheduled.
2026-06-09,06:30,06:50,ACT012,Hydration Protocol #012,Hydration Protocol #012,Food consumption,12,1,week,20,Self,Self,,Home,in_person,scheduled,Drink 500ml water with electrolytes,Prepare or order the meal according to the assigned nutrition guideline.,"water_ml, electrolyte_serving",Return to the plan at the next meal and note the reason for deviation.,Primary activity scheduled.
2026-06-09,07:00,08:00,ACT031,Strength Training #031,Strength Training #031,Fitness routine / exercise,31,1,week,60,Fitness Trainer 1,Fitness Trainer,"Dumbbells, Resistance Bands",Gym,in_person,scheduled,Full-body resistance session with controlled tempo,"Wear appropriate training clothes, prepare water, and confirm recovery status.","sets, reps, load, RPE",Reschedule within the same week if possible; otherwise reduce next session intensity by 10%.,Primary activity scheduled.
2026-06-09,08:00,08:20,ACT047,Fermented Food Serving #047,Fermented Food Serving #047,Food consumption,47,1,week,20,Self,Self,,Home,in_person,scheduled,"Add yogurt, kimchi, kefir, or sauerkraut",Prepare or order the meal according to the assigned nutrition guideline.,"serving_size, GI_comfort_score",Return to the plan at the next meal and note the reason for deviation.,Primary activity scheduled.
2026-06-09,08:30,08:45,ACT048,Blood Pressure Reading #048,Blood Pressure Reading #048,Medication consumption,48,1,week,15,Self,Self,Blood Pressure Cuff,Home,in_person,scheduled,Measure seated blood pressure after 5 minutes rest,"Confirm dose, timing, and any meal requirement before taking it.","systolic, diastolic, resting_hr",Follow clinician-approved missed-dose guidance and log the missed dose.,Primary activity scheduled.
2026-06-09,08:45,09:00,ACT053,Omega-3 Supplement #053,Omega-3 Supplement #053,Medication consumption,53,1,week,15,Self,Self,,Home,in_person,scheduled,Take after meal to improve tolerance,"Confirm dose, timing, and any meal requirement before taking it.","dose_mg, adherence",Follow clinician-approved missed-dose guidance and log the missed dose.,Primary activity scheduled.
2026-06-09,09:00,09:30,ACT062,Hydration Protocol #062,Hydration Protocol #062,Food consumption,62,1,week,30,Self,Self,,Home,in_person,scheduled,Drink 500ml water with electrolytes,Prepare or order the meal according to the assigned nutrition guideline.,"water_ml, electrolyte_serving",Return to the plan at the next meal and note the reason for deviation.,Primary activity scheduled.
2026-06-09,09:30,09:40,ACT078,Omega-3 Supplement #078,Omega-3 Supplement #078,Medication consumption,78,1,week,10,Self,Self,,Home,in_person,scheduled,Take after meal to improve tolerance,"Confirm dose, timing, and any meal requirement before taking it.","dose_mg, adherence",Follow clinician-approved missed-dose guidance and log the missed dose.,Primary activity scheduled.
2026-06-09,12:00,12:30,ACT032,Mediterranean Lunch #032,Mediterranean Lunch #032,Food consumption,32,1,week,30,Self,Self,,Home,in_person,scheduled,"Vegetables, lean protein, olive oil, and whole grains",Prepare or order the meal according to the assigned nutrition guideline.,"calories, fiber_g, protein_g",Return to the plan at the next meal and note the reason for deviation.,Primary activity scheduled.
2026-06-09,12:30,12:50,ACT057,Mediterranean Lunch #057,Mediterranean Lunch #057,Food consumption,57,1,week,20,Self,Self,,Home,in_person,scheduled,"Vegetables, lean protein, olive oil, and whole grains",Prepare or order the meal according to the assigned nutrition guideline.,"calories, fiber_g, protein_g",Return to the plan at the next meal and note the reason for deviation.,Primary activity scheduled.
2026-06-09,17:00,17:15,ACT011,Mobility Flow #011,Mobility Flow #011,Fitness routine / exercise,11,1,week,15,Fitness Trainer 1,Fitness Trainer,Yoga Mat,Home,in_person,scheduled,"Hip, ankle, thoracic spine, and shoulder mobility","Wear appropriate training clothes, prepare water, and confirm recovery status.","duration, pain_score, range_of_motion",Reschedule within the same week if possible; otherwise reduce next session intensity by 10%.,Primary activity scheduled.
2026-06-09,17:15,18:00,ACT056,Strength Training #056,Strength Training #056,Fitness routine / exercise,56,1,week,45,Fitness Trainer 1,Fitness Trainer,"Dumbbells, Resistance Bands",Gym,in_person,scheduled,Full-body resistance session with controlled tempo,"Wear appropriate training clothes, prepare water, and confirm recovery status.","sets, reps, load, RPE",Reschedule within the same week if possible; otherwise reduce next session intensity by 10%.,Primary activity scheduled.
2026-06-09,18:00,18:45,ACT061,Mobility Flow #061,Mobility Flow #061,Fitness routine / exercise,61,1,week,45,Fitness Trainer 1,Fitness Trainer,Yoga Mat,Home,in_person,scheduled,"Hip, ankle, thoracic spine, and shoulder mobility","Wear appropriate training clothes, prepare water, and confirm recovery status.","duration, pain_score, range_of_motion",Reschedule within the same week if possible; otherwise reduce next session intensity by 10%.,Primary activity scheduled.
2026-06-09,18:45,19:00,ACT063,Magnesium Glycinate #063,Magnesium Glycinate #063,Medication consumption,63,1,week,15,Self,Self,,Home,in_person,scheduled,Take 60 minutes before bedtime,"Confirm dose, timing, and any meal requirement before taking it.","dose_mg, sleep_quality, adherence",Follow clinician-approved missed-dose guidance and log the missed dose.,Primary activity scheduled.
2026-06-09,19:00,19:45,ACT067,Low-Glycemic Dinner #067,Low-Glycemic Dinner #067,Food consumption,67,1,week,45,Self,Self,,Home,in_person,scheduled,Control evening carbohydrate load,Prepare or order the meal according to the assigned nutrition guideline.,"carbs_g, glucose_response, sleep_quality",Return to the plan at the next meal and note the reason for deviation.,Primary activity scheduled.
2026-06-09,19:45,20:00,ACT071,Brisk Walk #071,Brisk Walk #071,Fitness routine / exercise,71,1,week,15,Fitness Trainer 1,Fitness Trainer,,Park,in_person,scheduled,Low-intensity walk after meals,"Wear appropriate training clothes, prepare water, and confirm recovery status.","steps, duration, glucose_response",Reschedule within the same week if possible; otherwise reduce next session intensity by 10%.,Primary activity scheduled.
2026-06-09,20:00,20:45,ACT072,Fermented Food Serving #072,Fermented Food Serving #072,Food consumption,72,1,week,45,Self,Self,,Home,in_person,scheduled,"Add yogurt, kimchi, kefir, or sauerkraut",Prepare or order the meal according to the assigned nutrition guideline.,"serving_size, GI_comfort_score",Return to the plan at the next meal and note the reason for deviation.,Primary activity scheduled.
2026-06-10,06:00,06:45,ACT001,Zone 2 Run #001,Zone 2 Run #001,Fitness routine / exercise,1,1,week,45,Fitness Trainer 1,Fitness Trainer,Treadmill,Park,in_person,scheduled,Maintain heart rate between 120-140 bpm,"Wear appropriate training clothes, prepare water, and confirm recovery status.","heart_rate, duration, perceived_exertion",Reschedule within the same week if possible; otherwise reduce next session intensity by 10%.,Primary activity scheduled.
2026-06-10,06:45,07:45,ACT051,Zone 2 Run #051,Zone 2 Run #051,Fitness routine / exercise,51,1,week,60,Fitness Trainer 1,Fitness Trainer,Treadmill,Park,in_person,scheduled,Maintain heart rate between 120-140 bpm,"Wear appropriate training clothes, prepare water, and confirm recovery status.","heart_rate, duration, perceived_exertion",Reschedule within the same week if possible; otherwise reduce next session intensity by 10%.,Primary activity scheduled.
2026-06-10,07:45,08:30,ACT076,Zone 2 Run #076,Zone 2 Run #076,Fitness routine / exercise,76,1,week,45,Fitness Trainer 1,Fitness Trainer,Treadmill,Park,in_person,scheduled,Maintain heart rate between 120-140 bpm,"Wear appropriate training clothes, prepare water, and confirm recovery status.","heart_rate, duration, perceived_exertion",Reschedule within the same week if possible; otherwise reduce next session intensity by 10%.,Primary activity scheduled.
2026-06-10,08:30,08:45,ACT091,Eye Exercise #091,Eye Exercise #091,Fitness routine / exercise,91,1,week,15,Fitness Trainer 1,Fitness Trainer,,Home,in_person,scheduled,Near-far focus drill and 20-20-20 visual breaks,"Wear appropriate training clothes, prepare water, and confirm recovery status.","duration, eye_strain_score",Reschedule within the same week if possible; otherwise reduce next session intensity by 10%.,Primary activity scheduled.
2026-06-10,08:45,09:00,ACT096,Brisk Walk #096,Brisk Walk #096,Fitness routine / exercise,96,1,week,15,Fitness Trainer 1,Fitness Trainer,,Park,in_person,scheduled,Low-intensity walk after meals,"Wear appropriate training clothes, prepare water, and confirm recovery status.","steps, duration, glucose_response",Reschedule within the same week if possible; otherwise reduce next session intensity by 10%.,Primary activity scheduled.
2026-06-10,17:00,17:45,ACT049,Recovery Stretch #049,Recovery Stretch #049,Therapy,49,1,week,45,Health Coach 3,Health Coach,Yoga Mat,Home,in_person,scheduled,Parasympathetic evening stretch routine,Confirm facility availability and avoid heavy meals immediately before the session.,"duration, muscle_tightness_score",Replace with breathwork or recovery stretch and avoid stacking intense recovery sessions next day.,Primary activity scheduled.
2026-06-10,17:45,18:30,ACT054,Sauna Session #054,Sauna Session #054,Therapy,54,1,week,45,Health Coach 3,Health Coach,Sauna,Wellness Center,in_person,scheduled,15-20 minutes moderate heat exposure,Confirm facility availability and avoid heavy meals immediately before the session.,"duration, temperature, recovery_score",Replace with breathwork or recovery stretch and avoid stacking intense recovery sessions next day.,Primary activity scheduled.
2026-06-10,18:30,19:15,ACT064,Breathwork #064,Breathwork #064,Therapy,64,1,week,45,Health Coach 3,Health Coach,,Home,in_person,scheduled,Box breathing or physiological sigh protocol,Confirm facility availability and avoid heavy meals immediately before the session.,"duration, stress_score, HRV",Replace with breathwork or recovery stretch and avoid stacking intense recovery sessions next day.,Primary activity scheduled.
2026-06-10,19:15,19:45,ACT069,Guided Meditation #069,Guided Meditation #069,Therapy,69,1,week,30,Health Coach 3,Health Coach,,Home,in_person,scheduled,Mindfulness session with body scan,Confirm facility availability and avoid heavy meals immediately before the session.,"duration, mood_score, sleep_quality",Replace with breathwork or recovery stretch and avoid stacking intense recovery sessions next day.,Primary activity scheduled.
2026-06-11,06:00,07:00,ACT006,Strength Training #006,Strength Training #006,Fitness routine / exercise,6,1,week,60,Fitness Trainer 1,Fitness Trainer,"Dumbbells, Resistance Bands",Gym,in_person,scheduled,Full-body resistance session with controlled tempo,"Wear appropriate training clothes, prepare water, and confirm recovery status.","sets, reps, load, RPE",Reschedule within the same week if possible; otherwise reduce next session intensity by 10%.,Primary activity scheduled.
2026-06-11,07:00,07:45,ACT066,Eye Exercise #066,Eye Exercise #066,Fitness routine / exercise,66,1,week,45,Fitness Trainer 1,Fitness Trainer,,Home,in_person,scheduled,Near-far focus drill and 20-20-20 visual breaks,"Wear appropriate training clothes, prepare water, and confirm recovery status.","duration, eye_strain_score",Reschedule within the same week if possible; otherwise reduce next session intensity by 10%.,Primary activity scheduled.
2026-06-11,07:45,08:45,ACT081,Strength Training #081,Strength Training #081,Fitness routine / exercise,81,1,week,60,Fitness Trainer 1,Fitness Trainer,"Dumbbells, Resistance Bands",Gym,in_person,scheduled,Full-body resistance session with controlled tempo,"Wear appropriate training clothes, prepare water, and confirm recovery status.","sets, reps, load, RPE",Reschedule within the same week if possible; otherwise reduce next session intensity by 10%.,Primary activity scheduled.
2026-06-11,08:45,09:30,ACT084,Cold Plunge #084,Cold Plunge #084,Therapy,84,1,week,45,Self,Self,Cold Plunge,Wellness Center,in_person,scheduled,2-3 minutes controlled cold exposure,Confirm facility availability and avoid heavy meals immediately before the session.,"duration, temperature, stress_score",Replace with breathwork or recovery stretch and avoid stacking intense recovery sessions next day.,Primary activity scheduled.
2026-06-11,09:30,09:45,ACT093,Glucose Monitor Check #093,Glucose Monitor Check #093,Medication consumption,93,1,week,15,Self,Self,Glucose Meter,Home,in_person,scheduled,Record fasting glucose and notes,"Confirm dose, timing, and any meal requirement before taking it.","glucose_mg_dL, fasting_hours",Follow clinician-approved missed-dose guidance and log the missed dose.,Primary activity scheduled.
2026-06-11,09:45,09:55,ACT098,Blood Pressure Reading #098,Blood Pressure Reading #098,Medication consumption,98,1,week,10,Self,Self,Blood Pressure Cuff,Home,in_person,scheduled,Measure seated blood pressure after 5 minutes rest,"Confirm dose, timing, and any meal requirement before taking it.","systolic, diastolic, resting_hr",Follow clinician-approved missed-dose guidance and log the missed dose.,Primary activity scheduled.
2026-06-11,12:00,12:45,ACT087,Hydration Protocol #087,Hydration Protocol #087,Food consumption,87,1,week,45,Self,Self,,Home,in_person,scheduled,Drink 500ml water with electrolytes,Prepare or order the meal according to the assigned nutrition guideline.,"water_ml, electrolyte_serving",Return to the plan at the next meal and note the reason for deviation.,Primary activity scheduled.
2026-06-11,12:45,13:05,ACT097,Fermented Food Serving #097,Fermented Food Serving #097,Food consumption,97,1,week,20,Self,Self,,Home,in_person,scheduled,"Add yogurt, kimchi, kefir, or sauerkraut",Prepare or order the meal according to the assigned nutrition guideline.,"serving_size, GI_comfort_score",Return to the plan at the next meal and note the reason for deviation.,Primary activity scheduled.
2026-06-11,17:00,17:45,ACT019,Guided Meditation #019,Guided Meditation #019,Therapy,19,1,week,45,Health Coach 3,Health Coach,,Home,in_person,scheduled,Mindfulness session with body scan,Confirm facility availability and avoid heavy meals immediately before the session.,"duration, mood_score, sleep_quality",Replace with breathwork or recovery stretch and avoid stacking intense recovery sessions next day.,Primary activity scheduled.
2026-06-11,17:45,18:30,ACT024,Recovery Stretch #024,Recovery Stretch #024,Therapy,24,1,week,45,Health Coach 3,Health Coach,Yoga Mat,Home,in_person,scheduled,Parasympathetic evening stretch routine,Confirm facility availability and avoid heavy meals immediately before the session.,"duration, muscle_tightness_score",Replace with breathwork or recovery stretch and avoid stacking intense recovery sessions next day.,Primary activity scheduled.
2026-06-11,18:30,19:15,ACT039,Breathwork #039,Breathwork #039,Therapy,39,1,week,45,Health Coach 3,Health Coach,,Home,in_person,scheduled,Box breathing or physiological sigh protocol,Confirm facility availability and avoid heavy meals immediately before the session.,"duration, stress_score, HRV",Replace with breathwork or recovery stretch and avoid stacking intense recovery sessions next day.,Primary activity scheduled.
2026-06-11,19:15,19:45,ACT044,Guided Meditation #044,Guided Meditation #044,Therapy,44,1,week,30,Health Coach 3,Health Coach,,Home,in_person,scheduled,Mindfulness session with body scan,Confirm facility availability and avoid heavy meals immediately before the session.,"duration, mood_score, sleep_quality",Replace with breathwork or recovery stretch and avoid stacking intense recovery sessions next day.,Primary activity scheduled.
2026-06-11,19:45,20:30,ACT059,Cold Plunge #059,Cold Plunge #059,Therapy,59,1,week,45,Self,Self,Cold Plunge,Wellness Center,in_person,scheduled,2-3 minutes controlled cold exposure,Confirm facility availability and avoid heavy meals immediately before the session.,"duration, temperature, stress_score",Replace with breathwork or recovery stretch and avoid stacking intense recovery sessions next day.,Primary activity scheduled.
2026-06-11,20:30,21:00,ACT074,Breathwork,Recovery Stretch #074,Therapy,74,1,week,30,Self,Self,,Home,in_person,backup_used,Parasympathetic evening stretch routine,Confirm facility availability and avoid heavy meals immediately before the session.,"duration, muscle_tightness_score",Replace with breathwork or recovery stretch and avoid stacking intense recovery sessions next day.,Primary activity unavailable. Used backup: Breathwork.
2026-06-12,06:00,06:10,ACT003,Omega-3 Supplement #003,Omega-3 Supplement #003,Medication consumption,3,1,week,10,Self,Self,,Home,in_person,scheduled,Take after meal to improve tolerance,"Confirm dose, timing, and any meal requirement before taking it.","dose_mg, adherence",Follow clinician-approved missed-dose guidance and log the missed dose.,Primary activity scheduled.
2026-06-12,06:15,06:25,ACT008,Vitamin D3 #008,Vitamin D3 #008,Medication consumption,8,1,week,10,Self,Self,,Home,in_person,scheduled,Take with fat-containing meal,"Confirm dose, timing, and any meal requirement before taking it.","dose_IU, adherence",Follow clinician-approved missed-dose guidance and log the missed dose.,Primary activity scheduled.
2026-06-12,06:30,07:00,ACT016,Eye Exercise #016,Eye Exercise #016,Fitness routine / exercise,16,1,week,30,Fitness Trainer 1,Fitness Trainer,,Home,in_person,scheduled,Near-far focus drill and 20-20-20 visual breaks,"Wear appropriate training clothes, prepare water, and confirm recovery status.","duration, eye_strain_score",Reschedule within the same week if possible; otherwise reduce next session intensity by 10%.,Primary activity scheduled.
2026-06-12,07:00,07:45,ACT021,Brisk Walk #021,Brisk Walk #021,Fitness routine / exercise,21,1,week,45,Fitness Trainer 1,Fitness Trainer,,Park,in_person,scheduled,Low-intensity walk after meals,"Wear appropriate training clothes, prepare water, and confirm recovery status.","steps, duration, glucose_response",Reschedule within the same week if possible; otherwise reduce next session intensity by 10%.,Primary activity scheduled.
2026-06-12,07:45,08:15,ACT022,Fermented Food Serving #022,Fermented Food Serving #022,Food consumption,22,1,week,30,Self,Self,,Home,in_person,scheduled,"Add yogurt, kimchi, kefir, or sauerkraut",Prepare or order the meal according to the assigned nutrition guideline.,"serving_size, GI_comfort_score",Return to the plan at the next meal and note the reason for deviation.,Primary activity scheduled.
2026-06-12,08:15,08:30,ACT023,Blood Pressure Reading #023,Blood Pressure Reading #023,Medication consumption,23,1,week,15,Self,Self,Blood Pressure Cuff,Home,in_person,scheduled,Measure seated blood pressure after 5 minutes rest,"Confirm dose, timing, and any meal requirement before taking it.","systolic, diastolic, resting_hr",Follow clinician-approved missed-dose guidance and log the missed dose.,Primary activity scheduled.
2026-06-12,08:30,09:00,ACT027,High-Protein Breakfast #027,High-Protein Breakfast #027,Food consumption,27,1,week,30,Self,Self,,Home,in_person,scheduled,Consume 30-40g protein within 2 hours of waking,Prepare or order the meal according to the assigned nutrition guideline.,"protein_g, calories, satiety_score",Return to the plan at the next meal and note the reason for deviation.,Primary activity scheduled.
2026-06-12,09:00,09:10,ACT028,Omega-3 Supplement #028,Omega-3 Supplement #028,Medication consumption,28,1,week,10,Self,Self,,Home,in_person,scheduled,Take after meal to improve tolerance,"Confirm dose, timing, and any meal requirement before taking it.","dose_mg, adherence",Follow clinician-approved missed-dose guidance and log the missed dose.,Primary activity scheduled.
2026-06-12,09:15,09:30,ACT033,Vitamin D3 #033,Vitamin D3 #033,Medication consumption,33,1,week,15,Self,Self,,Home,in_person,scheduled,Take with fat-containing meal,"Confirm dose, timing, and any meal requirement before taking it.","dose_IU, adherence",Follow clinician-approved missed-dose guidance and log the missed dose.,Primary activity scheduled.
2026-06-12,09:30,09:50,ACT037,Hydration Protocol #037,Hydration Protocol #037,Food consumption,37,1,week,20,Self,Self,,Home,in_person,scheduled,Drink 500ml water with electrolytes,Prepare or order the meal according to the assigned nutrition guideline.,"water_ml, electrolyte_serving",Return to the plan at the next meal and note the reason for deviation.,Primary activity scheduled.
2026-06-12,12:00,12:20,ACT007,Mediterranean Lunch #007,Mediterranean Lunch #007,Food consumption,7,1,week,20,Self,Self,,Home,in_person,scheduled,"Vegetables, lean protein, olive oil, and whole grains",Prepare or order the meal according to the assigned nutrition guideline.,"calories, fiber_g, protein_g",Return to the plan at the next meal and note the reason for deviation.,Primary activity scheduled.
2026-06-12,12:30,12:45,ACT038,Magnesium Glycinate #038,Magnesium Glycinate #038,Medication consumption,38,1,week,15,Self,Self,,Home,in_person,scheduled,Take 60 minutes before bedtime,"Confirm dose, timing, and any meal requirement before taking it.","dose_mg, sleep_quality, adherence",Follow clinician-approved missed-dose guidance and log the missed dose.,Primary activity scheduled.
2026-06-12,12:45,13:05,ACT042,Low-Glycemic Dinner #042,Low-Glycemic Dinner #042,Food consumption,42,1,week,20,Self,Self,,Home,in_person,scheduled,Control evening carbohydrate load,Prepare or order the meal according to the assigned nutrition guideline.,"carbs_g, glucose_response, sleep_quality",Return to the plan at the next meal and note the reason for deviation.,Primary activity scheduled.
2026-06-12,13:15,13:25,ACT058,Vitamin D3 #058,Vitamin D3 #058,Medication consumption,58,1,week,10,Self,Self,,Home,in_person,scheduled,Take with fat-containing meal,"Confirm dose, timing, and any meal requirement before taking it.","dose_IU, adherence",Follow clinician-approved missed-dose guidance and log the missed dose.,Primary activity scheduled.
2026-06-12,17:00,17:45,ACT004,Sauna Session #004,Sauna Session #004,Therapy,4,1,week,45,Self,Self,Sauna,Wellness Center,in_person,scheduled,15-20 minutes moderate heat exposure,Confirm facility availability and avoid heavy meals immediately before the session.,"duration, temperature, recovery_score",Replace with breathwork or recovery stretch and avoid stacking intense recovery sessions next day.,Primary activity scheduled.
2026-06-12,17:45,18:30,ACT009,Cold Plunge #009,Cold Plunge #009,Therapy,9,1,week,45,Self,Self,Cold Plunge,Wellness Center,in_person,scheduled,2-3 minutes controlled cold exposure,Confirm facility availability and avoid heavy meals immediately before the session.,"duration, temperature, stress_score",Replace with breathwork or recovery stretch and avoid stacking intense recovery sessions next day.,Primary activity scheduled.
2026-06-12,18:30,18:45,ACT013,Magnesium Glycinate #013,Magnesium Glycinate #013,Medication consumption,13,1,week,15,Self,Self,,Home,in_person,scheduled,Take 60 minutes before bedtime,"Confirm dose, timing, and any meal requirement before taking it.","dose_mg, sleep_quality, adherence",Follow clinician-approved missed-dose guidance and log the missed dose.,Primary activity scheduled.
2026-06-12,18:45,19:15,ACT014,Breathwork #014,Breathwork #014,Therapy,14,1,week,30,Health Coach 3,Health Coach,,Home,in_person,scheduled,Box breathing or physiological sigh protocol,Confirm facility availability and avoid heavy meals immediately before the session.,"duration, stress_score, HRV",Replace with breathwork or recovery stretch and avoid stacking intense recovery sessions next day.,Primary activity scheduled.
2026-06-12,19:15,19:45,ACT017,Low-Glycemic Dinner #017,Low-Glycemic Dinner #017,Food consumption,17,1,week,30,Self,Self,,Home,in_person,scheduled,Control evening carbohydrate load,Prepare or order the meal according to the assigned nutrition guideline.,"carbs_g, glucose_response, sleep_quality",Return to the plan at the next meal and note the reason for deviation.,Primary activity scheduled.
2026-06-12,19:45,20:15,ACT029,Sauna Session #029,Sauna Session #029,Therapy,29,1,week,30,Self,Self,Sauna,Wellness Center,in_person,scheduled,15-20 minutes moderate heat exposure,Confirm facility availability and avoid heavy meals immediately before the session.,"duration, temperature, recovery_score",Replace with breathwork or recovery stretch and avoid stacking intense recovery sessions next day.,Primary activity scheduled.
2026-06-12,20:15,21:00,ACT034,Cold Plunge #034,Cold Plunge #034,Therapy,34,1,week,45,Self,Self,Cold Plunge,Wellness Center,in_person,scheduled,2-3 minutes controlled cold exposure,Confirm facility availability and avoid heavy meals immediately before the session.,"duration, temperature, stress_score",Replace with breathwork or recovery stretch and avoid stacking intense recovery sessions next day.,Primary activity scheduled.
2026-06-13,08:00,08:15,ACT018,Glucose Monitor Check #018,Glucose Monitor Check #018,Medication consumption,18,1,week,15,Self,Self,Glucose Meter,Home,in_person,scheduled,Record fasting glucose and notes,"Confirm dose, timing, and any meal requirement before taking it.","glucose_mg_dL, fasting_hours",Follow clinician-approved missed-dose guidance and log the missed dose.,Primary activity scheduled.
2026-06-13,08:15,09:00,ACT036,Mobility Flow #036,Mobility Flow #036,Fitness routine / exercise,36,1,week,45,Fitness Trainer 1,Fitness Trainer,Yoga Mat,Home,in_person,scheduled,"Hip, ankle, thoracic spine, and shoulder mobility","Wear appropriate training clothes, prepare water, and confirm recovery status.","duration, pain_score, range_of_motion",Reschedule within the same week if possible; otherwise reduce next session intensity by 10%.,Primary activity scheduled.
2026-06-13,09:00,09:15,ACT043,Glucose Monitor Check #043,Glucose Monitor Check #043,Medication consumption,43,1,week,15,Self,Self,Glucose Meter,Home,in_person,scheduled,Record fasting glucose and notes,"Confirm dose, timing, and any meal requirement before taking it.","glucose_mg_dL, fasting_hours",Follow clinician-approved missed-dose guidance and log the missed dose.,Primary activity scheduled.
2026-06-13,09:15,10:00,ACT052,High-Protein Breakfast #052,High-Protein Breakfast #052,Food consumption,52,1,week,45,Self,Self,,Home,in_person,scheduled,Consume 30-40g protein within 2 hours of waking,Prepare or order the meal according to the assigned nutrition guideline.,"protein_g, calories, satiety_score",Return to the plan at the next meal and note the reason for deviation.,Primary activity scheduled.
2026-06-13,10:00,10:10,ACT068,Glucose Monitor Check #068,Glucose Monitor Check #068,Medication consumption,68,1,week,10,Self,Self,Glucose Meter,Home,in_person,scheduled,Record fasting glucose and notes,"Confirm dose, timing, and any meal requirement before taking it.","glucose_mg_dL, fasting_hours",Follow clinician-approved missed-dose guidance and log the missed dose.,Primary activity scheduled.
2026-06-13,10:15,10:25,ACT073,Blood Pressure Reading #073,Blood Pressure Reading #073,Medication consumption,73,1,week,10,Self,Self,Blood Pressure Cuff,Home,in_person,scheduled,Measure seated blood pressure after 5 minutes rest,"Confirm dose, timing, and any meal requirement before taking it.","systolic, diastolic, resting_hr",Follow clinician-approved missed-dose guidance and log the missed dose.,Primary activity scheduled.
2026-06-13,10:30,11:15,ACT077,High-Protein Breakfast #077,High-Protein Breakfast #077,Food consumption,77,1,week,45,Self,Self,,Home,in_person,scheduled,Consume 30-40g protein within 2 hours of waking,Prepare or order the meal according to the assigned nutrition guideline.,"protein_g, calories, satiety_score",Return to the plan at the next meal and note the reason for deviation.,Primary activity scheduled.
2026-06-13,11:15,11:35,ACT082,Mediterranean Lunch #082,Mediterranean Lunch #082,Food consumption,82,1,week,20,Self,Self,,Home,in_person,scheduled,"Vegetables, lean protein, olive oil, and whole grains",Prepare or order the meal according to the assigned nutrition guideline.,"calories, fiber_g, protein_g",Return to the plan at the next meal and note the reason for deviation.,Primary activity scheduled.
2026-06-13,11:45,11:55,ACT083,Vitamin D3 #083,Vitamin D3 #083,Medication consumption,83,1,week,10,Self,Self,,Home,in_person,scheduled,Take with fat-containing meal,"Confirm dose, timing, and any meal requirement before taking it.","dose_IU, adherence",Follow clinician-approved missed-dose guidance and log the missed dose.,Primary activity scheduled.
2026-06-13,14:00,14:30,ACT079,Breathwork,Sauna Session #079,Therapy,79,1,week,30,Self,Self,,Wellness Center,in_person,backup_used,15-20 minutes moderate heat exposure,Confirm facility availability and avoid heavy meals immediately before the session.,"duration, temperature, recovery_score",Replace with breathwork or recovery stretch and avoid stacking intense recovery sessions next day.,Primary activity unavailable. Used backup: Breathwork.
2026-06-13,14:30,14:40,ACT088,Magnesium Glycinate #088,Magnesium Glycinate #088,Medication consumption,88,1,week,10,Self,Self,,Home,in_person,scheduled,Take 60 minutes before bedtime,"Confirm dose, timing, and any meal requirement before taking it.","dose_mg, sleep_quality, adherence",Follow clinician-approved missed-dose guidance and log the missed dose.,Primary activity scheduled.
2026-06-13,14:45,15:15,ACT089,Breathwork,Breathwork #089,Therapy,89,1,week,30,Self,Self,,Home,in_person,backup_used,Box breathing or physiological sigh protocol,Confirm facility availability and avoid heavy meals immediately before the session.,"duration, stress_score, HRV",Replace with breathwork or recovery stretch and avoid stacking intense recovery sessions next day.,Primary activity unavailable. Used backup: Breathwork.
2026-06-13,15:15,16:00,ACT092,Low-Glycemic Dinner #092,Low-Glycemic Dinner #092,Food consumption,92,1,week,45,Self,Self,,Home,in_person,scheduled,Control evening carbohydrate load,Prepare or order the meal according to the assigned nutrition guideline.,"carbs_g, glucose_response, sleep_quality",Return to the plan at the next meal and note the reason for deviation.,Primary activity scheduled.
2026-06-13,16:00,16:30,ACT094,Breathwork,Guided Meditation #094,Therapy,94,1,week,30,Self,Self,,Home,in_person,backup_used,Mindfulness session with body scan,Confirm facility availability and avoid heavy meals immediately before the session.,"duration, mood_score, sleep_quality",Replace with breathwork or recovery stretch and avoid stacking intense recovery sessions next day.,Primary activity unavailable. Used backup: Breathwork.
2026-06-13,17:00,17:45,ACT041,Eye Exercise #041,Eye Exercise #041,Fitness routine / exercise,41,1,week,45,Fitness Trainer 1,Fitness Trainer,,Home,in_person,scheduled,Near-far focus drill and 20-20-20 visual breaks,"Wear appropriate training clothes, prepare water, and confirm recovery status.","duration, eye_strain_score",Reschedule within the same week if possible; otherwise reduce next session intensity by 10%.,Primary activity scheduled.
2026-06-13,17:45,18:30,ACT046,Brisk Walk #046,Brisk Walk #046,Fitness routine / exercise,46,1,week,45,Fitness Trainer 1,Fitness Trainer,,Park,in_person,scheduled,Low-intensity walk after meals,"Wear appropriate training clothes, prepare water, and confirm recovery status.","steps, duration, glucose_response",Reschedule within the same week if possible; otherwise reduce next session intensity by 10%.,Primary activity scheduled.
2026-06-14,08:00,08:45,ACT026,Zone 2 Run #026,Zone 2 Run #026,Fitness routine / exercise,26,1,week,45,Fitness Trainer 1,Fitness Trainer,Treadmill,Park,in_person,scheduled,Maintain heart rate between 120-140 bpm,"Wear appropriate training clothes, prepare water, and confirm recovery status.","heart_rate, duration, perceived_exertion",Reschedule within the same week if possible; otherwise reduce next session intensity by 10%.,Primary activity scheduled.
2026-06-14,08:45,09:45,ACT031,Strength Training #031,Strength Training #031,Fitness routine / exercise,31,2,week,60,Fitness Trainer 1,Fitness Trainer,"Dumbbells, Resistance Bands",Gym,in_person,scheduled,Full-body resistance session with controlled tempo,"Wear appropriate training clothes, prepare water, and confirm recovery status.","sets, reps, load, RPE",Reschedule within the same week if possible; otherwise reduce next session intensity by 10%.,Primary activity scheduled.
2026-06-14,09:45,10:30,ACT056,Strength Training #056,Strength Training #056,Fitness routine / exercise,56,2,week,45,Fitness Trainer 1,Fitness Trainer,"Dumbbells, Resistance Bands",Gym,in_person,scheduled,Full-body resistance session with controlled tempo,"Wear appropriate training clothes, prepare water, and confirm recovery status.","sets, reps, load, RPE",Reschedule within the same week if possible; otherwise reduce next session intensity by 10%.,Primary activity scheduled.
2026-06-14,10:30,11:15,ACT086,Mobility Flow #086,Mobility Flow #086,Fitness routine / exercise,86,1,week,45,Fitness Trainer 1,Fitness Trainer,Yoga Mat,Home,in_person,scheduled,"Hip, ankle, thoracic spine, and shoulder mobility","Wear appropriate training clothes, prepare water, and confirm recovery status.","duration, pain_score, range_of_motion",Reschedule within the same week if possible; otherwise reduce next session intensity by 10%.,Primary activity scheduled.
2026-06-14,17:00,17:45,ACT099,Recovery Stretch #099,Recovery Stretch #099,Therapy,99,1,week,45,Self,Self,Yoga Mat,Home,in_person,scheduled,Parasympathetic evening stretch routine,Confirm facility availability and avoid heavy meals immediately before the session.,"duration, muscle_tightness_score",Replace with breathwork or recovery stretch and avoid stacking intense recovery sessions next day.,Primary activity scheduled.
2026-06-15,06:00,06:20,ACT002,High-Protein Breakfast #002,High-Protein Breakfast #002,Food consumption,2,2,week,20,Self,Self,,Home,in_person,scheduled,Consume 30-40g protein within 2 hours of waking,Prepare or order the meal according to the assigned nutrition guideline.,"protein_g, calories, satiety_score",Return to the plan at the next meal and note the reason for deviation.,Primary activity scheduled.
2026-06-15,06:30,06:50,ACT012,Hydration Protocol #012,Hydration Protocol #012,Food consumption,12,2,week,20,Self,Self,,Home,in_person,scheduled,Drink 500ml water with electrolytes,Prepare or order the meal according to the assigned nutrition guideline.,"water_ml, electrolyte_serving",Return to the plan at the next meal and note the reason for deviation.,Primary activity scheduled.
2026-06-15,07:00,07:20,ACT047,Fermented Food Serving #047,Fermented Food Serving #047,Food consumption,47,2,week,20,Self,Self,,Home,in_person,scheduled,"Add yogurt, kimchi, kefir, or sauerkraut",Prepare or order the meal according to the assigned nutrition guideline.,"serving_size, GI_comfort_score",Return to the plan at the next meal and note the reason for deviation.,Primary activity scheduled.
2026-06-15,07:30,07:45,ACT048,Blood Pressure Reading #048,Blood Pressure Reading #048,Medication consumption,48,2,week,15,Self,Self,Blood Pressure Cuff,Home,in_person,scheduled,Measure seated blood pressure after 5 minutes rest,"Confirm dose, timing, and any meal requirement before taking it.","systolic, diastolic, resting_hr",Follow clinician-approved missed-dose guidance and log the missed dose.,Primary activity scheduled.
2026-06-15,07:45,08:00,ACT053,Omega-3 Supplement #053,Omega-3 Supplement #053,Medication consumption,53,2,week,15,Self,Self,,Home,in_person,scheduled,Take after meal to improve tolerance,"Confirm dose, timing, and any meal requirement before taking it.","dose_mg, adherence",Follow clinician-approved missed-dose guidance and log the missed dose.,Primary activity scheduled.
2026-06-15,08:00,08:45,ACT061,Mobility Flow #061,Mobility Flow #061,Fitness routine / exercise,61,2,week,45,Fitness Trainer 1,Fitness Trainer,Yoga Mat,Home,in_person,scheduled,"Hip, ankle, thoracic spine, and shoulder mobility","Wear appropriate training clothes, prepare water, and confirm recovery status.","duration, pain_score, range_of_motion",Reschedule within the same week if possible; otherwise reduce next session intensity by 10%.,Primary activity scheduled.
2026-06-15,08:45,09:15,ACT062,Hydration Protocol #062,Hydration Protocol #062,Food consumption,62,2,week,30,Self,Self,,Home,in_person,scheduled,Drink 500ml water with electrolytes,Prepare or order the meal according to the assigned nutrition guideline.,"water_ml, electrolyte_serving",Return to the plan at the next meal and note the reason for deviation.,Primary activity scheduled.
2026-06-15,09:15,10:00,ACT072,Fermented Food Serving #072,Fermented Food Serving #072,Food consumption,72,2,week,45,Self,Self,,Home,in_person,scheduled,"Add yogurt, kimchi, kefir, or sauerkraut",Prepare or order the meal according to the assigned nutrition guideline.,"serving_size, GI_comfort_score",Return to the plan at the next meal and note the reason for deviation.,Primary activity scheduled.
2026-06-15,12:00,12:30,ACT032,Mediterranean Lunch #032,Mediterranean Lunch #032,Food consumption,32,2,week,30,Self,Self,,Home,in_person,scheduled,"Vegetables, lean protein, olive oil, and whole grains",Prepare or order the meal according to the assigned nutrition guideline.,"calories, fiber_g, protein_g",Return to the plan at the next meal and note the reason for deviation.,Primary activity scheduled.
2026-06-15,12:30,12:50,ACT057,Mediterranean Lunch #057,Mediterranean Lunch #057,Food consumption,57,2,week,20,Self,Self,,Home,in_person,scheduled,"Vegetables, lean protein, olive oil, and whole grains",Prepare or order the meal according to the assigned nutrition guideline.,"calories, fiber_g, protein_g",Return to the plan at the next meal and note the reason for deviation.,Primary activity scheduled.
2026-06-15,13:00,13:10,ACT078,Omega-3 Supplement #078,Omega-3 Supplement #078,Medication consumption,78,2,week,10,Self,Self,,Home,in_person,scheduled,Take after meal to improve tolerance,"Confirm dose, timing, and any meal requirement before taking it.","dose_mg, adherence",Follow clinician-approved missed-dose guidance and log the missed dose.,Primary activity scheduled.
2026-06-15,17:00,17:15,ACT011,Mobility Flow #011,Mobility Flow #011,Fitness routine / exercise,11,2,week,15,Fitness Trainer 1,Fitness Trainer,Yoga Mat,Home,in_person,scheduled,"Hip, ankle, thoracic spine, and shoulder mobility","Wear appropriate training clothes, prepare water, and confirm recovery status.","duration, pain_score, range_of_motion",Reschedule within the same week if possible; otherwise reduce next session intensity by 10%.,Primary activity scheduled.
2026-06-15,17:15,17:30,ACT063,Magnesium Glycinate #063,Magnesium Glycinate #063,Medication consumption,63,2,week,15,Self,Self,,Home,in_person,scheduled,Take 60 minutes before bedtime,"Confirm dose, timing, and any meal requirement before taking it.","dose_mg, sleep_quality, adherence",Follow clinician-approved missed-dose guidance and log the missed dose.,Primary activity scheduled.
2026-06-15,17:30,18:15,ACT067,Low-Glycemic Dinner #067,Low-Glycemic Dinner #067,Food consumption,67,2,week,45,Self,Self,,Home,in_person,scheduled,Control evening carbohydrate load,Prepare or order the meal according to the assigned nutrition guideline.,"carbs_g, glucose_response, sleep_quality",Return to the plan at the next meal and note the reason for deviation.,Primary activity scheduled.
2026-06-15,18:15,18:30,ACT071,Brisk Walk #071,Brisk Walk #071,Fitness routine / exercise,71,2,week,15,Fitness Trainer 1,Fitness Trainer,,Park,in_person,scheduled,Low-intensity walk after meals,"Wear appropriate training clothes, prepare water, and confirm recovery status.","steps, duration, glucose_response",Reschedule within the same week if possible; otherwise reduce next session intensity by 10%.,Primary activity scheduled.
2026-06-15,18:30,18:45,ACT091,Eye Exercise #091,Eye Exercise #091,Fitness routine / exercise,91,2,week,15,Fitness Trainer 1,Fitness Trainer,,Home,in_person,scheduled,Near-far focus drill and 20-20-20 visual breaks,"Wear appropriate training clothes, prepare water, and confirm recovery status.","duration, eye_strain_score",Reschedule within the same week if possible; otherwise reduce next session intensity by 10%.,Primary activity scheduled.
2026-06-15,18:45,19:00,ACT096,Brisk Walk #096,Brisk Walk #096,Fitness routine / exercise,96,2,week,15,Fitness Trainer 1,Fitness Trainer,,Park,in_person,scheduled,Low-intensity walk after meals,"Wear appropriate training clothes, prepare water, and confirm recovery status.","steps, duration, glucose_response",Reschedule within the same week if possible; otherwise reduce next session intensity by 10%.,Primary activity scheduled.
2026-06-16,06:00,06:20,ACT002,High-Protein Breakfast #002,High-Protein Breakfast #002,Food consumption,2,1,week,20,Self,Self,,Home,in_person,scheduled,Consume 30-40g protein within 2 hours of waking,Prepare or order the meal according to the assigned nutrition guideline.,"protein_g, calories, satiety_score",Return to the plan at the next meal and note the reason for deviation.,Primary activity scheduled.
2026-06-16,06:30,06:50,ACT012,Hydration Protocol #012,Hydration Protocol #012,Food consumption,12,1,week,20,Self,Self,,Home,in_person,scheduled,Drink 500ml water with electrolytes,Prepare or order the meal according to the assigned nutrition guideline.,"water_ml, electrolyte_serving",Return to the plan at the next meal and note the reason for deviation.,Primary activity scheduled.
2026-06-16,07:00,08:00,ACT031,Strength Training #031,Strength Training #031,Fitness routine / exercise,31,1,week,60,Fitness Trainer 1,Fitness Trainer,"Dumbbells, Resistance Bands",Gym,in_person,scheduled,Full-body resistance session with controlled tempo,"Wear appropriate training clothes, prepare water, and confirm recovery status.","sets, reps, load, RPE",Reschedule within the same week if possible; otherwise reduce next session intensity by 10%.,Primary activity scheduled.
2026-06-16,08:00,08:20,ACT047,Fermented Food Serving #047,Fermented Food Serving #047,Food consumption,47,1,week,20,Self,Self,,Home,in_person,scheduled,"Add yogurt, kimchi, kefir, or sauerkraut",Prepare or order the meal according to the assigned nutrition guideline.,"serving_size, GI_comfort_score",Return to the plan at the next meal and note the reason for deviation.,Primary activity scheduled.
2026-06-16,08:30,08:45,ACT048,Blood Pressure Reading #048,Blood Pressure Reading #048,Medication consumption,48,1,week,15,Self,Self,Blood Pressure Cuff,Home,in_person,scheduled,Measure seated blood pressure after 5 minutes rest,"Confirm dose, timing, and any meal requirement before taking it.","systolic, diastolic, resting_hr",Follow clinician-approved missed-dose guidance and log the missed dose.,Primary activity scheduled.
2026-06-16,08:45,09:00,ACT053,Omega-3 Supplement #053,Omega-3 Supplement #053,Medication consumption,53,1,week,15,Self,Self,,Home,in_person,scheduled,Take after meal to improve tolerance,"Confirm dose, timing, and any meal requirement before taking it.","dose_mg, adherence",Follow clinician-approved missed-dose guidance and log the missed dose.,Primary activity scheduled.
2026-06-16,09:00,09:30,ACT062,Hydration Protocol #062,Hydration Protocol #062,Food consumption,62,1,week,30,Self,Self,,Home,in_person,scheduled,Drink 500ml water with electrolytes,Prepare or order the meal according to the assigned nutrition guideline.,"water_ml, electrolyte_serving",Return to the plan at the next meal and note the reason for deviation.,Primary activity scheduled.
2026-06-16,09:30,09:40,ACT078,Omega-3 Supplement #078,Omega-3 Supplement #078,Medication consumption,78,1,week,10,Self,Self,,Home,in_person,scheduled,Take after meal to improve tolerance,"Confirm dose, timing, and any meal requirement before taking it.","dose_mg, adherence",Follow clinician-approved missed-dose guidance and log the missed dose.,Primary activity scheduled.
2026-06-16,12:00,12:30,ACT032,Mediterranean Lunch #032,Mediterranean Lunch #032,Food consumption,32,1,week,30,Self,Self,,Home,in_person,scheduled,"Vegetables, lean protein, olive oil, and whole grains",Prepare or order the meal according to the assigned nutrition guideline.,"calories, fiber_g, protein_g",Return to the plan at the next meal and note the reason for deviation.,Primary activity scheduled.
2026-06-16,12:30,12:50,ACT057,Mediterranean Lunch #057,Mediterranean Lunch #057,Food consumption,57,1,week,20,Self,Self,,Home,in_person,scheduled,"Vegetables, lean protein, olive oil, and whole grains",Prepare or order the meal according to the assigned nutrition guideline.,"calories, fiber_g, protein_g",Return to the plan at the next meal and note the reason for deviation.,Primary activity scheduled.
2026-06-16,17:00,17:15,ACT011,Mobility Flow #011,Mobility Flow #011,Fitness routine / exercise,11,1,week,15,Fitness Trainer 1,Fitness Trainer,Yoga Mat,Home,in_person,scheduled,"Hip, ankle, thoracic spine, and shoulder mobility","Wear appropriate training clothes, prepare water, and confirm recovery status.","duration, pain_score, range_of_motion",Reschedule within the same week if possible; otherwise reduce next session intensity by 10%.,Primary activity scheduled.
2026-06-16,17:15,18:00,ACT056,Strength Training #056,Strength Training #056,Fitness routine / exercise,56,1,week,45,Fitness Trainer 1,Fitness Trainer,"Dumbbells, Resistance Bands",Gym,in_person,scheduled,Full-body resistance session with controlled tempo,"Wear appropriate training clothes, prepare water, and confirm recovery status.","sets, reps, load, RPE",Reschedule within the same week if possible; otherwise reduce next session intensity by 10%.,Primary activity scheduled.
2026-06-16,18:00,18:45,ACT061,Mobility Flow #061,Mobility Flow #061,Fitness routine / exercise,61,1,week,45,Fitness Trainer 1,Fitness Trainer,Yoga Mat,Home,in_person,scheduled,"Hip, ankle, thoracic spine, and shoulder mobility","Wear appropriate training clothes, prepare water, and confirm recovery status.","duration, pain_score, range_of_motion",Reschedule within the same week if possible; otherwise reduce next session intensity by 10%.,Primary activity scheduled.
2026-06-16,18:45,19:00,ACT063,Magnesium Glycinate #063,Magnesium Glycinate #063,Medication consumption,63,1,week,15,Self,Self,,Home,in_person,scheduled,Take 60 minutes before bedtime,"Confirm dose, timing, and any meal requirement before taking it.","dose_mg, sleep_quality, adherence",Follow clinician-approved missed-dose guidance and log the missed dose.,Primary activity scheduled.
2026-06-16,19:00,19:45,ACT067,Low-Glycemic Dinner #067,Low-Glycemic Dinner #067,Food consumption,67,1,week,45,Self,Self,,Home,in_person,scheduled,Control evening carbohydrate load,Prepare or order the meal according to the assigned nutrition guideline.,"carbs_g, glucose_response, sleep_quality",Return to the plan at the next meal and note the reason for deviation.,Primary activity scheduled.
2026-06-16,19:45,20:00,ACT071,Brisk Walk #071,Brisk Walk #071,Fitness routine / exercise,71,1,week,15,Fitness Trainer 1,Fitness Trainer,,Park,in_person,scheduled,Low-intensity walk after meals,"Wear appropriate training clothes, prepare water, and confirm recovery status.","steps, duration, glucose_response",Reschedule within the same week if possible; otherwise reduce next session intensity by 10%.,Primary activity scheduled.
2026-06-16,20:00,20:45,ACT072,Fermented Food Serving #072,Fermented Food Serving #072,Food consumption,72,1,week,45,Self,Self,,Home,in_person,scheduled,"Add yogurt, kimchi, kefir, or sauerkraut",Prepare or order the meal according to the assigned nutrition guideline.,"serving_size, GI_comfort_score",Return to the plan at the next meal and note the reason for deviation.,Primary activity scheduled.
2026-06-17,06:00,06:45,ACT036,Mobility Flow #036,Mobility Flow #036,Fitness routine / exercise,36,1,week,45,Fitness Trainer 1,Fitness Trainer,Yoga Mat,Home,in_person,scheduled,"Hip, ankle, thoracic spine, and shoulder mobility","Wear appropriate training clothes, prepare water, and confirm recovery status.","duration, pain_score, range_of_motion",Reschedule within the same week if possible; otherwise reduce next session intensity by 10%.,Primary activity scheduled.
2026-06-17,06:45,07:30,ACT046,Brisk Walk #046,Brisk Walk #046,Fitness routine / exercise,46,1,week,45,Fitness Trainer 1,Fitness Trainer,,Park,in_person,scheduled,Low-intensity walk after meals,"Wear appropriate training clothes, prepare water, and confirm recovery status.","steps, duration, glucose_response",Reschedule within the same week if possible; otherwise reduce next session intensity by 10%.,Primary activity scheduled.
2026-06-17,07:30,08:30,ACT051,Zone 2 Run #051,Zone 2 Run #051,Fitness routine / exercise,51,1,week,60,Fitness Trainer 1,Fitness Trainer,Treadmill,Park,in_person,scheduled,Maintain heart rate between 120-140 bpm,"Wear appropriate training clothes, prepare water, and confirm recovery status.","heart_rate, duration, perceived_exertion",Reschedule within the same week if possible; otherwise reduce next session intensity by 10%.,Primary activity scheduled.
2026-06-17,08:30,08:45,ACT091,Eye Exercise #091,Eye Exercise #091,Fitness routine / exercise,91,1,week,15,Fitness Trainer 1,Fitness Trainer,,Home,in_person,scheduled,Near-far focus drill and 20-20-20 visual breaks,"Wear appropriate training clothes, prepare water, and confirm recovery status.","duration, eye_strain_score",Reschedule within the same week if possible; otherwise reduce next session intensity by 10%.,Primary activity scheduled.
2026-06-17,08:45,09:00,ACT096,Brisk Walk #096,Brisk Walk #096,Fitness routine / exercise,96,1,week,15,Fitness Trainer 1,Fitness Trainer,,Park,in_person,scheduled,Low-intensity walk after meals,"Wear appropriate training clothes, prepare water, and confirm recovery status.","steps, duration, glucose_response",Reschedule within the same week if possible; otherwise reduce next session intensity by 10%.,Primary activity scheduled.
2026-06-17,09:00,09:10,ACT098,Blood Pressure Reading #098,Blood Pressure Reading #098,Medication consumption,98,1,week,10,Self,Self,Blood Pressure Cuff,Home,in_person,scheduled,Measure seated blood pressure after 5 minutes rest,"Confirm dose, timing, and any meal requirement before taking it.","systolic, diastolic, resting_hr",Follow clinician-approved missed-dose guidance and log the missed dose.,Primary activity scheduled.
2026-06-17,09:15,10:00,ACT099,Recovery Stretch #099,Recovery Stretch #099,Therapy,99,1,week,45,Self,Self,Yoga Mat,Home,in_person,scheduled,Parasympathetic evening stretch routine,Confirm facility availability and avoid heavy meals immediately before the session.,"duration, muscle_tightness_score",Replace with breathwork or recovery stretch and avoid stacking intense recovery sessions next day.,Primary activity scheduled.
2026-06-17,17:00,17:45,ACT039,Breathwork #039,Breathwork #039,Therapy,39,1,week,45,Health Coach 3,Health Coach,,Home,in_person,scheduled,Box breathing or physiological sigh protocol,Confirm facility availability and avoid heavy meals immediately before the session.,"duration, stress_score, HRV",Replace with breathwork or recovery stretch and avoid stacking intense recovery sessions next day.,Primary activity scheduled.
2026-06-17,17:45,18:30,ACT041,Eye Exercise #041,Eye Exercise #041,Fitness routine / exercise,41,1,week,45,Fitness Trainer 1,Fitness Trainer,,Home,in_person,scheduled,Near-far focus drill and 20-20-20 visual breaks,"Wear appropriate training clothes, prepare water, and confirm recovery status.","duration, eye_strain_score",Reschedule within the same week if possible; otherwise reduce next session intensity by 10%.,Primary activity scheduled.
2026-06-17,18:30,19:00,ACT044,Guided Meditation #044,Guided Meditation #044,Therapy,44,1,week,30,Health Coach 3,Health Coach,,Home,in_person,scheduled,Mindfulness session with body scan,Confirm facility availability and avoid heavy meals immediately before the session.,"duration, mood_score, sleep_quality",Replace with breathwork or recovery stretch and avoid stacking intense recovery sessions next day.,Primary activity scheduled.
2026-06-17,19:00,19:45,ACT049,Recovery Stretch #049,Recovery Stretch #049,Therapy,49,1,week,45,Health Coach 3,Health Coach,Yoga Mat,Home,in_person,scheduled,Parasympathetic evening stretch routine,Confirm facility availability and avoid heavy meals immediately before the session.,"duration, muscle_tightness_score",Replace with breathwork or recovery stretch and avoid stacking intense recovery sessions next day.,Primary activity scheduled.
2026-06-17,19:45,20:30,ACT092,Low-Glycemic Dinner #092,Low-Glycemic Dinner #092,Food consumption,92,1,week,45,Self,Self,,Home,in_person,scheduled,Control evening carbohydrate load,Prepare or order the meal according to the assigned nutrition guideline.,"carbs_g, glucose_response, sleep_quality",Return to the plan at the next meal and note the reason for deviation.,Primary activity scheduled.
2026-06-17,20:30,21:00,ACT094,Breathwork,Guided Meditation #094,Therapy,94,1,week,30,Self,Self,,Home,in_person,backup_used,Mindfulness session with body scan,Confirm facility availability and avoid heavy meals immediately before the session.,"duration, mood_score, sleep_quality",Replace with breathwork or recovery stretch and avoid stacking intense recovery sessions next day.,Primary activity unavailable. Used backup: Breathwork.
2026-06-18,06:00,06:45,ACT052,High-Protein Breakfast #052,High-Protein Breakfast #052,Food consumption,52,1,week,45,Self,Self,,Home,in_person,scheduled,Consume 30-40g protein within 2 hours of waking,Prepare or order the meal according to the assigned nutrition guideline.,"protein_g, calories, satiety_score",Return to the plan at the next meal and note the reason for deviation.,Primary activity scheduled.
2026-06-18,06:45,06:55,ACT058,Vitamin D3 #058,Vitamin D3 #058,Medication consumption,58,1,week,10,Self,Self,,Home,in_person,scheduled,Take with fat-containing meal,"Confirm dose, timing, and any meal requirement before taking it.","dose_IU, adherence",Follow clinician-approved missed-dose guidance and log the missed dose.,Primary activity scheduled.
2026-06-18,07:00,07:10,ACT068,Glucose Monitor Check #068,Glucose Monitor Check #068,Medication consumption,68,1,week,10,Self,Self,Glucose Meter,Home,in_person,scheduled,Record fasting glucose and notes,"Confirm dose, timing, and any meal requirement before taking it.","glucose_mg_dL, fasting_hours",Follow clinician-approved missed-dose guidance and log the missed dose.,Primary activity scheduled.
2026-06-18,07:15,07:25,ACT073,Blood Pressure Reading #073,Blood Pressure Reading #073,Medication consumption,73,1,week,10,Self,Self,Blood Pressure Cuff,Home,in_person,scheduled,Measure seated blood pressure after 5 minutes rest,"Confirm dose, timing, and any meal requirement before taking it.","systolic, diastolic, resting_hr",Follow clinician-approved missed-dose guidance and log the missed dose.,Primary activity scheduled.
2026-06-18,07:30,08:15,ACT077,High-Protein Breakfast #077,High-Protein Breakfast #077,Food consumption,77,1,week,45,Self,Self,,Home,in_person,scheduled,Consume 30-40g protein within 2 hours of waking,Prepare or order the meal according to the assigned nutrition guideline.,"protein_g, calories, satiety_score",Return to the plan at the next meal and note the reason for deviation.,Primary activity scheduled.
2026-06-18,08:15,08:45,ACT081,Brisk Walk,Strength Training #081,Fitness routine / exercise,81,1,week,30,Self,Self,,Gym,in_person,backup_used,Full-body resistance session with controlled tempo,"Wear appropriate training clothes, prepare water, and confirm recovery status.","sets, reps, load, RPE",Reschedule within the same week if possible; otherwise reduce next session intensity by 10%.,Primary activity unavailable. Used backup: Brisk Walk.
2026-06-18,08:45,08:55,ACT083,Vitamin D3 #083,Vitamin D3 #083,Medication consumption,83,1,week,10,Self,Self,,Home,in_person,scheduled,Take with fat-containing meal,"Confirm dose, timing, and any meal requirement before taking it.","dose_IU, adherence",Follow clinician-approved missed-dose guidance and log the missed dose.,Primary activity scheduled.
2026-06-18,09:00,09:45,ACT084,Cold Plunge #084,Cold Plunge #084,Therapy,84,1,week,45,Self,Self,Cold Plunge,Wellness Center,in_person,scheduled,2-3 minutes controlled cold exposure,Confirm facility availability and avoid heavy meals immediately before the session.,"duration, temperature, stress_score",Replace with breathwork or recovery stretch and avoid stacking intense recovery sessions next day.,Primary activity scheduled.
2026-06-18,09:45,09:55,ACT088,Magnesium Glycinate #088,Magnesium Glycinate #088,Medication consumption,88,1,week,10,Self,Self,,Home,in_person,scheduled,Take 60 minutes before bedtime,"Confirm dose, timing, and any meal requirement before taking it.","dose_mg, sleep_quality, adherence",Follow clinician-approved missed-dose guidance and log the missed dose.,Primary activity scheduled.
2026-06-18,12:00,12:20,ACT082,Mediterranean Lunch #082,Mediterranean Lunch #082,Food consumption,82,1,week,20,Self,Self,,Home,in_person,scheduled,"Vegetables, lean protein, olive oil, and whole grains",Prepare or order the meal according to the assigned nutrition guideline.,"calories, fiber_g, protein_g",Return to the plan at the next meal and note the reason for deviation.,Primary activity scheduled.
2026-06-18,12:30,13:00,ACT086,Brisk Walk,Mobility Flow #086,Fitness routine / exercise,86,1,week,30,Self,Self,,Home,in_person,backup_used,"Hip, ankle, thoracic spine, and shoulder mobility","Wear appropriate training clothes, prepare water, and confirm recovery status.","duration, pain_score, range_of_motion",Reschedule within the same week if possible; otherwise reduce next session intensity by 10%.,Primary activity unavailable. Used backup: Brisk Walk.
2026-06-18,13:00,13:30,ACT089,Breathwork,Breathwork #089,Therapy,89,1,week,30,Self,Self,,Home,in_person,backup_used,Box breathing or physiological sigh protocol,Confirm facility availability and avoid heavy meals immediately before the session.,"duration, stress_score, HRV",Replace with breathwork or recovery stretch and avoid stacking intense recovery sessions next day.,Primary activity unavailable. Used backup: Breathwork.
2026-06-18,17:00,17:45,ACT009,Cold Plunge #009,Cold Plunge #009,Therapy,9,1,week,45,Self,Self,Cold Plunge,Wellness Center,in_person,scheduled,2-3 minutes controlled cold exposure,Confirm facility availability and avoid heavy meals immediately before the session.,"duration, temperature, stress_score",Replace with breathwork or recovery stretch and avoid stacking intense recovery sessions next day.,Primary activity scheduled.
2026-06-18,17:45,18:30,ACT021,Brisk Walk #021,Brisk Walk #021,Fitness routine / exercise,21,1,week,45,Fitness Trainer 1,Fitness Trainer,,Park,in_person,scheduled,Low-intensity walk after meals,"Wear appropriate training clothes, prepare water, and confirm recovery status.","steps, duration, glucose_response",Reschedule within the same week if possible; otherwise reduce next session intensity by 10%.,Primary activity scheduled.
2026-06-18,18:30,19:15,ACT024,Recovery Stretch #024,Recovery Stretch #024,Therapy,24,1,week,45,Health Coach 3,Health Coach,Yoga Mat,Home,in_person,scheduled,Parasympathetic evening stretch routine,Confirm facility availability and avoid heavy meals immediately before the session.,"duration, muscle_tightness_score",Replace with breathwork or recovery stretch and avoid stacking intense recovery sessions next day.,Primary activity scheduled.
2026-06-18,19:15,20:00,ACT026,Zone 2 Run #026,Zone 2 Run #026,Fitness routine / exercise,26,1,week,45,Fitness Trainer 1,Fitness Trainer,Treadmill,Park,in_person,scheduled,Maintain heart rate between 120-140 bpm,"Wear appropriate training clothes, prepare water, and confirm recovery status.","heart_rate, duration, perceived_exertion",Reschedule within the same week if possible; otherwise reduce next session intensity by 10%.,Primary activity scheduled.
2026-06-18,20:00,20:20,ACT042,Low-Glycemic Dinner #042,Low-Glycemic Dinner #042,Food consumption,42,1,week,20,Self,Self,,Home,in_person,scheduled,Control evening carbohydrate load,Prepare or order the meal according to the assigned nutrition guideline.,"carbs_g, glucose_response, sleep_quality",Return to the plan at the next meal and note the reason for deviation.,Primary activity scheduled.
2026-06-18,20:30,21:00,ACT054,Breathwork,Sauna Session #054,Therapy,54,1,week,30,Self,Self,,Wellness Center,in_person,backup_used,15-20 minutes moderate heat exposure,Confirm facility availability and avoid heavy meals immediately before the session.,"duration, temperature, recovery_score",Replace with breathwork or recovery stretch and avoid stacking intense recovery sessions next day.,Primary activity unavailable. Used backup: Breathwork.
2026-06-19,06:00,06:45,ACT001,Zone 2 Run #001,Zone 2 Run #001,Fitness routine / exercise,1,1,week,45,Fitness Trainer 1,Fitness Trainer,Treadmill,Park,in_person,scheduled,Maintain heart rate between 120-140 bpm,"Wear appropriate training clothes, prepare water, and confirm recovery status.","heart_rate, duration, perceived_exertion",Reschedule within the same week if possible; otherwise reduce next session intensity by 10%.,Primary activity scheduled.
2026-06-19,06:45,06:55,ACT003,Omega-3 Supplement #003,Omega-3 Supplement #003,Medication consumption,3,1,week,10,Self,Self,,Home,in_person,scheduled,Take after meal to improve tolerance,"Confirm dose, timing, and any meal requirement before taking it.","dose_mg, adherence",Follow clinician-approved missed-dose guidance and log the missed dose.,Primary activity scheduled.
2026-06-19,07:00,08:00,ACT006,Strength Training #006,Strength Training #006,Fitness routine / exercise,6,1,week,60,Fitness Trainer 1,Fitness Trainer,"Dumbbells, Resistance Bands",Gym,in_person,scheduled,Full-body resistance session with controlled tempo,"Wear appropriate training clothes, prepare water, and confirm recovery status.","sets, reps, load, RPE",Reschedule within the same week if possible; otherwise reduce next session intensity by 10%.,Primary activity scheduled.
2026-06-19,08:00,08:10,ACT008,Vitamin D3 #008,Vitamin D3 #008,Medication consumption,8,1,week,10,Self,Self,,Home,in_person,scheduled,Take with fat-containing meal,"Confirm dose, timing, and any meal requirement before taking it.","dose_IU, adherence",Follow clinician-approved missed-dose guidance and log the missed dose.,Primary activity scheduled.
2026-06-19,08:15,08:45,ACT016,Eye Exercise #016,Eye Exercise #016,Fitness routine / exercise,16,1,week,30,Fitness Trainer 1,Fitness Trainer,,Home,in_person,scheduled,Near-far focus drill and 20-20-20 visual breaks,"Wear appropriate training clothes, prepare water, and confirm recovery status.","duration, eye_strain_score",Reschedule within the same week if possible; otherwise reduce next session intensity by 10%.,Primary activity scheduled.
2026-06-19,08:45,09:00,ACT018,Glucose Monitor Check #018,Glucose Monitor Check #018,Medication consumption,18,1,week,15,Self,Self,Glucose Meter,Home,in_person,scheduled,Record fasting glucose and notes,"Confirm dose, timing, and any meal requirement before taking it.","glucose_mg_dL, fasting_hours",Follow clinician-approved missed-dose guidance and log the missed dose.,Primary activity scheduled.
2026-06-19,09:00,09:30,ACT022,Fermented Food Serving #022,Fermented Food Serving #022,Food consumption,22,1,week,30,Self,Self,,Home,in_person,scheduled,"Add yogurt, kimchi, kefir, or sauerkraut",Prepare or order the meal according to the assigned nutrition guideline.,"serving_size, GI_comfort_score",Return to the plan at the next meal and note the reason for deviation.,Primary activity scheduled.
2026-06-19,09:30,09:45,ACT023,Blood Pressure Reading #023,Blood Pressure Reading #023,Medication consumption,23,1,week,15,Self,Self,Blood Pressure Cuff,Home,in_person,scheduled,Measure seated blood pressure after 5 minutes rest,"Confirm dose, timing, and any meal requirement before taking it.","systolic, diastolic, resting_hr",Follow clinician-approved missed-dose guidance and log the missed dose.,Primary activity scheduled.
2026-06-19,09:45,09:55,ACT028,Omega-3 Supplement #028,Omega-3 Supplement #028,Medication consumption,28,1,week,10,Self,Self,,Home,in_person,scheduled,Take after meal to improve tolerance,"Confirm dose, timing, and any meal requirement before taking it.","dose_mg, adherence",Follow clinician-approved missed-dose guidance and log the missed dose.,Primary activity scheduled.
2026-06-19,12:00,12:20,ACT007,Mediterranean Lunch #007,Mediterranean Lunch #007,Food consumption,7,1,week,20,Self,Self,,Home,in_person,scheduled,"Vegetables, lean protein, olive oil, and whole grains",Prepare or order the meal according to the assigned nutrition guideline.,"calories, fiber_g, protein_g",Return to the plan at the next meal and note the reason for deviation.,Primary activity scheduled.
2026-06-19,12:30,13:00,ACT027,High-Protein Breakfast #027,High-Protein Breakfast #027,Food consumption,27,1,week,30,Self,Self,,Home,in_person,scheduled,Consume 30-40g protein within 2 hours of waking,Prepare or order the meal according to the assigned nutrition guideline.,"protein_g, calories, satiety_score",Return to the plan at the next meal and note the reason for deviation.,Primary activity scheduled.
2026-06-19,13:00,13:15,ACT033,Vitamin D3 #033,Vitamin D3 #033,Medication consumption,33,1,week,15,Self,Self,,Home,in_person,scheduled,Take with fat-containing meal,"Confirm dose, timing, and any meal requirement before taking it.","dose_IU, adherence",Follow clinician-approved missed-dose guidance and log the missed dose.,Primary activity scheduled.
2026-06-19,13:15,13:30,ACT043,Glucose Monitor Check #043,Glucose Monitor Check #043,Medication consumption,43,1,week,15,Self,Self,Glucose Meter,Home,in_person,scheduled,Record fasting glucose and notes,"Confirm dose, timing, and any meal requirement before taking it.","glucose_mg_dL, fasting_hours",Follow clinician-approved missed-dose guidance and log the missed dose.,Primary activity scheduled.
2026-06-19,17:00,17:45,ACT004,Sauna Session #004,Sauna Session #004,Therapy,4,1,week,45,Self,Self,Sauna,Wellness Center,in_person,scheduled,15-20 minutes moderate heat exposure,Confirm facility availability and avoid heavy meals immediately before the session.,"duration, temperature, recovery_score",Replace with breathwork or recovery stretch and avoid stacking intense recovery sessions next day.,Primary activity scheduled.
2026-06-19,17:45,18:00,ACT013,Magnesium Glycinate #013,Magnesium Glycinate #013,Medication consumption,13,1,week,15,Self,Self,,Home,in_person,scheduled,Take 60 minutes before bedtime,"Confirm dose, timing, and any meal requirement before taking it.","dose_mg, sleep_quality, adherence",Follow clinician-approved missed-dose guidance and log the missed dose.,Primary activity scheduled.
2026-06-19,18:00,18:30,ACT014,Breathwork #014,Breathwork #014,Therapy,14,1,week,30,Health Coach 3,Health Coach,,Home,in_person,scheduled,Box breathing or physiological sigh protocol,Confirm facility availability and avoid heavy meals immediately before the session.,"duration, stress_score, HRV",Replace with breathwork or recovery stretch and avoid stacking intense recovery sessions next day.,Primary activity scheduled.
2026-06-19,18:30,19:00,ACT017,Low-Glycemic Dinner #017,Low-Glycemic Dinner #017,Food consumption,17,1,week,30,Self,Self,,Home,in_person,scheduled,Control evening carbohydrate load,Prepare or order the meal according to the assigned nutrition guideline.,"carbs_g, glucose_response, sleep_quality",Return to the plan at the next meal and note the reason for deviation.,Primary activity scheduled.
2026-06-19,19:00,19:45,ACT019,Guided Meditation #019,Guided Meditation #019,Therapy,19,1,week,45,Health Coach 3,Health Coach,,Home,in_person,scheduled,Mindfulness session with body scan,Confirm facility availability and avoid heavy meals immediately before the session.,"duration, mood_score, sleep_quality",Replace with breathwork or recovery stretch and avoid stacking intense recovery sessions next day.,Primary activity scheduled.
2026-06-19,19:45,20:15,ACT029,Sauna Session #029,Sauna Session #029,Therapy,29,1,week,30,Self,Self,Sauna,Wellness Center,in_person,scheduled,15-20 minutes moderate heat exposure,Confirm facility availability and avoid heavy meals immediately before the session.,"duration, temperature, recovery_score",Replace with breathwork or recovery stretch and avoid stacking intense recovery sessions next day.,Primary activity scheduled.
2026-06-19,20:15,20:35,ACT037,Hydration Protocol #037,Hydration Protocol #037,Food consumption,37,1,week,20,Self,Self,,Home,in_person,scheduled,Drink 500ml water with electrolytes,Prepare or order the meal according to the assigned nutrition guideline.,"water_ml, electrolyte_serving",Return to the plan at the next meal and note the reason for deviation.,Primary activity scheduled.
2026-06-19,20:45,21:00,ACT038,Magnesium Glycinate #038,Magnesium Glycinate #038,Medication consumption,38,1,week,15,Self,Self,,Home,in_person,scheduled,Take 60 minutes before bedtime,"Confirm dose, timing, and any meal requirement before taking it.","dose_mg, sleep_quality, adherence",Follow clinician-approved missed-dose guidance and log the missed dose.,Primary activity scheduled.
2026-06-20,08:00,09:00,ACT005,Fitness Coaching Check-in #005,Fitness Coaching Check-in #005,Consultation,5,1,month,60,Fitness Trainer 1,Fitness Trainer,,Gym,in_person,scheduled,"Review training load, soreness, and next progression","Prepare recent logs, wearable data, questions, and any relevant lab results.","training_load, soreness, adherence",Use the earliest remote or in-person follow-up slot and share logs asynchronously.,Primary activity scheduled.
2026-06-20,09:00,09:30,ACT015,Physiotherapy Review #015,Physiotherapy Review #015,Consultation,15,1,month,30,Physiotherapist 2,Physiotherapist,Yoga Mat,Clinic,in_person,scheduled,Assess mobility limitation and exercise form,"Prepare recent logs, wearable data, questions, and any relevant lab results.","pain_score, range_of_motion, exercise_tolerance",Use the earliest remote or in-person follow-up slot and share logs asynchronously.,Primary activity scheduled.
2026-06-20,09:30,10:30,ACT040,Physiotherapy Review #040,Physiotherapy Review #040,Consultation,40,1,month,60,Physiotherapist 2,Physiotherapist,Yoga Mat,Clinic,in_person,scheduled,Assess mobility limitation and exercise form,"Prepare recent logs, wearable data, questions, and any relevant lab results.","pain_score, range_of_motion, exercise_tolerance",Use the earliest remote or in-person follow-up slot and share logs asynchronously.,Primary activity scheduled.
2026-06-20,10:30,11:00,ACT065,Physiotherapy Review #065,Physiotherapy Review #065,Consultation,65,1,month,30,Physiotherapist 2,Physiotherapist,Yoga Mat,Clinic,in_person,scheduled,Assess mobility limitation and exercise form,"Prepare recent logs, wearable data, questions, and any relevant lab results.","pain_score, range_of_motion, exercise_tolerance",Use the earliest remote or in-person follow-up slot and share logs asynchronously.,Primary activity scheduled.
2026-06-20,11:00,11:30,ACT020,Remote Check-in,Physician Follow-up #020,Consultation,20,1,month,30,Self,Self,,Clinic,in_person,backup_used,Review biomarkers and medication tolerance,"Prepare recent logs, wearable data, questions, and any relevant lab results.","blood_markers, symptoms, adherence",Use the earliest remote or in-person follow-up slot and share logs asynchronously.,Primary activity unavailable. Used backup: Remote Check-in.
2026-06-20,11:30,12:00,ACT035,Remote Check-in,Dietitian Consultation #035,Consultation,35,1,month,30,Self,Self,,Clinic,in_person,backup_used,Review food log and adjust macro targets,"Prepare recent logs, wearable data, questions, and any relevant lab results.","protein_g, fiber_g, weight_trend",Use the earliest remote or in-person follow-up slot and share logs asynchronously.,Primary activity unavailable. Used backup: Remote Check-in.
2026-06-20,14:00,14:30,ACT045,Remote Check-in,Physician Follow-up #045,Consultation,45,1,month,30,Self,Self,,Clinic,in_person,backup_used,Review biomarkers and medication tolerance,"Prepare recent logs, wearable data, questions, and any relevant lab results.","blood_markers, symptoms, adherence",Use the earliest remote or in-person follow-up slot and share logs asynchronously.,Primary activity unavailable. Used backup: Remote Check-in.
2026-06-20,14:30,15:00,ACT060,Remote Check-in,Dietitian Consultation #060,Consultation,60,1,month,30,Self,Self,,Clinic,in_person,backup_used,Review food log and adjust macro targets,"Prepare recent logs, wearable data, questions, and any relevant lab results.","protein_g, fiber_g, weight_trend",Use the earliest remote or in-person follow-up slot and share logs asynchronously.,Primary activity unavailable. Used backup: Remote Check-in.
2026-06-20,15:00,15:30,ACT070,Remote Check-in,Physician Follow-up #070,Consultation,70,1,month,30,Self,Self,,Clinic,in_person,backup_used,Review biomarkers and medication tolerance,"Prepare recent logs, wearable data, questions, and any relevant lab results.","blood_markers, symptoms, adherence",Use the earliest remote or in-person follow-up slot and share logs asynchronously.,Primary activity unavailable. Used backup: Remote Check-in.
2026-06-20,15:30,16:00,ACT079,Breathwork,Sauna Session #079,Therapy,79,1,week,30,Self,Self,,Wellness Center,in_person,backup_used,15-20 minutes moderate heat exposure,Confirm facility availability and avoid heavy meals immediately before the session.,"duration, temperature, recovery_score",Replace with breathwork or recovery stretch and avoid stacking intense recovery sessions next day.,Primary activity unavailable. Used backup: Breathwork.
2026-06-20,16:00,16:45,ACT034,Cold Plunge #034,Cold Plunge #034,Therapy,34,1,week,45,Self,Self,Cold Plunge,Wellness Center,in_person,scheduled,2-3 minutes controlled cold exposure,Confirm facility availability and avoid heavy meals immediately before the session.,"duration, temperature, stress_score",Replace with breathwork or recovery stretch and avoid stacking intense recovery sessions next day.,Primary activity scheduled.
2026-06-20,16:45,17:30,ACT059,Cold Plunge #059,Cold Plunge #059,Therapy,59,1,week,45,Self,Self,Cold Plunge,Wellness Center,in_person,scheduled,2-3 minutes controlled cold exposure,Confirm facility availability and avoid heavy meals immediately before the session.,"duration, temperature, stress_score",Replace with breathwork or recovery stretch and avoid stacking intense recovery sessions next day.,Primary activity scheduled.
2026-06-20,17:30,18:00,ACT074,Breathwork,Recovery Stretch #074,Therapy,74,1,week,30,Self,Self,,Home,in_person,backup_used,Parasympathetic evening stretch routine,Confirm facility availability and avoid heavy meals immediately before the session.,"duration, muscle_tightness_score",Replace with breathwork or recovery stretch and avoid stacking intense recovery sessions next day.,Primary activity unavailable. Used backup: Breathwork.
2026-06-20,18:00,18:30,ACT076,Brisk Walk,Zone 2 Run #076,Fitness routine / exercise,76,1,week,30,Self,Self,,Park,in_person,backup_used,Maintain heart rate between 120-140 bpm,"Wear appropriate training clothes, prepare water, and confirm recovery status.","heart_rate, duration, perceived_exertion",Reschedule within the same week if possible; otherwise reduce next session intensity by 10%.,Primary activity unavailable. Used backup: Brisk Walk.
2026-06-21,08:00,08:45,ACT055,Fitness Coaching Check-in #055,Fitness Coaching Check-in #055,Consultation,55,1,month,45,Fitness Trainer 1,Fitness Trainer,,Online,remote,scheduled,"Review training load, soreness, and next progression","Prepare recent logs, wearable data, questions, and any relevant lab results.","training_load, soreness, adherence",Use the earliest remote or in-person follow-up slot and share logs asynchronously.,Primary activity scheduled.
2026-06-21,08:45,09:00,ACT091,Eye Exercise #091,Eye Exercise #091,Fitness routine / exercise,91,2,week,15,Fitness Trainer 1,Fitness Trainer,,Online,remote,scheduled,Near-far focus drill and 20-20-20 visual breaks,"Wear appropriate training clothes, prepare water, and confirm recovery status.","duration, eye_strain_score",Reschedule within the same week if possible; otherwise reduce next session intensity by 10%.,Primary activity scheduled.
2026-06-21,09:00,09:45,ACT064,Breathwork #064,Breathwork #064,Therapy,64,1,week,45,Health Coach 3,Health Coach,,Online,remote,scheduled,Box breathing or physiological sigh protocol,Confirm facility availability and avoid heavy meals immediately before the session.,"duration, stress_score, HRV",Replace with breathwork or recovery stretch and avoid stacking intense recovery sessions next day.,Primary activity scheduled.
2026-06-21,09:45,10:30,ACT066,Eye Exercise #066,Eye Exercise #066,Fitness routine / exercise,66,1,week,45,Fitness Trainer 1,Fitness Trainer,,Online,remote,scheduled,Near-far focus drill and 20-20-20 visual breaks,"Wear appropriate training clothes, prepare water, and confirm recovery status.","duration, eye_strain_score",Reschedule within the same week if possible; otherwise reduce next session intensity by 10%.,Primary activity scheduled.
2026-06-21,10:30,11:00,ACT069,Guided Meditation #069,Guided Meditation #069,Therapy,69,1,week,30,Health Coach 3,Health Coach,,Online,remote,scheduled,Mindfulness session with body scan,Confirm facility availability and avoid heavy meals immediately before the session.,"duration, mood_score, sleep_quality",Replace with breathwork or recovery stretch and avoid stacking intense recovery sessions next day.,Primary activity scheduled.
2026-06-21,11:00,11:45,ACT030,Fitness Coaching Check-in #030,Fitness Coaching Check-in #030,Consultation,30,1,month,45,Fitness Trainer 1,Fitness Trainer,,Online,remote,scheduled,"Review training load, soreness, and next progression","Prepare recent logs, wearable data, questions, and any relevant lab results.","training_load, soreness, adherence",Use the earliest remote or in-person follow-up slot and share logs asynchronously.,Primary activity scheduled.
2026-06-21,11:45,12:00,ACT093,Glucose Monitor Check #093,Glucose Monitor Check #093,Medication consumption,93,1,week,15,Self,Self,Glucose Meter,Online,remote,scheduled,Record fasting glucose and notes,"Confirm dose, timing, and any meal requirement before taking it.","glucose_mg_dL, fasting_hours",Follow clinician-approved missed-dose guidance and log the missed dose.,Primary activity scheduled.
2026-06-21,14:00,14:30,ACT080,Remote Check-in,Fitness Coaching Check-in #080,Consultation,80,1,month,30,Self,Self,,Online,remote,backup_used,"Review training load, soreness, and next progression","Prepare recent logs, wearable data, questions, and any relevant lab results.","training_load, soreness, adherence",Use the earliest remote or in-person follow-up slot and share logs asynchronously.,Primary activity unavailable. Used backup: Remote Check-in.
2026-06-21,14:30,15:00,ACT085,Remote Check-in,Dietitian Consultation #085,Consultation,85,1,month,30,Self,Self,,Online,remote,backup_used,Review food log and adjust macro targets,"Prepare recent logs, wearable data, questions, and any relevant lab results.","protein_g, fiber_g, weight_trend",Use the earliest remote or in-person follow-up slot and share logs asynchronously.,Primary activity unavailable. Used backup: Remote Check-in.
2026-06-21,15:00,15:30,ACT090,Remote Check-in,Physiotherapy Review #090,Consultation,90,1,month,30,Self,Self,,Online,remote,backup_used,Assess mobility limitation and exercise form,"Prepare recent logs, wearable data, questions, and any relevant lab results.","pain_score, range_of_motion, exercise_tolerance",Use the earliest remote or in-person follow-up slot and share logs asynchronously.,Primary activity unavailable. Used backup: Remote Check-in.
2026-06-21,15:30,16:00,ACT095,Remote Check-in,Physician Follow-up #095,Consultation,95,1,month,30,Self,Self,,Online,remote,backup_used,Review biomarkers and medication tolerance,"Prepare recent logs, wearable data, questions, and any relevant lab results.","blood_markers, symptoms, adherence",Use the earliest remote or in-person follow-up slot and share logs asynchronously.,Primary activity unavailable. Used backup: Remote Check-in.
2026-06-21,17:00,17:45,ACT087,Hydration Protocol #087,Hydration Protocol #087,Food consumption,87,1,week,45,Self,Self,,Online,remote,scheduled,Drink 500ml water with electrolytes,Prepare or order the meal according to the assigned nutrition guideline.,"water_ml, electrolyte_serving",Return to the plan at the next meal and note the reason for deviation.,Primary activity scheduled.
2026-06-21,17:45,18:05,ACT097,Fermented Food Serving #097,Fermented Food Serving #097,Food consumption,97,1,week,20,Self,Self,,Online,remote,scheduled,"Add yogurt, kimchi, kefir, or sauerkraut",Prepare or order the meal according to the assigned nutrition guideline.,"serving_size, GI_comfort_score",Return to the plan at the next meal and note the reason for deviation.,Primary activity scheduled.
2026-06-22,06:00,06:20,ACT002,High-Protein Breakfast #002,High-Protein Breakfast #002,Food consumption,2,2,week,20,Self,Self,,Online,remote,scheduled,Consume 30-40g protein within 2 hours of waking,Prepare or order the meal according to the assigned nutrition guideline.,"protein_g, calories, satiety_score",Return to the plan at the next meal and note the reason for deviation.,Primary activity scheduled.
2026-06-22,06:30,06:50,ACT012,Hydration Protocol #012,Hydration Protocol #012,Food consumption,12,2,week,20,Self,Self,,Online,remote,scheduled,Drink 500ml water with electrolytes,Prepare or order the meal according to the assigned nutrition guideline.,"water_ml, electrolyte_serving",Return to the plan at the next meal and note the reason for deviation.,Primary activity scheduled.
2026-06-22,07:00,07:20,ACT047,Fermented Food Serving #047,Fermented Food Serving #047,Food consumption,47,2,week,20,Self,Self,,Online,remote,scheduled,"Add yogurt, kimchi, kefir, or sauerkraut",Prepare or order the meal according to the assigned nutrition guideline.,"serving_size, GI_comfort_score",Return to the plan at the next meal and note the reason for deviation.,Primary activity scheduled.
2026-06-22,07:30,07:45,ACT048,Blood Pressure Reading #048,Blood Pressure Reading #048,Medication consumption,48,2,week,15,Self,Self,Blood Pressure Cuff,Online,remote,scheduled,Measure seated blood pressure after 5 minutes rest,"Confirm dose, timing, and any meal requirement before taking it.","systolic, diastolic, resting_hr",Follow clinician-approved missed-dose guidance and log the missed dose.,Primary activity scheduled.
2026-06-22,07:45,08:00,ACT053,Omega-3 Supplement #053,Omega-3 Supplement #053,Medication consumption,53,2,week,15,Self,Self,,Online,remote,scheduled,Take after meal to improve tolerance,"Confirm dose, timing, and any meal requirement before taking it.","dose_mg, adherence",Follow clinician-approved missed-dose guidance and log the missed dose.,Primary activity scheduled.
2026-06-22,08:00,08:30,ACT061,Brisk Walk,Mobility Flow #061,Fitness routine / exercise,61,2,week,30,Self,Self,,Online,remote,backup_used,"Hip, ankle, thoracic spine, and shoulder mobility","Wear appropriate training clothes, prepare water, and confirm recovery status.","duration, pain_score, range_of_motion",Reschedule within the same week if possible; otherwise reduce next session intensity by 10%.,Primary activity unavailable. Used backup: Brisk Walk.
2026-06-22,08:30,09:00,ACT062,Hydration Protocol #062,Hydration Protocol #062,Food consumption,62,2,week,30,Self,Self,,Online,remote,scheduled,Drink 500ml water with electrolytes,Prepare or order the meal according to the assigned nutrition guideline.,"water_ml, electrolyte_serving",Return to the plan at the next meal and note the reason for deviation.,Primary activity scheduled.
2026-06-22,09:00,09:45,ACT072,Fermented Food Serving #072,Fermented Food Serving #072,Food consumption,72,2,week,45,Self,Self,,Online,remote,scheduled,"Add yogurt, kimchi, kefir, or sauerkraut",Prepare or order the meal according to the assigned nutrition guideline.,"serving_size, GI_comfort_score",Return to the plan at the next meal and note the reason for deviation.,Primary activity scheduled.
2026-06-22,09:45,09:55,ACT078,Omega-3 Supplement #078,Omega-3 Supplement #078,Medication consumption,78,2,week,10,Self,Self,,Online,remote,scheduled,Take after meal to improve tolerance,"Confirm dose, timing, and any meal requirement before taking it.","dose_mg, adherence",Follow clinician-approved missed-dose guidance and log the missed dose.,Primary activity scheduled.
2026-06-22,12:00,12:30,ACT010,Dietitian Consultation #010,Dietitian Consultation #010,Consultation,10,1,month,30,Dietitian 1,Dietitian,,Online,remote,scheduled,Review food log and adjust macro targets,"Prepare recent logs, wearable data, questions, and any relevant lab results.","protein_g, fiber_g, weight_trend",Use the earliest remote or in-person follow-up slot and share logs asynchronously.,Primary activity scheduled.
2026-06-22,12:30,13:00,ACT032,Mediterranean Lunch #032,Mediterranean Lunch #032,Food consumption,32,2,week,30,Self,Self,,Online,remote,scheduled,"Vegetables, lean protein, olive oil, and whole grains",Prepare or order the meal according to the assigned nutrition guideline.,"calories, fiber_g, protein_g",Return to the plan at the next meal and note the reason for deviation.,Primary activity scheduled.
2026-06-22,13:00,13:20,ACT057,Mediterranean Lunch #057,Mediterranean Lunch #057,Food consumption,57,2,week,20,Self,Self,,Online,remote,scheduled,"Vegetables, lean protein, olive oil, and whole grains",Prepare or order the meal according to the assigned nutrition guideline.,"calories, fiber_g, protein_g",Return to the plan at the next meal and note the reason for deviation.,Primary activity scheduled.
2026-06-22,17:00,17:15,ACT063,Magnesium Glycinate #063,Magnesium Glycinate #063,Medication consumption,63,2,week,15,Self,Self,,Online,remote,scheduled,Take 60 minutes before bedtime,"Confirm dose, timing, and any meal requirement before taking it.","dose_mg, sleep_quality, adherence",Follow clinician-approved missed-dose guidance and log the missed dose.,Primary activity scheduled.
2026-06-22,17:15,18:00,ACT067,Low-Glycemic Dinner #067,Low-Glycemic Dinner #067,Food consumption,67,2,week,45,Self,Self,,Online,remote,scheduled,Control evening carbohydrate load,Prepare or order the meal according to the assigned nutrition guideline.,"carbs_g, glucose_response, sleep_quality",Return to the plan at the next meal and note the reason for deviation.,Primary activity scheduled.
2026-06-22,18:00,18:30,ACT025,Sleep Coaching Session #025,Sleep Coaching Session #025,Consultation,25,1,month,30,Sleep Specialist 4,Sleep Specialist,,Online,remote,scheduled,"Review sleep timing, routine, and wearable trends","Prepare recent logs, wearable data, questions, and any relevant lab results.","sleep_duration, sleep_efficiency, HRV",Use the earliest remote or in-person follow-up slot and share logs asynchronously.,Primary activity scheduled.
2026-06-22,18:30,19:15,ACT050,Sleep Coaching Session #050,Sleep Coaching Session #050,Consultation,50,1,month,45,Sleep Specialist 4,Sleep Specialist,,Online,remote,scheduled,"Review sleep timing, routine, and wearable trends","Prepare recent logs, wearable data, questions, and any relevant lab results.","sleep_duration, sleep_efficiency, HRV",Use the earliest remote or in-person follow-up slot and share logs asynchronously.,Primary activity scheduled.
2026-06-22,19:15,20:15,ACT075,Sleep Coaching Session #075,Sleep Coaching Session #075,Consultation,75,1,month,60,Sleep Specialist 4,Sleep Specialist,,Online,remote,scheduled,"Review sleep timing, routine, and wearable trends","Prepare recent logs, wearable data, questions, and any relevant lab results.","sleep_duration, sleep_efficiency, HRV",Use the earliest remote or in-person follow-up slot and share logs asynchronously.,Primary activity scheduled.
2026-06-22,20:15,20:30,ACT096,Brisk Walk,Brisk Walk #096,Fitness routine / exercise,96,2,week,15,Self,Self,,Online,remote,backup_used,Low-intensity walk after meals,"Wear appropriate training clothes, prepare water, and confirm recovery status.","steps, duration, glucose_response",Reschedule within the same week if possible; otherwise reduce next session intensity by 10%.,Primary activity unavailable. Used backup: Brisk Walk.
2026-06-22,20:30,21:00,ACT100,Sleep Coaching Session #100,Sleep Coaching Session #100,Consultation,100,1,month,30,Sleep Specialist 4,Sleep Specialist,,Online,remote,scheduled,"Review sleep timing, routine, and wearable trends","Prepare recent logs, wearable data, questions, and any relevant lab results.","sleep_duration, sleep_efficiency, HRV",Use the earliest remote or in-person follow-up slot and share logs asynchronously.,Primary activity scheduled.
2026-06-23,06:00,06:20,ACT002,High-Protein Breakfast #002,High-Protein Breakfast #002,Food consumption,2,1,week,20,Self,Self,,Online,remote,scheduled,Consume 30-40g protein within 2 hours of waking,Prepare or order the meal according to the assigned nutrition guideline.,"protein_g, calories, satiety_score",Return to the plan at the next meal and note the reason for deviation.,Primary activity scheduled.
2026-06-23,06:30,06:50,ACT012,Hydration Protocol #012,Hydration Protocol #012,Food consumption,12,1,week,20,Self,Self,,Online,remote,scheduled,Drink 500ml water with electrolytes,Prepare or order the meal according to the assigned nutrition guideline.,"water_ml, electrolyte_serving",Return to the plan at the next meal and note the reason for deviation.,Primary activity scheduled.
2026-06-23,07:00,07:20,ACT047,Fermented Food Serving #047,Fermented Food Serving #047,Food consumption,47,1,week,20,Self,Self,,Online,remote,scheduled,"Add yogurt, kimchi, kefir, or sauerkraut",Prepare or order the meal according to the assigned nutrition guideline.,"serving_size, GI_comfort_score",Return to the plan at the next meal and note the reason for deviation.,Primary activity scheduled.
2026-06-23,07:30,07:45,ACT048,Blood Pressure Reading #048,Blood Pressure Reading #048,Medication consumption,48,1,week,15,Self,Self,Blood Pressure Cuff,Online,remote,scheduled,Measure seated blood pressure after 5 minutes rest,"Confirm dose, timing, and any meal requirement before taking it.","systolic, diastolic, resting_hr",Follow clinician-approved missed-dose guidance and log the missed dose.,Primary activity scheduled.
2026-06-23,07:45,08:00,ACT053,Omega-3 Supplement #053,Omega-3 Supplement #053,Medication consumption,53,1,week,15,Self,Self,,Online,remote,scheduled,Take after meal to improve tolerance,"Confirm dose, timing, and any meal requirement before taking it.","dose_mg, adherence",Follow clinician-approved missed-dose guidance and log the missed dose.,Primary activity scheduled.
2026-06-23,08:00,08:30,ACT056,Brisk Walk,Strength Training #056,Fitness routine / exercise,56,1,week,30,Self,Self,,Online,remote,backup_used,Full-body resistance session with controlled tempo,"Wear appropriate training clothes, prepare water, and confirm recovery status.","sets, reps, load, RPE",Reschedule within the same week if possible; otherwise reduce next session intensity by 10%.,Primary activity unavailable. Used backup: Brisk Walk.
2026-06-23,08:30,09:00,ACT061,Brisk Walk,Mobility Flow #061,Fitness routine / exercise,61,1,week,30,Self,Self,,Online,remote,backup_used,"Hip, ankle, thoracic spine, and shoulder mobility","Wear appropriate training clothes, prepare water, and confirm recovery status.","duration, pain_score, range_of_motion",Reschedule within the same week if possible; otherwise reduce next session intensity by 10%.,Primary activity unavailable. Used backup: Brisk Walk.
2026-06-23,09:00,09:30,ACT062,Hydration Protocol #062,Hydration Protocol #062,Food consumption,62,1,week,30,Self,Self,,Online,remote,scheduled,Drink 500ml water with electrolytes,Prepare or order the meal according to the assigned nutrition guideline.,"water_ml, electrolyte_serving",Return to the plan at the next meal and note the reason for deviation.,Primary activity scheduled.
2026-06-23,09:30,09:40,ACT078,Omega-3 Supplement #078,Omega-3 Supplement #078,Medication consumption,78,1,week,10,Self,Self,,Online,remote,scheduled,Take after meal to improve tolerance,"Confirm dose, timing, and any meal requirement before taking it.","dose_mg, adherence",Follow clinician-approved missed-dose guidance and log the missed dose.,Primary activity scheduled.
2026-06-23,09:45,10:00,ACT096,Brisk Walk,Brisk Walk #096,Fitness routine / exercise,96,1,week,15,Self,Self,,Online,remote,backup_used,Low-intensity walk after meals,"Wear appropriate training clothes, prepare water, and confirm recovery status.","steps, duration, glucose_response",Reschedule within the same week if possible; otherwise reduce next session intensity by 10%.,Primary activity unavailable. Used backup: Brisk Walk.
2026-06-23,12:00,12:30,ACT032,Mediterranean Lunch #032,Mediterranean Lunch #032,Food consumption,32,1,week,30,Self,Self,,Online,remote,scheduled,"Vegetables, lean protein, olive oil, and whole grains",Prepare or order the meal according to the assigned nutrition guideline.,"calories, fiber_g, protein_g",Return to the plan at the next meal and note the reason for deviation.,Primary activity scheduled.
2026-06-23,12:30,12:50,ACT057,Mediterranean Lunch #057,Mediterranean Lunch #057,Food consumption,57,1,week,20,Self,Self,,Online,remote,scheduled,"Vegetables, lean protein, olive oil, and whole grains",Prepare or order the meal according to the assigned nutrition guideline.,"calories, fiber_g, protein_g",Return to the plan at the next meal and note the reason for deviation.,Primary activity scheduled.
2026-06-23,17:00,17:15,ACT063,Magnesium Glycinate #063,Magnesium Glycinate #063,Medication consumption,63,1,week,15,Self,Self,,Online,remote,scheduled,Take 60 minutes before bedtime,"Confirm dose, timing, and any meal requirement before taking it.","dose_mg, sleep_quality, adherence",Follow clinician-approved missed-dose guidance and log the missed dose.,Primary activity scheduled.
2026-06-23,17:15,18:00,ACT067,Low-Glycemic Dinner #067,Low-Glycemic Dinner #067,Food consumption,67,1,week,45,Self,Self,,Online,remote,scheduled,Control evening carbohydrate load,Prepare or order the meal according to the assigned nutrition guideline.,"carbs_g, glucose_response, sleep_quality",Return to the plan at the next meal and note the reason for deviation.,Primary activity scheduled.
2026-06-23,18:00,18:45,ACT072,Fermented Food Serving #072,Fermented Food Serving #072,Food consumption,72,1,week,45,Self,Self,,Online,remote,scheduled,"Add yogurt, kimchi, kefir, or sauerkraut",Prepare or order the meal according to the assigned nutrition guideline.,"serving_size, GI_comfort_score",Return to the plan at the next meal and note the reason for deviation.,Primary activity scheduled.
2026-06-23,18:45,19:00,ACT091,Eye Exercise #091,Eye Exercise #091,Fitness routine / exercise,91,1,week,15,Fitness Trainer 1,Fitness Trainer,,Online,remote,scheduled,Near-far focus drill and 20-20-20 visual breaks,"Wear appropriate training clothes, prepare water, and confirm recovery status.","duration, eye_strain_score",Reschedule within the same week if possible; otherwise reduce next session intensity by 10%.,Primary activity scheduled.
2026-06-24,06:00,07:00,ACT031,Strength Training #031,Strength Training #031,Fitness routine / exercise,31,2,week,60,Fitness Trainer 1,Fitness Trainer,"Dumbbells, Resistance Bands",Gym,in_person,scheduled,Full-body resistance session with controlled tempo,"Wear appropriate training clothes, prepare water, and confirm recovery status.","sets, reps, load, RPE",Reschedule within the same week if possible; otherwise reduce next session intensity by 10%.,Primary activity scheduled.
2026-06-24,07:00,08:00,ACT031,Strength Training #031,Strength Training #031,Fitness routine / exercise,31,1,week,60,Fitness Trainer 1,Fitness Trainer,"Dumbbells, Resistance Bands",Gym,in_person,scheduled,Full-body resistance session with controlled tempo,"Wear appropriate training clothes, prepare water, and confirm recovery status.","sets, reps, load, RPE",Reschedule within the same week if possible; otherwise reduce next session intensity by 10%.,Primary activity scheduled.
2026-06-24,08:00,08:45,ACT056,Strength Training #056,Strength Training #056,Fitness routine / exercise,56,2,week,45,Fitness Trainer 1,Fitness Trainer,"Dumbbells, Resistance Bands",Gym,in_person,scheduled,Full-body resistance session with controlled tempo,"Wear appropriate training clothes, prepare water, and confirm recovery status.","sets, reps, load, RPE",Reschedule within the same week if possible; otherwise reduce next session intensity by 10%.,Primary activity scheduled.
2026-06-24,08:45,09:00,ACT071,Brisk Walk #071,Brisk Walk #071,Fitness routine / exercise,71,2,week,15,Fitness Trainer 1,Fitness Trainer,,Park,in_person,scheduled,Low-intensity walk after meals,"Wear appropriate training clothes, prepare water, and confirm recovery status.","steps, duration, glucose_response",Reschedule within the same week if possible; otherwise reduce next session intensity by 10%.,Primary activity scheduled.
2026-06-24,17:00,17:15,ACT011,Mobility Flow #011,Mobility Flow #011,Fitness routine / exercise,11,2,week,15,Fitness Trainer 1,Fitness Trainer,Yoga Mat,Home,in_person,scheduled,"Hip, ankle, thoracic spine, and shoulder mobility","Wear appropriate training clothes, prepare water, and confirm recovery status.","duration, pain_score, range_of_motion",Reschedule within the same week if possible; otherwise reduce next session intensity by 10%.,Primary activity scheduled.
2026-06-24,17:15,17:30,ACT011,Mobility Flow #011,Mobility Flow #011,Fitness routine / exercise,11,1,week,15,Fitness Trainer 1,Fitness Trainer,Yoga Mat,Home,in_person,scheduled,"Hip, ankle, thoracic spine, and shoulder mobility","Wear appropriate training clothes, prepare water, and confirm recovery status.","duration, pain_score, range_of_motion",Reschedule within the same week if possible; otherwise reduce next session intensity by 10%.,Primary activity scheduled.
2026-06-24,17:30,18:00,ACT044,Guided Meditation #044,Guided Meditation #044,Therapy,44,1,week,30,Health Coach 3,Health Coach,,Home,in_person,scheduled,Mindfulness session with body scan,Confirm facility availability and avoid heavy meals immediately before the session.,"duration, mood_score, sleep_quality",Replace with breathwork or recovery stretch and avoid stacking intense recovery sessions next day.,Primary activity scheduled.
2026-06-24,18:00,18:45,ACT049,Recovery Stretch #049,Recovery Stretch #049,Therapy,49,1,week,45,Health Coach 3,Health Coach,Yoga Mat,Home,in_person,scheduled,Parasympathetic evening stretch routine,Confirm facility availability and avoid heavy meals immediately before the session.,"duration, muscle_tightness_score",Replace with breathwork or recovery stretch and avoid stacking intense recovery sessions next day.,Primary activity scheduled.
2026-06-24,18:45,19:30,ACT054,Sauna Session #054,Sauna Session #054,Therapy,54,1,week,45,Health Coach 3,Health Coach,Sauna,Wellness Center,in_person,scheduled,15-20 minutes moderate heat exposure,Confirm facility availability and avoid heavy meals immediately before the session.,"duration, temperature, recovery_score",Replace with breathwork or recovery stretch and avoid stacking intense recovery sessions next day.,Primary activity scheduled.
2026-06-24,19:30,20:00,ACT069,Guided Meditation #069,Guided Meditation #069,Therapy,69,1,week,30,Health Coach 3,Health Coach,,Home,in_person,scheduled,Mindfulness session with body scan,Confirm facility availability and avoid heavy meals immediately before the session.,"duration, mood_score, sleep_quality",Replace with breathwork or recovery stretch and avoid stacking intense recovery sessions next day.,Primary activity scheduled.
2026-06-25,06:00,06:45,ACT036,Mobility Flow #036,Mobility Flow #036,Fitness routine / exercise,36,1,week,45,Fitness Trainer 1,Fitness Trainer,Yoga Mat,Home,in_person,scheduled,"Hip, ankle, thoracic spine, and shoulder mobility","Wear appropriate training clothes, prepare water, and confirm recovery status.","duration, pain_score, range_of_motion",Reschedule within the same week if possible; otherwise reduce next session intensity by 10%.,Primary activity scheduled.
2026-06-25,06:45,07:30,ACT046,Brisk Walk #046,Brisk Walk #046,Fitness routine / exercise,46,1,week,45,Fitness Trainer 1,Fitness Trainer,,Park,in_person,scheduled,Low-intensity walk after meals,"Wear appropriate training clothes, prepare water, and confirm recovery status.","steps, duration, glucose_response",Reschedule within the same week if possible; otherwise reduce next session intensity by 10%.,Primary activity scheduled.
2026-06-25,07:30,08:30,ACT051,Zone 2 Run #051,Zone 2 Run #051,Fitness routine / exercise,51,1,week,60,Fitness Trainer 1,Fitness Trainer,Treadmill,Park,in_person,scheduled,Maintain heart rate between 120-140 bpm,"Wear appropriate training clothes, prepare water, and confirm recovery status.","heart_rate, duration, perceived_exertion",Reschedule within the same week if possible; otherwise reduce next session intensity by 10%.,Primary activity scheduled.
2026-06-25,08:30,08:45,ACT071,Brisk Walk #071,Brisk Walk #071,Fitness routine / exercise,71,1,week,15,Fitness Trainer 1,Fitness Trainer,,Park,in_person,scheduled,Low-intensity walk after meals,"Wear appropriate training clothes, prepare water, and confirm recovery status.","steps, duration, glucose_response",Reschedule within the same week if possible; otherwise reduce next session intensity by 10%.,Primary activity scheduled.
2026-06-25,08:45,09:30,ACT077,High-Protein Breakfast #077,High-Protein Breakfast #077,Food consumption,77,1,week,45,Self,Self,,Home,in_person,scheduled,Consume 30-40g protein within 2 hours of waking,Prepare or order the meal according to the assigned nutrition guideline.,"protein_g, calories, satiety_score",Return to the plan at the next meal and note the reason for deviation.,Primary activity scheduled.
2026-06-25,09:30,09:45,ACT093,Glucose Monitor Check #093,Glucose Monitor Check #093,Medication consumption,93,1,week,15,Self,Self,Glucose Meter,Home,in_person,scheduled,Record fasting glucose and notes,"Confirm dose, timing, and any meal requirement before taking it.","glucose_mg_dL, fasting_hours",Follow clinician-approved missed-dose guidance and log the missed dose.,Primary activity scheduled.
2026-06-25,09:45,09:55,ACT098,Blood Pressure Reading #098,Blood Pressure Reading #098,Medication consumption,98,1,week,10,Self,Self,Blood Pressure Cuff,Home,in_person,scheduled,Measure seated blood pressure after 5 minutes rest,"Confirm dose, timing, and any meal requirement before taking it.","systolic, diastolic, resting_hr",Follow clinician-approved missed-dose guidance and log the missed dose.,Primary activity scheduled.
2026-06-25,12:00,12:45,ACT087,Hydration Protocol #087,Hydration Protocol #087,Food consumption,87,1,week,45,Self,Self,,Home,in_person,scheduled,Drink 500ml water with electrolytes,Prepare or order the meal according to the assigned nutrition guideline.,"water_ml, electrolyte_serving",Return to the plan at the next meal and note the reason for deviation.,Primary activity scheduled.
2026-06-25,12:45,13:30,ACT092,Low-Glycemic Dinner #092,Low-Glycemic Dinner #092,Food consumption,92,1,week,45,Self,Self,,Home,in_person,scheduled,Control evening carbohydrate load,Prepare or order the meal according to the assigned nutrition guideline.,"carbs_g, glucose_response, sleep_quality",Return to the plan at the next meal and note the reason for deviation.,Primary activity scheduled.
2026-06-25,17:00,17:45,ACT019,Guided Meditation #019,Guided Meditation #019,Therapy,19,1,week,45,Health Coach 3,Health Coach,,Home,in_person,scheduled,Mindfulness session with body scan,Confirm facility availability and avoid heavy meals immediately before the session.,"duration, mood_score, sleep_quality",Replace with breathwork or recovery stretch and avoid stacking intense recovery sessions next day.,Primary activity scheduled.
2026-06-25,17:45,18:30,ACT024,Recovery Stretch #024,Recovery Stretch #024,Therapy,24,1,week,45,Health Coach 3,Health Coach,Yoga Mat,Home,in_person,scheduled,Parasympathetic evening stretch routine,Confirm facility availability and avoid heavy meals immediately before the session.,"duration, muscle_tightness_score",Replace with breathwork or recovery stretch and avoid stacking intense recovery sessions next day.,Primary activity scheduled.
2026-06-25,18:30,19:15,ACT039,Breathwork #039,Breathwork #039,Therapy,39,1,week,45,Health Coach 3,Health Coach,,Home,in_person,scheduled,Box breathing or physiological sigh protocol,Confirm facility availability and avoid heavy meals immediately before the session.,"duration, stress_score, HRV",Replace with breathwork or recovery stretch and avoid stacking intense recovery sessions next day.,Primary activity scheduled.
2026-06-25,19:15,19:35,ACT042,Low-Glycemic Dinner #042,Low-Glycemic Dinner #042,Food consumption,42,1,week,20,Self,Self,,Home,in_person,scheduled,Control evening carbohydrate load,Prepare or order the meal according to the assigned nutrition guideline.,"carbs_g, glucose_response, sleep_quality",Return to the plan at the next meal and note the reason for deviation.,Primary activity scheduled.
2026-06-25,19:45,20:15,ACT074,Breathwork,Recovery Stretch #074,Therapy,74,1,week,30,Self,Self,,Home,in_person,backup_used,Parasympathetic evening stretch routine,Confirm facility availability and avoid heavy meals immediately before the session.,"duration, muscle_tightness_score",Replace with breathwork or recovery stretch and avoid stacking intense recovery sessions next day.,Primary activity unavailable. Used backup: Breathwork.
2026-06-25,20:15,21:00,ACT084,Cold Plunge #084,Cold Plunge #084,Therapy,84,1,week,45,Self,Self,Cold Plunge,Wellness Center,in_person,scheduled,2-3 minutes controlled cold exposure,Confirm facility availability and avoid heavy meals immediately before the session.,"duration, temperature, stress_score",Replace with breathwork or recovery stretch and avoid stacking intense recovery sessions next day.,Primary activity scheduled.
2026-06-26,06:00,06:45,ACT001,Zone 2 Run #001,Zone 2 Run #001,Fitness routine / exercise,1,1,week,45,Fitness Trainer 1,Fitness Trainer,Treadmill,Park,in_person,scheduled,Maintain heart rate between 120-140 bpm,"Wear appropriate training clothes, prepare water, and confirm recovery status.","heart_rate, duration, perceived_exertion",Reschedule within the same week if possible; otherwise reduce next session intensity by 10%.,Primary activity scheduled.
2026-06-26,06:45,06:55,ACT003,Omega-3 Supplement #003,Omega-3 Supplement #003,Medication consumption,3,1,week,10,Self,Self,,Home,in_person,scheduled,Take after meal to improve tolerance,"Confirm dose, timing, and any meal requirement before taking it.","dose_mg, adherence",Follow clinician-approved missed-dose guidance and log the missed dose.,Primary activity scheduled.
2026-06-26,07:00,08:00,ACT006,Strength Training #006,Strength Training #006,Fitness routine / exercise,6,1,week,60,Fitness Trainer 1,Fitness Trainer,"Dumbbells, Resistance Bands",Gym,in_person,scheduled,Full-body resistance session with controlled tempo,"Wear appropriate training clothes, prepare water, and confirm recovery status.","sets, reps, load, RPE",Reschedule within the same week if possible; otherwise reduce next session intensity by 10%.,Primary activity scheduled.
2026-06-26,08:00,08:10,ACT008,Vitamin D3 #008,Vitamin D3 #008,Medication consumption,8,1,week,10,Self,Self,,Home,in_person,scheduled,Take with fat-containing meal,"Confirm dose, timing, and any meal requirement before taking it.","dose_IU, adherence",Follow clinician-approved missed-dose guidance and log the missed dose.,Primary activity scheduled.
2026-06-26,08:15,08:45,ACT016,Eye Exercise #016,Eye Exercise #016,Fitness routine / exercise,16,1,week,30,Fitness Trainer 1,Fitness Trainer,,Home,in_person,scheduled,Near-far focus drill and 20-20-20 visual breaks,"Wear appropriate training clothes, prepare water, and confirm recovery status.","duration, eye_strain_score",Reschedule within the same week if possible; otherwise reduce next session intensity by 10%.,Primary activity scheduled.
2026-06-26,08:45,09:00,ACT018,Glucose Monitor Check #018,Glucose Monitor Check #018,Medication consumption,18,1,week,15,Self,Self,Glucose Meter,Home,in_person,scheduled,Record fasting glucose and notes,"Confirm dose, timing, and any meal requirement before taking it.","glucose_mg_dL, fasting_hours",Follow clinician-approved missed-dose guidance and log the missed dose.,Primary activity scheduled.
2026-06-26,09:00,09:30,ACT022,Fermented Food Serving #022,Fermented Food Serving #022,Food consumption,22,1,week,30,Self,Self,,Home,in_person,scheduled,"Add yogurt, kimchi, kefir, or sauerkraut",Prepare or order the meal according to the assigned nutrition guideline.,"serving_size, GI_comfort_score",Return to the plan at the next meal and note the reason for deviation.,Primary activity scheduled.
2026-06-26,09:30,09:45,ACT023,Blood Pressure Reading #023,Blood Pressure Reading #023,Medication consumption,23,1,week,15,Self,Self,Blood Pressure Cuff,Home,in_person,scheduled,Measure seated blood pressure after 5 minutes rest,"Confirm dose, timing, and any meal requirement before taking it.","systolic, diastolic, resting_hr",Follow clinician-approved missed-dose guidance and log the missed dose.,Primary activity scheduled.
2026-06-26,09:45,09:55,ACT028,Omega-3 Supplement #028,Omega-3 Supplement #028,Medication consumption,28,1,week,10,Self,Self,,Home,in_person,scheduled,Take after meal to improve tolerance,"Confirm dose, timing, and any meal requirement before taking it.","dose_mg, adherence",Follow clinician-approved missed-dose guidance and log the missed dose.,Primary activity scheduled.
2026-06-26,12:00,12:20,ACT007,Mediterranean Lunch #007,Mediterranean Lunch #007,Food consumption,7,1,week,20,Self,Self,,Home,in_person,scheduled,"Vegetables, lean protein, olive oil, and whole grains",Prepare or order the meal according to the assigned nutrition guideline.,"calories, fiber_g, protein_g",Return to the plan at the next meal and note the reason for deviation.,Primary activity scheduled.
2026-06-26,12:30,13:00,ACT027,High-Protein Breakfast #027,High-Protein Breakfast #027,Food consumption,27,1,week,30,Self,Self,,Home,in_person,scheduled,Consume 30-40g protein within 2 hours of waking,Prepare or order the meal according to the assigned nutrition guideline.,"protein_g, calories, satiety_score",Return to the plan at the next meal and note the reason for deviation.,Primary activity scheduled.
2026-06-26,13:00,13:15,ACT033,Vitamin D3 #033,Vitamin D3 #033,Medication consumption,33,1,week,15,Self,Self,,Home,in_person,scheduled,Take with fat-containing meal,"Confirm dose, timing, and any meal requirement before taking it.","dose_IU, adherence",Follow clinician-approved missed-dose guidance and log the missed dose.,Primary activity scheduled.
2026-06-26,13:15,13:30,ACT038,Magnesium Glycinate #038,Magnesium Glycinate #038,Medication consumption,38,1,week,15,Self,Self,,Home,in_person,scheduled,Take 60 minutes before bedtime,"Confirm dose, timing, and any meal requirement before taking it.","dose_mg, sleep_quality, adherence",Follow clinician-approved missed-dose guidance and log the missed dose.,Primary activity scheduled.
2026-06-26,17:00,17:45,ACT004,Sauna Session #004,Sauna Session #004,Therapy,4,1,week,45,Self,Self,Sauna,Wellness Center,in_person,scheduled,15-20 minutes moderate heat exposure,Confirm facility availability and avoid heavy meals immediately before the session.,"duration, temperature, recovery_score",Replace with breathwork or recovery stretch and avoid stacking intense recovery sessions next day.,Primary activity scheduled.
2026-06-26,17:45,18:30,ACT009,Cold Plunge #009,Cold Plunge #009,Therapy,9,1,week,45,Self,Self,Cold Plunge,Wellness Center,in_person,scheduled,2-3 minutes controlled cold exposure,Confirm facility availability and avoid heavy meals immediately before the session.,"duration, temperature, stress_score",Replace with breathwork or recovery stretch and avoid stacking intense recovery sessions next day.,Primary activity scheduled.
2026-06-26,18:30,18:45,ACT013,Magnesium Glycinate #013,Magnesium Glycinate #013,Medication consumption,13,1,week,15,Self,Self,,Home,in_person,scheduled,Take 60 minutes before bedtime,"Confirm dose, timing, and any meal requirement before taking it.","dose_mg, sleep_quality, adherence",Follow clinician-approved missed-dose guidance and log the missed dose.,Primary activity scheduled.
2026-06-26,18:45,19:15,ACT014,Breathwork #014,Breathwork #014,Therapy,14,1,week,30,Health Coach 3,Health Coach,,Home,in_person,scheduled,Box breathing or physiological sigh protocol,Confirm facility availability and avoid heavy meals immediately before the session.,"duration, stress_score, HRV",Replace with breathwork or recovery stretch and avoid stacking intense recovery sessions next day.,Primary activity scheduled.
2026-06-26,19:15,19:45,ACT017,Low-Glycemic Dinner #017,Low-Glycemic Dinner #017,Food consumption,17,1,week,30,Self,Self,,Home,in_person,scheduled,Control evening carbohydrate load,Prepare or order the meal according to the assigned nutrition guideline.,"carbs_g, glucose_response, sleep_quality",Return to the plan at the next meal and note the reason for deviation.,Primary activity scheduled.
2026-06-26,19:45,20:15,ACT029,Sauna Session #029,Sauna Session #029,Therapy,29,1,week,30,Self,Self,Sauna,Wellness Center,in_person,scheduled,15-20 minutes moderate heat exposure,Confirm facility availability and avoid heavy meals immediately before the session.,"duration, temperature, recovery_score",Replace with breathwork or recovery stretch and avoid stacking intense recovery sessions next day.,Primary activity scheduled.
2026-06-26,20:15,21:00,ACT034,Cold Plunge #034,Cold Plunge #034,Therapy,34,1,week,45,Self,Self,Cold Plunge,Wellness Center,in_person,scheduled,2-3 minutes controlled cold exposure,Confirm facility availability and avoid heavy meals immediately before the session.,"duration, temperature, stress_score",Replace with breathwork or recovery stretch and avoid stacking intense recovery sessions next day.,Primary activity scheduled.
2026-06-27,08:00,08:45,ACT026,Zone 2 Run #026,Zone 2 Run #026,Fitness routine / exercise,26,1,week,45,Fitness Trainer 1,Fitness Trainer,Treadmill,Park,in_person,scheduled,Maintain heart rate between 120-140 bpm,"Wear appropriate training clothes, prepare water, and confirm recovery status.","heart_rate, duration, perceived_exertion",Reschedule within the same week if possible; otherwise reduce next session intensity by 10%.,Primary activity scheduled.
2026-06-27,08:45,09:05,ACT037,Hydration Protocol #037,Hydration Protocol #037,Food consumption,37,1,week,20,Self,Self,,Home,in_person,scheduled,Drink 500ml water with electrolytes,Prepare or order the meal according to the assigned nutrition guideline.,"water_ml, electrolyte_serving",Return to the plan at the next meal and note the reason for deviation.,Primary activity scheduled.
2026-06-27,09:15,09:30,ACT043,Glucose Monitor Check #043,Glucose Monitor Check #043,Medication consumption,43,1,week,15,Self,Self,Glucose Meter,Home,in_person,scheduled,Record fasting glucose and notes,"Confirm dose, timing, and any meal requirement before taking it.","glucose_mg_dL, fasting_hours",Follow clinician-approved missed-dose guidance and log the missed dose.,Primary activity scheduled.
2026-06-27,09:30,10:15,ACT052,High-Protein Breakfast #052,High-Protein Breakfast #052,Food consumption,52,1,week,45,Self,Self,,Home,in_person,scheduled,Consume 30-40g protein within 2 hours of waking,Prepare or order the meal according to the assigned nutrition guideline.,"protein_g, calories, satiety_score",Return to the plan at the next meal and note the reason for deviation.,Primary activity scheduled.
2026-06-27,10:15,10:25,ACT058,Vitamin D3 #058,Vitamin D3 #058,Medication consumption,58,1,week,10,Self,Self,,Home,in_person,scheduled,Take with fat-containing meal,"Confirm dose, timing, and any meal requirement before taking it.","dose_IU, adherence",Follow clinician-approved missed-dose guidance and log the missed dose.,Primary activity scheduled.
2026-06-27,10:30,10:40,ACT068,Glucose Monitor Check #068,Glucose Monitor Check #068,Medication consumption,68,1,week,10,Self,Self,Glucose Meter,Home,in_person,scheduled,Record fasting glucose and notes,"Confirm dose, timing, and any meal requirement before taking it.","glucose_mg_dL, fasting_hours",Follow clinician-approved missed-dose guidance and log the missed dose.,Primary activity scheduled.
2026-06-27,10:45,10:55,ACT073,Blood Pressure Reading #073,Blood Pressure Reading #073,Medication consumption,73,1,week,10,Self,Self,Blood Pressure Cuff,Home,in_person,scheduled,Measure seated blood pressure after 5 minutes rest,"Confirm dose, timing, and any meal requirement before taking it.","systolic, diastolic, resting_hr",Follow clinician-approved missed-dose guidance and log the missed dose.,Primary activity scheduled.
2026-06-27,11:00,11:20,ACT082,Mediterranean Lunch #082,Mediterranean Lunch #082,Food consumption,82,1,week,20,Self,Self,,Home,in_person,scheduled,"Vegetables, lean protein, olive oil, and whole grains",Prepare or order the meal according to the assigned nutrition guideline.,"calories, fiber_g, protein_g",Return to the plan at the next meal and note the reason for deviation.,Primary activity scheduled.
2026-06-27,11:30,11:40,ACT083,Vitamin D3 #083,Vitamin D3 #083,Medication consumption,83,1,week,10,Self,Self,,Home,in_person,scheduled,Take with fat-containing meal,"Confirm dose, timing, and any meal requirement before taking it.","dose_IU, adherence",Follow clinician-approved missed-dose guidance and log the missed dose.,Primary activity scheduled.
2026-06-27,11:45,11:55,ACT088,Magnesium Glycinate #088,Magnesium Glycinate #088,Medication consumption,88,1,week,10,Self,Self,,Home,in_person,scheduled,Take 60 minutes before bedtime,"Confirm dose, timing, and any meal requirement before taking it.","dose_mg, sleep_quality, adherence",Follow clinician-approved missed-dose guidance and log the missed dose.,Primary activity scheduled.
2026-06-27,14:00,14:30,ACT064,Breathwork,Breathwork #064,Therapy,64,1,week,30,Self,Self,,Home,in_person,backup_used,Box breathing or physiological sigh protocol,Confirm facility availability and avoid heavy meals immediately before the session.,"duration, stress_score, HRV",Replace with breathwork or recovery stretch and avoid stacking intense recovery sessions next day.,Primary activity unavailable. Used backup: Breathwork.
2026-06-27,14:30,15:00,ACT079,Breathwork,Sauna Session #079,Therapy,79,1,week,30,Self,Self,,Wellness Center,in_person,backup_used,15-20 minutes moderate heat exposure,Confirm facility availability and avoid heavy meals immediately before the session.,"duration, temperature, recovery_score",Replace with breathwork or recovery stretch and avoid stacking intense recovery sessions next day.,Primary activity unavailable. Used backup: Breathwork.
2026-06-27,15:00,15:30,ACT089,Breathwork,Breathwork #089,Therapy,89,1,week,30,Self,Self,,Home,in_person,backup_used,Box breathing or physiological sigh protocol,Confirm facility availability and avoid heavy meals immediately before the session.,"duration, stress_score, HRV",Replace with breathwork or recovery stretch and avoid stacking intense recovery sessions next day.,Primary activity unavailable. Used backup: Breathwork.
2026-06-27,15:30,16:00,ACT094,Breathwork,Guided Meditation #094,Therapy,94,1,week,30,Self,Self,,Home,in_person,backup_used,Mindfulness session with body scan,Confirm facility availability and avoid heavy meals immediately before the session.,"duration, mood_score, sleep_quality",Replace with breathwork or recovery stretch and avoid stacking intense recovery sessions next day.,Primary activity unavailable. Used backup: Breathwork.
2026-06-27,16:00,16:45,ACT059,Cold Plunge #059,Cold Plunge #059,Therapy,59,1,week,45,Self,Self,Cold Plunge,Wellness Center,in_person,scheduled,2-3 minutes controlled cold exposure,Confirm facility availability and avoid heavy meals immediately before the session.,"duration, temperature, stress_score",Replace with breathwork or recovery stretch and avoid stacking intense recovery sessions next day.,Primary activity scheduled.
2026-06-27,17:00,17:45,ACT021,Brisk Walk #021,Brisk Walk #021,Fitness routine / exercise,21,1,week,45,Fitness Trainer 1,Fitness Trainer,,Park,in_person,scheduled,Low-intensity walk after meals,"Wear appropriate training clothes, prepare water, and confirm recovery status.","steps, duration, glucose_response",Reschedule within the same week if possible; otherwise reduce next session intensity by 10%.,Primary activity scheduled.
2026-06-27,17:45,18:30,ACT041,Eye Exercise #041,Eye Exercise #041,Fitness routine / exercise,41,1,week,45,Fitness Trainer 1,Fitness Trainer,,Home,in_person,scheduled,Near-far focus drill and 20-20-20 visual breaks,"Wear appropriate training clothes, prepare water, and confirm recovery status.","duration, eye_strain_score",Reschedule within the same week if possible; otherwise reduce next session intensity by 10%.,Primary activity scheduled.
2026-06-28,08:00,08:45,ACT066,Eye Exercise #066,Eye Exercise #066,Fitness routine / exercise,66,1,week,45,Fitness Trainer 1,Fitness Trainer,,Home,in_person,scheduled,Near-far focus drill and 20-20-20 visual breaks,"Wear appropriate training clothes, prepare water, and confirm recovery status.","duration, eye_strain_score",Reschedule within the same week if possible; otherwise reduce next session intensity by 10%.,Primary activity scheduled.
2026-06-28,08:45,09:30,ACT076,Zone 2 Run #076,Zone 2 Run #076,Fitness routine / exercise,76,1,week,45,Fitness Trainer 1,Fitness Trainer,Treadmill,Park,in_person,scheduled,Maintain heart rate between 120-140 bpm,"Wear appropriate training clothes, prepare water, and confirm recovery status.","heart_rate, duration, perceived_exertion",Reschedule within the same week if possible; otherwise reduce next session intensity by 10%.,Primary activity scheduled.
2026-06-28,09:30,10:30,ACT081,Strength Training #081,Strength Training #081,Fitness routine / exercise,81,1,week,60,Fitness Trainer 1,Fitness Trainer,"Dumbbells, Resistance Bands",Gym,in_person,scheduled,Full-body resistance session with controlled tempo,"Wear appropriate training clothes, prepare water, and confirm recovery status.","sets, reps, load, RPE",Reschedule within the same week if possible; otherwise reduce next session intensity by 10%.,Primary activity scheduled.
2026-06-28,10:30,11:15,ACT086,Mobility Flow #086,Mobility Flow #086,Fitness routine / exercise,86,1,week,45,Fitness Trainer 1,Fitness Trainer,Yoga Mat,Home,in_person,scheduled,"Hip, ankle, thoracic spine, and shoulder mobility","Wear appropriate training clothes, prepare water, and confirm recovery status.","duration, pain_score, range_of_motion",Reschedule within the same week if possible; otherwise reduce next session intensity by 10%.,Primary activity scheduled.
2026-06-28,11:15,11:30,ACT091,Eye Exercise #091,Eye Exercise #091,Fitness routine / exercise,91,2,week,15,Fitness Trainer 1,Fitness Trainer,,Home,in_person,scheduled,Near-far focus drill and 20-20-20 visual breaks,"Wear appropriate training clothes, prepare water, and confirm recovery status.","duration, eye_strain_score",Reschedule within the same week if possible; otherwise reduce next session intensity by 10%.,Primary activity scheduled.
2026-06-28,11:30,11:45,ACT096,Brisk Walk #096,Brisk Walk #096,Fitness routine / exercise,96,2,week,15,Fitness Trainer 1,Fitness Trainer,,Park,in_person,scheduled,Low-intensity walk after meals,"Wear appropriate training clothes, prepare water, and confirm recovery status.","steps, duration, glucose_response",Reschedule within the same week if possible; otherwise reduce next session intensity by 10%.,Primary activity scheduled.
2026-06-28,17:00,17:20,ACT097,Fermented Food Serving #097,Fermented Food Serving #097,Food consumption,97,1,week,20,Self,Self,,Home,in_person,scheduled,"Add yogurt, kimchi, kefir, or sauerkraut",Prepare or order the meal according to the assigned nutrition guideline.,"serving_size, GI_comfort_score",Return to the plan at the next meal and note the reason for deviation.,Primary activity scheduled.
2026-06-28,17:30,18:15,ACT099,Recovery Stretch #099,Recovery Stretch #099,Therapy,99,1,week,45,Self,Self,Yoga Mat,Home,in_person,scheduled,Parasympathetic evening stretch routine,Confirm facility availability and avoid heavy meals immediately before the session.,"duration, muscle_tightness_score",Replace with breathwork or recovery stretch and avoid stacking intense recovery sessions next day.,Primary activity scheduled.
2026-06-29,06:00,06:20,ACT002,High-Protein Breakfast #002,High-Protein Breakfast #002,Food consumption,2,2,week,20,Self,Self,,Home,in_person,scheduled,Consume 30-40g protein within 2 hours of waking,Prepare or order the meal according to the assigned nutrition guideline.,"protein_g, calories, satiety_score",Return to the plan at the next meal and note the reason for deviation.,Primary activity scheduled.
2026-06-29,06:30,06:50,ACT012,Hydration Protocol #012,Hydration Protocol #012,Food consumption,12,2,week,20,Self,Self,,Home,in_person,scheduled,Drink 500ml water with electrolytes,Prepare or order the meal according to the assigned nutrition guideline.,"water_ml, electrolyte_serving",Return to the plan at the next meal and note the reason for deviation.,Primary activity scheduled.
2026-06-29,07:00,08:00,ACT031,Strength Training #031,Strength Training #031,Fitness routine / exercise,31,2,week,60,Fitness Trainer 1,Fitness Trainer,"Dumbbells, Resistance Bands",Gym,in_person,scheduled,Full-body resistance session with controlled tempo,"Wear appropriate training clothes, prepare water, and confirm recovery status.","sets, reps, load, RPE",Reschedule within the same week if possible; otherwise reduce next session intensity by 10%.,Primary activity scheduled.
2026-06-29,08:00,08:20,ACT047,Fermented Food Serving #047,Fermented Food Serving #047,Food consumption,47,2,week,20,Self,Self,,Home,in_person,scheduled,"Add yogurt, kimchi, kefir, or sauerkraut",Prepare or order the meal according to the assigned nutrition guideline.,"serving_size, GI_comfort_score",Return to the plan at the next meal and note the reason for deviation.,Primary activity scheduled.
2026-06-29,08:30,08:45,ACT048,Blood Pressure Reading #048,Blood Pressure Reading #048,Medication consumption,48,2,week,15,Self,Self,Blood Pressure Cuff,Home,in_person,scheduled,Measure seated blood pressure after 5 minutes rest,"Confirm dose, timing, and any meal requirement before taking it.","systolic, diastolic, resting_hr",Follow clinician-approved missed-dose guidance and log the missed dose.,Primary activity scheduled.
2026-06-29,08:45,09:00,ACT053,Omega-3 Supplement #053,Omega-3 Supplement #053,Medication consumption,53,2,week,15,Self,Self,,Home,in_person,scheduled,Take after meal to improve tolerance,"Confirm dose, timing, and any meal requirement before taking it.","dose_mg, adherence",Follow clinician-approved missed-dose guidance and log the missed dose.,Primary activity scheduled.
2026-06-29,09:00,09:30,ACT062,Hydration Protocol #062,Hydration Protocol #062,Food consumption,62,2,week,30,Self,Self,,Home,in_person,scheduled,Drink 500ml water with electrolytes,Prepare or order the meal according to the assigned nutrition guideline.,"water_ml, electrolyte_serving",Return to the plan at the next meal and note the reason for deviation.,Primary activity scheduled.
2026-06-29,09:30,09:40,ACT078,Omega-3 Supplement #078,Omega-3 Supplement #078,Medication consumption,78,2,week,10,Self,Self,,Home,in_person,scheduled,Take after meal to improve tolerance,"Confirm dose, timing, and any meal requirement before taking it.","dose_mg, adherence",Follow clinician-approved missed-dose guidance and log the missed dose.,Primary activity scheduled.
2026-06-29,12:00,12:30,ACT032,Mediterranean Lunch #032,Mediterranean Lunch #032,Food consumption,32,2,week,30,Self,Self,,Home,in_person,scheduled,"Vegetables, lean protein, olive oil, and whole grains",Prepare or order the meal according to the assigned nutrition guideline.,"calories, fiber_g, protein_g",Return to the plan at the next meal and note the reason for deviation.,Primary activity scheduled.
2026-06-29,12:30,12:50,ACT057,Mediterranean Lunch #057,Mediterranean Lunch #057,Food consumption,57,2,week,20,Self,Self,,Home,in_person,scheduled,"Vegetables, lean protein, olive oil, and whole grains",Prepare or order the meal according to the assigned nutrition guideline.,"calories, fiber_g, protein_g",Return to the plan at the next meal and note the reason for deviation.,Primary activity scheduled.
2026-06-29,17:00,17:15,ACT011,Mobility Flow #011,Mobility Flow #011,Fitness routine / exercise,11,2,week,15,Fitness Trainer 1,Fitness Trainer,Yoga Mat,Home,in_person,scheduled,"Hip, ankle, thoracic spine, and shoulder mobility","Wear appropriate training clothes, prepare water, and confirm recovery status.","duration, pain_score, range_of_motion",Reschedule within the same week if possible; otherwise reduce next session intensity by 10%.,Primary activity scheduled.
2026-06-29,17:15,18:00,ACT056,Strength Training #056,Strength Training #056,Fitness routine / exercise,56,2,week,45,Fitness Trainer 1,Fitness Trainer,"Dumbbells, Resistance Bands",Gym,in_person,scheduled,Full-body resistance session with controlled tempo,"Wear appropriate training clothes, prepare water, and confirm recovery status.","sets, reps, load, RPE",Reschedule within the same week if possible; otherwise reduce next session intensity by 10%.,Primary activity scheduled.
2026-06-29,18:00,18:45,ACT061,Mobility Flow #061,Mobility Flow #061,Fitness routine / exercise,61,2,week,45,Fitness Trainer 1,Fitness Trainer,Yoga Mat,Home,in_person,scheduled,"Hip, ankle, thoracic spine, and shoulder mobility","Wear appropriate training clothes, prepare water, and confirm recovery status.","duration, pain_score, range_of_motion",Reschedule within the same week if possible; otherwise reduce next session intensity by 10%.,Primary activity scheduled.
2026-06-29,18:45,19:00,ACT063,Magnesium Glycinate #063,Magnesium Glycinate #063,Medication consumption,63,2,week,15,Self,Self,,Home,in_person,scheduled,Take 60 minutes before bedtime,"Confirm dose, timing, and any meal requirement before taking it.","dose_mg, sleep_quality, adherence",Follow clinician-approved missed-dose guidance and log the missed dose.,Primary activity scheduled.
2026-06-29,19:00,19:45,ACT067,Low-Glycemic Dinner #067,Low-Glycemic Dinner #067,Food consumption,67,2,week,45,Self,Self,,Home,in_person,scheduled,Control evening carbohydrate load,Prepare or order the meal according to the assigned nutrition guideline.,"carbs_g, glucose_response, sleep_quality",Return to the plan at the next meal and note the reason for deviation.,Primary activity scheduled.
2026-06-29,19:45,20:00,ACT071,Brisk Walk #071,Brisk Walk #071,Fitness routine / exercise,71,2,week,15,Fitness Trainer 1,Fitness Trainer,,Park,in_person,scheduled,Low-intensity walk after meals,"Wear appropriate training clothes, prepare water, and confirm recovery status.","steps, duration, glucose_response",Reschedule within the same week if possible; otherwise reduce next session intensity by 10%.,Primary activity scheduled.
2026-06-29,20:00,20:45,ACT072,Fermented Food Serving #072,Fermented Food Serving #072,Food consumption,72,2,week,45,Self,Self,,Home,in_person,scheduled,"Add yogurt, kimchi, kefir, or sauerkraut",Prepare or order the meal according to the assigned nutrition guideline.,"serving_size, GI_comfort_score",Return to the plan at the next meal and note the reason for deviation.,Primary activity scheduled.
2026-06-30,06:00,06:20,ACT002,High-Protein Breakfast #002,High-Protein Breakfast #002,Food consumption,2,1,week,20,Self,Self,,Home,in_person,scheduled,Consume 30-40g protein within 2 hours of waking,Prepare or order the meal according to the assigned nutrition guideline.,"protein_g, calories, satiety_score",Return to the plan at the next meal and note the reason for deviation.,Primary activity scheduled.
2026-06-30,06:30,06:50,ACT012,Hydration Protocol #012,Hydration Protocol #012,Food consumption,12,1,week,20,Self,Self,,Home,in_person,scheduled,Drink 500ml water with electrolytes,Prepare or order the meal according to the assigned nutrition guideline.,"water_ml, electrolyte_serving",Return to the plan at the next meal and note the reason for deviation.,Primary activity scheduled.
2026-06-30,07:00,08:00,ACT031,Strength Training #031,Strength Training #031,Fitness routine / exercise,31,1,week,60,Fitness Trainer 1,Fitness Trainer,"Dumbbells, Resistance Bands",Gym,in_person,scheduled,Full-body resistance session with controlled tempo,"Wear appropriate training clothes, prepare water, and confirm recovery status.","sets, reps, load, RPE",Reschedule within the same week if possible; otherwise reduce next session intensity by 10%.,Primary activity scheduled.
2026-06-30,08:00,08:20,ACT047,Fermented Food Serving #047,Fermented Food Serving #047,Food consumption,47,1,week,20,Self,Self,,Home,in_person,scheduled,"Add yogurt, kimchi, kefir, or sauerkraut",Prepare or order the meal according to the assigned nutrition guideline.,"serving_size, GI_comfort_score",Return to the plan at the next meal and note the reason for deviation.,Primary activity scheduled.
2026-06-30,08:30,08:45,ACT048,Blood Pressure Reading #048,Blood Pressure Reading #048,Medication consumption,48,1,week,15,Self,Self,Blood Pressure Cuff,Home,in_person,scheduled,Measure seated blood pressure after 5 minutes rest,"Confirm dose, timing, and any meal requirement before taking it.","systolic, diastolic, resting_hr",Follow clinician-approved missed-dose guidance and log the missed dose.,Primary activity scheduled.
2026-06-30,08:45,09:00,ACT053,Omega-3 Supplement #053,Omega-3 Supplement #053,Medication consumption,53,1,week,15,Self,Self,,Home,in_person,scheduled,Take after meal to improve tolerance,"Confirm dose, timing, and any meal requirement before taking it.","dose_mg, adherence",Follow clinician-approved missed-dose guidance and log the missed dose.,Primary activity scheduled.
2026-06-30,09:00,09:30,ACT062,Hydration Protocol #062,Hydration Protocol #062,Food consumption,62,1,week,30,Self,Self,,Home,in_person,scheduled,Drink 500ml water with electrolytes,Prepare or order the meal according to the assigned nutrition guideline.,"water_ml, electrolyte_serving",Return to the plan at the next meal and note the reason for deviation.,Primary activity scheduled.
2026-06-30,09:30,09:40,ACT078,Omega-3 Supplement #078,Omega-3 Supplement #078,Medication consumption,78,1,week,10,Self,Self,,Home,in_person,scheduled,Take after meal to improve tolerance,"Confirm dose, timing, and any meal requirement before taking it.","dose_mg, adherence",Follow clinician-approved missed-dose guidance and log the missed dose.,Primary activity scheduled.
2026-06-30,12:00,12:30,ACT032,Mediterranean Lunch #032,Mediterranean Lunch #032,Food consumption,32,1,week,30,Self,Self,,Home,in_person,scheduled,"Vegetables, lean protein, olive oil, and whole grains",Prepare or order the meal according to the assigned nutrition guideline.,"calories, fiber_g, protein_g",Return to the plan at the next meal and note the reason for deviation.,Primary activity scheduled.
2026-06-30,12:30,12:50,ACT057,Mediterranean Lunch #057,Mediterranean Lunch #057,Food consumption,57,1,week,20,Self,Self,,Home,in_person,scheduled,"Vegetables, lean protein, olive oil, and whole grains",Prepare or order the meal according to the assigned nutrition guideline.,"calories, fiber_g, protein_g",Return to the plan at the next meal and note the reason for deviation.,Primary activity scheduled.
2026-06-30,17:00,17:15,ACT011,Mobility Flow #011,Mobility Flow #011,Fitness routine / exercise,11,1,week,15,Fitness Trainer 1,Fitness Trainer,Yoga Mat,Home,in_person,scheduled,"Hip, ankle, thoracic spine, and shoulder mobility","Wear appropriate training clothes, prepare water, and confirm recovery status.","duration, pain_score, range_of_motion",Reschedule within the same week if possible; otherwise reduce next session intensity by 10%.,Primary activity scheduled.
2026-06-30,17:15,18:00,ACT056,Strength Training #056,Strength Training #056,Fitness routine / exercise,56,1,week,45,Fitness Trainer 1,Fitness Trainer,"Dumbbells, Resistance Bands",Gym,in_person,scheduled,Full-body resistance session with controlled tempo,"Wear appropriate training clothes, prepare water, and confirm recovery status.","sets, reps, load, RPE",Reschedule within the same week if possible; otherwise reduce next session intensity by 10%.,Primary activity scheduled.
2026-06-30,18:00,18:45,ACT061,Mobility Flow #061,Mobility Flow #061,Fitness routine / exercise,61,1,week,45,Fitness Trainer 1,Fitness Trainer,Yoga Mat,Home,in_person,scheduled,"Hip, ankle, thoracic spine, and shoulder mobility","Wear appropriate training clothes, prepare water, and confirm recovery status.","duration, pain_score, range_of_motion",Reschedule within the same week if possible; otherwise reduce next session intensity by 10%.,Primary activity scheduled.
2026-06-30,18:45,19:00,ACT063,Magnesium Glycinate #063,Magnesium Glycinate #063,Medication consumption,63,1,week,15,Self,Self,,Home,in_person,scheduled,Take 60 minutes before bedtime,"Confirm dose, timing, and any meal requirement before taking it.","dose_mg, sleep_quality, adherence",Follow clinician-approved missed-dose guidance and log the missed dose.,Primary activity scheduled.
2026-06-30,19:00,19:45,ACT067,Low-Glycemic Dinner #067,Low-Glycemic Dinner #067,Food consumption,67,1,week,45,Self,Self,,Home,in_person,scheduled,Control evening carbohydrate load,Prepare or order the meal according to the assigned nutrition guideline.,"carbs_g, glucose_response, sleep_quality",Return to the plan at the next meal and note the reason for deviation.,Primary activity scheduled.
2026-06-30,19:45,20:00,ACT071,Brisk Walk #071,Brisk Walk #071,Fitness routine / exercise,71,1,week,15,Fitness Trainer 1,Fitness Trainer,,Park,in_person,scheduled,Low-intensity walk after meals,"Wear appropriate training clothes, prepare water, and confirm recovery status.","steps, duration, glucose_response",Reschedule within the same week if possible; otherwise reduce next session intensity by 10%.,Primary activity scheduled.
2026-06-30,20:00,20:45,ACT072,Fermented Food Serving #072,Fermented Food Serving #072,Food consumption,72,1,week,45,Self,Self,,Home,in_person,scheduled,"Add yogurt, kimchi, kefir, or sauerkraut",Prepare or order the meal according to the assigned nutrition guideline.,"serving_size, GI_comfort_score",Return to the plan at the next meal and note the reason for deviation.,Primary activity scheduled.
2026-07-01,06:00,07:00,ACT051,Zone 2 Run #051,Zone 2 Run #051,Fitness routine / exercise,51,1,week,60,Fitness Trainer 1,Fitness Trainer,Treadmill,Park,in_person,scheduled,Maintain heart rate between 120-140 bpm,"Wear appropriate training clothes, prepare water, and confirm recovery status.","heart_rate, duration, perceived_exertion",Reschedule within the same week if possible; otherwise reduce next session intensity by 10%.,Primary activity scheduled.
2026-07-01,07:00,07:45,ACT076,Zone 2 Run #076,Zone 2 Run #076,Fitness routine / exercise,76,1,week,45,Fitness Trainer 1,Fitness Trainer,Treadmill,Park,in_person,scheduled,Maintain heart rate between 120-140 bpm,"Wear appropriate training clothes, prepare water, and confirm recovery status.","heart_rate, duration, perceived_exertion",Reschedule within the same week if possible; otherwise reduce next session intensity by 10%.,Primary activity scheduled.
2026-07-01,07:45,08:45,ACT081,Strength Training #081,Strength Training #081,Fitness routine / exercise,81,1,week,60,Fitness Trainer 1,Fitness Trainer,"Dumbbells, Resistance Bands",Gym,in_person,scheduled,Full-body resistance session with controlled tempo,"Wear appropriate training clothes, prepare water, and confirm recovery status.","sets, reps, load, RPE",Reschedule within the same week if possible; otherwise reduce next session intensity by 10%.,Primary activity scheduled.
2026-07-01,08:45,09:00,ACT091,Eye Exercise #091,Eye Exercise #091,Fitness routine / exercise,91,1,week,15,Fitness Trainer 1,Fitness Trainer,,Home,in_person,scheduled,Near-far focus drill and 20-20-20 visual breaks,"Wear appropriate training clothes, prepare water, and confirm recovery status.","duration, eye_strain_score",Reschedule within the same week if possible; otherwise reduce next session intensity by 10%.,Primary activity scheduled.
2026-07-01,17:00,17:30,ACT014,Breathwork #014,Breathwork #014,Therapy,14,1,week,30,Health Coach 3,Health Coach,,Home,in_person,scheduled,Box breathing or physiological sigh protocol,Confirm facility availability and avoid heavy meals immediately before the session.,"duration, stress_score, HRV",Replace with breathwork or recovery stretch and avoid stacking intense recovery sessions next day.,Primary activity scheduled.
2026-07-01,17:30,18:15,ACT019,Guided Meditation #019,Guided Meditation #019,Therapy,19,1,week,45,Health Coach 3,Health Coach,,Home,in_person,scheduled,Mindfulness session with body scan,Confirm facility availability and avoid heavy meals immediately before the session.,"duration, mood_score, sleep_quality",Replace with breathwork or recovery stretch and avoid stacking intense recovery sessions next day.,Primary activity scheduled.
2026-07-01,18:15,19:00,ACT024,Recovery Stretch #024,Recovery Stretch #024,Therapy,24,1,week,45,Health Coach 3,Health Coach,Yoga Mat,Home,in_person,scheduled,Parasympathetic evening stretch routine,Confirm facility availability and avoid heavy meals immediately before the session.,"duration, muscle_tightness_score",Replace with breathwork or recovery stretch and avoid stacking intense recovery sessions next day.,Primary activity scheduled.
2026-07-01,19:00,19:45,ACT039,Breathwork #039,Breathwork #039,Therapy,39,1,week,45,Health Coach 3,Health Coach,,Home,in_person,scheduled,Box breathing or physiological sigh protocol,Confirm facility availability and avoid heavy meals immediately before the session.,"duration, stress_score, HRV",Replace with breathwork or recovery stretch and avoid stacking intense recovery sessions next day.,Primary activity scheduled.
2026-07-01,19:45,20:00,ACT096,Brisk Walk #096,Brisk Walk #096,Fitness routine / exercise,96,1,week,15,Fitness Trainer 1,Fitness Trainer,,Park,in_person,scheduled,Low-intensity walk after meals,"Wear appropriate training clothes, prepare water, and confirm recovery status.","steps, duration, glucose_response",Reschedule within the same week if possible; otherwise reduce next session intensity by 10%.,Primary activity scheduled.
2026-07-02,06:00,06:10,ACT068,Glucose Monitor Check #068,Glucose Monitor Check #068,Medication consumption,68,1,week,10,Self,Self,Glucose Meter,Home,in_person,scheduled,Record fasting glucose and notes,"Confirm dose, timing, and any meal requirement before taking it.","glucose_mg_dL, fasting_hours",Follow clinician-approved missed-dose guidance and log the missed dose.,Primary activity scheduled.
2026-07-02,06:15,07:00,ACT077,High-Protein Breakfast #077,High-Protein Breakfast #077,Food consumption,77,1,week,45,Self,Self,,Home,in_person,scheduled,Consume 30-40g protein within 2 hours of waking,Prepare or order the meal according to the assigned nutrition guideline.,"protein_g, calories, satiety_score",Return to the plan at the next meal and note the reason for deviation.,Primary activity scheduled.
2026-07-02,07:00,07:45,ACT084,Cold Plunge #084,Cold Plunge #084,Therapy,84,1,week,45,Self,Self,Cold Plunge,Wellness Center,in_person,scheduled,2-3 minutes controlled cold exposure,Confirm facility availability and avoid heavy meals immediately before the session.,"duration, temperature, stress_score",Replace with breathwork or recovery stretch and avoid stacking intense recovery sessions next day.,Primary activity scheduled.
2026-07-02,07:45,08:30,ACT092,Low-Glycemic Dinner #092,Low-Glycemic Dinner #092,Food consumption,92,1,week,45,Self,Self,,Home,in_person,scheduled,Control evening carbohydrate load,Prepare or order the meal according to the assigned nutrition guideline.,"carbs_g, glucose_response, sleep_quality",Return to the plan at the next meal and note the reason for deviation.,Primary activity scheduled.
2026-07-02,08:30,09:00,ACT094,Breathwork,Guided Meditation #094,Therapy,94,1,week,30,Self,Self,,Home,in_person,backup_used,Mindfulness session with body scan,Confirm facility availability and avoid heavy meals immediately before the session.,"duration, mood_score, sleep_quality",Replace with breathwork or recovery stretch and avoid stacking intense recovery sessions next day.,Primary activity unavailable. Used backup: Breathwork.
2026-07-02,09:00,09:10,ACT098,Blood Pressure Reading #098,Blood Pressure Reading #098,Medication consumption,98,1,week,10,Self,Self,Blood Pressure Cuff,Home,in_person,scheduled,Measure seated blood pressure after 5 minutes rest,"Confirm dose, timing, and any meal requirement before taking it.","systolic, diastolic, resting_hr",Follow clinician-approved missed-dose guidance and log the missed dose.,Primary activity scheduled.
2026-07-02,09:15,10:00,ACT099,Recovery Stretch #099,Recovery Stretch #099,Therapy,99,1,week,45,Self,Self,Yoga Mat,Home,in_person,scheduled,Parasympathetic evening stretch routine,Confirm facility availability and avoid heavy meals immediately before the session.,"duration, muscle_tightness_score",Replace with breathwork or recovery stretch and avoid stacking intense recovery sessions next day.,Primary activity scheduled.
2026-07-02,12:00,12:20,ACT082,Mediterranean Lunch #082,Mediterranean Lunch #082,Food consumption,82,1,week,20,Self,Self,,Home,in_person,scheduled,"Vegetables, lean protein, olive oil, and whole grains",Prepare or order the meal according to the assigned nutrition guideline.,"calories, fiber_g, protein_g",Return to the plan at the next meal and note the reason for deviation.,Primary activity scheduled.
2026-07-02,17:00,17:45,ACT001,Zone 2 Run #001,Zone 2 Run #001,Fitness routine / exercise,1,1,week,45,Fitness Trainer 1,Fitness Trainer,Treadmill,Park,in_person,scheduled,Maintain heart rate between 120-140 bpm,"Wear appropriate training clothes, prepare water, and confirm recovery status.","heart_rate, duration, perceived_exertion",Reschedule within the same week if possible; otherwise reduce next session intensity by 10%.,Primary activity scheduled.
2026-07-02,17:45,18:30,ACT026,Zone 2 Run #026,Zone 2 Run #026,Fitness routine / exercise,26,1,week,45,Fitness Trainer 1,Fitness Trainer,Treadmill,Park,in_person,scheduled,Maintain heart rate between 120-140 bpm,"Wear appropriate training clothes, prepare water, and confirm recovery status.","heart_rate, duration, perceived_exertion",Reschedule within the same week if possible; otherwise reduce next session intensity by 10%.,Primary activity scheduled.
2026-07-02,18:30,19:15,ACT036,Mobility Flow #036,Mobility Flow #036,Fitness routine / exercise,36,1,week,45,Fitness Trainer 1,Fitness Trainer,Yoga Mat,Home,in_person,scheduled,"Hip, ankle, thoracic spine, and shoulder mobility","Wear appropriate training clothes, prepare water, and confirm recovery status.","duration, pain_score, range_of_motion",Reschedule within the same week if possible; otherwise reduce next session intensity by 10%.,Primary activity scheduled.
2026-07-02,19:15,20:00,ACT041,Eye Exercise #041,Eye Exercise #041,Fitness routine / exercise,41,1,week,45,Fitness Trainer 1,Fitness Trainer,,Home,in_person,scheduled,Near-far focus drill and 20-20-20 visual breaks,"Wear appropriate training clothes, prepare water, and confirm recovery status.","duration, eye_strain_score",Reschedule within the same week if possible; otherwise reduce next session intensity by 10%.,Primary activity scheduled.
2026-07-02,20:00,20:30,ACT049,Breathwork,Recovery Stretch #049,Therapy,49,1,week,30,Self,Self,,Home,in_person,backup_used,Parasympathetic evening stretch routine,Confirm facility availability and avoid heavy meals immediately before the session.,"duration, muscle_tightness_score",Replace with breathwork or recovery stretch and avoid stacking intense recovery sessions next day.,Primary activity unavailable. Used backup: Breathwork.
2026-07-02,20:30,21:00,ACT069,Breathwork,Guided Meditation #069,Therapy,69,1,week,30,Self,Self,,Home,in_person,backup_used,Mindfulness session with body scan,Confirm facility availability and avoid heavy meals immediately before the session.,"duration, mood_score, sleep_quality",Replace with breathwork or recovery stretch and avoid stacking intense recovery sessions next day.,Primary activity unavailable. Used backup: Breathwork.
2026-07-03,06:00,06:10,ACT003,Omega-3 Supplement #003,Omega-3 Supplement #003,Medication consumption,3,1,week,10,Self,Self,,Home,in_person,scheduled,Take after meal to improve tolerance,"Confirm dose, timing, and any meal requirement before taking it.","dose_mg, adherence",Follow clinician-approved missed-dose guidance and log the missed dose.,Primary activity scheduled.
2026-07-03,06:15,06:25,ACT008,Vitamin D3 #008,Vitamin D3 #008,Medication consumption,8,1,week,10,Self,Self,,Home,in_person,scheduled,Take with fat-containing meal,"Confirm dose, timing, and any meal requirement before taking it.","dose_IU, adherence",Follow clinician-approved missed-dose guidance and log the missed dose.,Primary activity scheduled.
2026-07-03,06:30,06:45,ACT018,Glucose Monitor Check #018,Glucose Monitor Check #018,Medication consumption,18,1,week,15,Self,Self,Glucose Meter,Home,in_person,scheduled,Record fasting glucose and notes,"Confirm dose, timing, and any meal requirement before taking it.","glucose_mg_dL, fasting_hours",Follow clinician-approved missed-dose guidance and log the missed dose.,Primary activity scheduled.
2026-07-03,06:45,07:15,ACT022,Fermented Food Serving #022,Fermented Food Serving #022,Food consumption,22,1,week,30,Self,Self,,Home,in_person,scheduled,"Add yogurt, kimchi, kefir, or sauerkraut",Prepare or order the meal according to the assigned nutrition guideline.,"serving_size, GI_comfort_score",Return to the plan at the next meal and note the reason for deviation.,Primary activity scheduled.
2026-07-03,07:15,07:30,ACT023,Blood Pressure Reading #023,Blood Pressure Reading #023,Medication consumption,23,1,week,15,Self,Self,Blood Pressure Cuff,Home,in_person,scheduled,Measure seated blood pressure after 5 minutes rest,"Confirm dose, timing, and any meal requirement before taking it.","systolic, diastolic, resting_hr",Follow clinician-approved missed-dose guidance and log the missed dose.,Primary activity scheduled.
2026-07-03,07:30,08:00,ACT027,High-Protein Breakfast #027,High-Protein Breakfast #027,Food consumption,27,1,week,30,Self,Self,,Home,in_person,scheduled,Consume 30-40g protein within 2 hours of waking,Prepare or order the meal according to the assigned nutrition guideline.,"protein_g, calories, satiety_score",Return to the plan at the next meal and note the reason for deviation.,Primary activity scheduled.
2026-07-03,08:00,08:10,ACT028,Omega-3 Supplement #028,Omega-3 Supplement #028,Medication consumption,28,1,week,10,Self,Self,,Home,in_person,scheduled,Take after meal to improve tolerance,"Confirm dose, timing, and any meal requirement before taking it.","dose_mg, adherence",Follow clinician-approved missed-dose guidance and log the missed dose.,Primary activity scheduled.
2026-07-03,08:15,08:30,ACT033,Vitamin D3 #033,Vitamin D3 #033,Medication consumption,33,1,week,15,Self,Self,,Home,in_person,scheduled,Take with fat-containing meal,"Confirm dose, timing, and any meal requirement before taking it.","dose_IU, adherence",Follow clinician-approved missed-dose guidance and log the missed dose.,Primary activity scheduled.
2026-07-03,08:30,09:15,ACT034,Cold Plunge #034,Cold Plunge #034,Therapy,34,1,week,45,Self,Self,Cold Plunge,Wellness Center,in_person,scheduled,2-3 minutes controlled cold exposure,Confirm facility availability and avoid heavy meals immediately before the session.,"duration, temperature, stress_score",Replace with breathwork or recovery stretch and avoid stacking intense recovery sessions next day.,Primary activity scheduled.
2026-07-03,09:15,09:35,ACT037,Hydration Protocol #037,Hydration Protocol #037,Food consumption,37,1,week,20,Self,Self,,Home,in_person,scheduled,Drink 500ml water with electrolytes,Prepare or order the meal according to the assigned nutrition guideline.,"water_ml, electrolyte_serving",Return to the plan at the next meal and note the reason for deviation.,Primary activity scheduled.
2026-07-03,09:45,10:00,ACT043,Glucose Monitor Check #043,Glucose Monitor Check #043,Medication consumption,43,1,week,15,Self,Self,Glucose Meter,Home,in_person,scheduled,Record fasting glucose and notes,"Confirm dose, timing, and any meal requirement before taking it.","glucose_mg_dL, fasting_hours",Follow clinician-approved missed-dose guidance and log the missed dose.,Primary activity scheduled.
2026-07-03,12:00,12:20,ACT007,Mediterranean Lunch #007,Mediterranean Lunch #007,Food consumption,7,1,week,20,Self,Self,,Home,in_person,scheduled,"Vegetables, lean protein, olive oil, and whole grains",Prepare or order the meal according to the assigned nutrition guideline.,"calories, fiber_g, protein_g",Return to the plan at the next meal and note the reason for deviation.,Primary activity scheduled.
2026-07-03,12:30,12:50,ACT042,Low-Glycemic Dinner #042,Low-Glycemic Dinner #042,Food consumption,42,1,week,20,Self,Self,,Home,in_person,scheduled,Control evening carbohydrate load,Prepare or order the meal according to the assigned nutrition guideline.,"carbs_g, glucose_response, sleep_quality",Return to the plan at the next meal and note the reason for deviation.,Primary activity scheduled.
2026-07-03,13:00,13:30,ACT044,Breathwork,Guided Meditation #044,Therapy,44,1,week,30,Self,Self,,Home,in_person,backup_used,Mindfulness session with body scan,Confirm facility availability and avoid heavy meals immediately before the session.,"duration, mood_score, sleep_quality",Replace with breathwork or recovery stretch and avoid stacking intense recovery sessions next day.,Primary activity unavailable. Used backup: Breathwork.
2026-07-03,17:00,17:45,ACT004,Sauna Session #004,Sauna Session #004,Therapy,4,1,week,45,Self,Self,Sauna,Wellness Center,in_person,scheduled,15-20 minutes moderate heat exposure,Confirm facility availability and avoid heavy meals immediately before the session.,"duration, temperature, recovery_score",Replace with breathwork or recovery stretch and avoid stacking intense recovery sessions next day.,Primary activity scheduled.
2026-07-03,17:45,18:45,ACT006,Strength Training #006,Strength Training #006,Fitness routine / exercise,6,1,week,60,Fitness Trainer 1,Fitness Trainer,"Dumbbells, Resistance Bands",Gym,in_person,scheduled,Full-body resistance session with controlled tempo,"Wear appropriate training clothes, prepare water, and confirm recovery status.","sets, reps, load, RPE",Reschedule within the same week if possible; otherwise reduce next session intensity by 10%.,Primary activity scheduled.
2026-07-03,18:45,19:30,ACT009,Cold Plunge #009,Cold Plunge #009,Therapy,9,1,week,45,Self,Self,Cold Plunge,Wellness Center,in_person,scheduled,2-3 minutes controlled cold exposure,Confirm facility availability and avoid heavy meals immediately before the session.,"duration, temperature, stress_score",Replace with breathwork or recovery stretch and avoid stacking intense recovery sessions next day.,Primary activity scheduled.
2026-07-03,19:30,19:45,ACT013,Magnesium Glycinate #013,Magnesium Glycinate #013,Medication consumption,13,1,week,15,Self,Self,,Home,in_person,scheduled,Take 60 minutes before bedtime,"Confirm dose, timing, and any meal requirement before taking it.","dose_mg, sleep_quality, adherence",Follow clinician-approved missed-dose guidance and log the missed dose.,Primary activity scheduled.
2026-07-03,19:45,20:15,ACT017,Low-Glycemic Dinner #017,Low-Glycemic Dinner #017,Food consumption,17,1,week,30,Self,Self,,Home,in_person,scheduled,Control evening carbohydrate load,Prepare or order the meal according to the assigned nutrition guideline.,"carbs_g, glucose_response, sleep_quality",Return to the plan at the next meal and note the reason for deviation.,Primary activity scheduled.
2026-07-03,20:15,20:45,ACT029,Sauna Session #029,Sauna Session #029,Therapy,29,1,week,30,Self,Self,Sauna,Wellness Center,in_person,scheduled,15-20 minutes moderate heat exposure,Confirm facility availability and avoid heavy meals immediately before the session.,"duration, temperature, recovery_score",Replace with breathwork or recovery stretch and avoid stacking intense recovery sessions next day.,Primary activity scheduled.
2026-07-03,20:45,21:00,ACT038,Magnesium Glycinate #038,Magnesium Glycinate #038,Medication consumption,38,1,week,15,Self,Self,,Home,in_person,scheduled,Take 60 minutes before bedtime,"Confirm dose, timing, and any meal requirement before taking it.","dose_mg, sleep_quality, adherence",Follow clinician-approved missed-dose guidance and log the missed dose.,Primary activity scheduled.
2026-07-04,08:00,08:45,ACT052,High-Protein Breakfast #052,High-Protein Breakfast #052,Food consumption,52,1,week,45,Self,Self,,Home,in_person,scheduled,Consume 30-40g protein within 2 hours of waking,Prepare or order the meal according to the assigned nutrition guideline.,"protein_g, calories, satiety_score",Return to the plan at the next meal and note the reason for deviation.,Primary activity scheduled.
2026-07-04,08:45,08:55,ACT058,Vitamin D3 #058,Vitamin D3 #058,Medication consumption,58,1,week,10,Self,Self,,Home,in_person,scheduled,Take with fat-containing meal,"Confirm dose, timing, and any meal requirement before taking it.","dose_IU, adherence",Follow clinician-approved missed-dose guidance and log the missed dose.,Primary activity scheduled.
2026-07-04,09:00,09:10,ACT073,Blood Pressure Reading #073,Blood Pressure Reading #073,Medication consumption,73,1,week,10,Self,Self,Blood Pressure Cuff,Home,in_person,scheduled,Measure seated blood pressure after 5 minutes rest,"Confirm dose, timing, and any meal requirement before taking it.","systolic, diastolic, resting_hr",Follow clinician-approved missed-dose guidance and log the missed dose.,Primary activity scheduled.
2026-07-04,09:15,09:45,ACT074,Breathwork,Recovery Stretch #074,Therapy,74,1,week,30,Self,Self,,Home,in_person,backup_used,Parasympathetic evening stretch routine,Confirm facility availability and avoid heavy meals immediately before the session.,"duration, muscle_tightness_score",Replace with breathwork or recovery stretch and avoid stacking intense recovery sessions next day.,Primary activity unavailable. Used backup: Breathwork.
2026-07-04,09:45,09:55,ACT083,Vitamin D3 #083,Vitamin D3 #083,Medication consumption,83,1,week,10,Self,Self,,Home,in_person,scheduled,Take with fat-containing meal,"Confirm dose, timing, and any meal requirement before taking it.","dose_IU, adherence",Follow clinician-approved missed-dose guidance and log the missed dose.,Primary activity scheduled.
2026-07-04,10:00,10:45,ACT087,Hydration Protocol #087,Hydration Protocol #087,Food consumption,87,1,week,45,Self,Self,,Home,in_person,scheduled,Drink 500ml water with electrolytes,Prepare or order the meal according to the assigned nutrition guideline.,"water_ml, electrolyte_serving",Return to the plan at the next meal and note the reason for deviation.,Primary activity scheduled.
2026-07-04,10:45,11:00,ACT093,Glucose Monitor Check #093,Glucose Monitor Check #093,Medication consumption,93,1,week,15,Self,Self,Glucose Meter,Home,in_person,scheduled,Record fasting glucose and notes,"Confirm dose, timing, and any meal requirement before taking it.","glucose_mg_dL, fasting_hours",Follow clinician-approved missed-dose guidance and log the missed dose.,Primary activity scheduled.
2026-07-04,11:00,11:20,ACT097,Fermented Food Serving #097,Fermented Food Serving #097,Food consumption,97,1,week,20,Self,Self,,Home,in_person,scheduled,"Add yogurt, kimchi, kefir, or sauerkraut",Prepare or order the meal according to the assigned nutrition guideline.,"serving_size, GI_comfort_score",Return to the plan at the next meal and note the reason for deviation.,Primary activity scheduled.
2026-07-04,14:00,14:30,ACT054,Breathwork,Sauna Session #054,Therapy,54,1,week,30,Self,Self,,Wellness Center,in_person,backup_used,15-20 minutes moderate heat exposure,Confirm facility availability and avoid heavy meals immediately before the session.,"duration, temperature, recovery_score",Replace with breathwork or recovery stretch and avoid stacking intense recovery sessions next day.,Primary activity unavailable. Used backup: Breathwork.
2026-07-04,14:30,15:00,ACT064,Breathwork,Breathwork #064,Therapy,64,1,week,30,Self,Self,,Home,in_person,backup_used,Box breathing or physiological sigh protocol,Confirm facility availability and avoid heavy meals immediately before the session.,"duration, stress_score, HRV",Replace with breathwork or recovery stretch and avoid stacking intense recovery sessions next day.,Primary activity unavailable. Used backup: Breathwork.
2026-07-04,15:00,15:30,ACT079,Breathwork,Sauna Session #079,Therapy,79,1,week,30,Self,Self,,Wellness Center,in_person,backup_used,15-20 minutes moderate heat exposure,Confirm facility availability and avoid heavy meals immediately before the session.,"duration, temperature, recovery_score",Replace with breathwork or recovery stretch and avoid stacking intense recovery sessions next day.,Primary activity unavailable. Used backup: Breathwork.
2026-07-04,15:30,16:00,ACT089,Breathwork,Breathwork #089,Therapy,89,1,week,30,Self,Self,,Home,in_person,backup_used,Box breathing or physiological sigh protocol,Confirm facility availability and avoid heavy meals immediately before the session.,"duration, stress_score, HRV",Replace with breathwork or recovery stretch and avoid stacking intense recovery sessions next day.,Primary activity unavailable. Used backup: Breathwork.
2026-07-04,16:00,16:45,ACT059,Cold Plunge #059,Cold Plunge #059,Therapy,59,1,week,45,Self,Self,Cold Plunge,Wellness Center,in_person,scheduled,2-3 minutes controlled cold exposure,Confirm facility availability and avoid heavy meals immediately before the session.,"duration, temperature, stress_score",Replace with breathwork or recovery stretch and avoid stacking intense recovery sessions next day.,Primary activity scheduled.
2026-07-04,17:00,17:30,ACT016,Eye Exercise #016,Eye Exercise #016,Fitness routine / exercise,16,1,week,30,Fitness Trainer 1,Fitness Trainer,,Home,in_person,scheduled,Near-far focus drill and 20-20-20 visual breaks,"Wear appropriate training clothes, prepare water, and confirm recovery status.","duration, eye_strain_score",Reschedule within the same week if possible; otherwise reduce next session intensity by 10%.,Primary activity scheduled.
2026-07-04,17:30,18:15,ACT021,Brisk Walk #021,Brisk Walk #021,Fitness routine / exercise,21,1,week,45,Fitness Trainer 1,Fitness Trainer,,Park,in_person,scheduled,Low-intensity walk after meals,"Wear appropriate training clothes, prepare water, and confirm recovery status.","steps, duration, glucose_response",Reschedule within the same week if possible; otherwise reduce next session intensity by 10%.,Primary activity scheduled.
2026-07-04,18:15,18:25,ACT088,Magnesium Glycinate #088,Magnesium Glycinate #088,Medication consumption,88,1,week,10,Self,Self,,Home,in_person,scheduled,Take 60 minutes before bedtime,"Confirm dose, timing, and any meal requirement before taking it.","dose_mg, sleep_quality, adherence",Follow clinician-approved missed-dose guidance and log the missed dose.,Primary activity scheduled.
2026-07-05,08:00,09:00,ACT031,Strength Training #031,Strength Training #031,Fitness routine / exercise,31,2,week,60,Fitness Trainer 1,Fitness Trainer,"Dumbbells, Resistance Bands",Gym,in_person,scheduled,Full-body resistance session with controlled tempo,"Wear appropriate training clothes, prepare water, and confirm recovery status.","sets, reps, load, RPE",Reschedule within the same week if possible; otherwise reduce next session intensity by 10%.,Primary activity scheduled.
2026-07-05,09:00,09:45,ACT046,Brisk Walk #046,Brisk Walk #046,Fitness routine / exercise,46,1,week,45,Fitness Trainer 1,Fitness Trainer,,Park,in_person,scheduled,Low-intensity walk after meals,"Wear appropriate training clothes, prepare water, and confirm recovery status.","steps, duration, glucose_response",Reschedule within the same week if possible; otherwise reduce next session intensity by 10%.,Primary activity scheduled.
2026-07-05,09:45,10:30,ACT056,Strength Training #056,Strength Training #056,Fitness routine / exercise,56,2,week,45,Fitness Trainer 1,Fitness Trainer,"Dumbbells, Resistance Bands",Gym,in_person,scheduled,Full-body resistance session with controlled tempo,"Wear appropriate training clothes, prepare water, and confirm recovery status.","sets, reps, load, RPE",Reschedule within the same week if possible; otherwise reduce next session intensity by 10%.,Primary activity scheduled.
2026-07-05,10:30,11:15,ACT066,Eye Exercise #066,Eye Exercise #066,Fitness routine / exercise,66,1,week,45,Fitness Trainer 1,Fitness Trainer,,Home,in_person,scheduled,Near-far focus drill and 20-20-20 visual breaks,"Wear appropriate training clothes, prepare water, and confirm recovery status.","duration, eye_strain_score",Reschedule within the same week if possible; otherwise reduce next session intensity by 10%.,Primary activity scheduled.
2026-07-05,11:15,12:00,ACT086,Mobility Flow #086,Mobility Flow #086,Fitness routine / exercise,86,1,week,45,Fitness Trainer 1,Fitness Trainer,Yoga Mat,Home,in_person,scheduled,"Hip, ankle, thoracic spine, and shoulder mobility","Wear appropriate training clothes, prepare water, and confirm recovery status.","duration, pain_score, range_of_motion",Reschedule within the same week if possible; otherwise reduce next session intensity by 10%.,Primary activity scheduled.
2026-07-06,06:00,06:20,ACT002,High-Protein Breakfast #002,High-Protein Breakfast #002,Food consumption,2,2,week,20,Self,Self,,Home,in_person,scheduled,Consume 30-40g protein within 2 hours of waking,Prepare or order the meal according to the assigned nutrition guideline.,"protein_g, calories, satiety_score",Return to the plan at the next meal and note the reason for deviation.,Primary activity scheduled.
2026-07-06,06:30,06:50,ACT012,Hydration Protocol #012,Hydration Protocol #012,Food consumption,12,2,week,20,Self,Self,,Home,in_person,scheduled,Drink 500ml water with electrolytes,Prepare or order the meal according to the assigned nutrition guideline.,"water_ml, electrolyte_serving",Return to the plan at the next meal and note the reason for deviation.,Primary activity scheduled.
2026-07-06,07:00,07:20,ACT047,Fermented Food Serving #047,Fermented Food Serving #047,Food consumption,47,2,week,20,Self,Self,,Home,in_person,scheduled,"Add yogurt, kimchi, kefir, or sauerkraut",Prepare or order the meal according to the assigned nutrition guideline.,"serving_size, GI_comfort_score",Return to the plan at the next meal and note the reason for deviation.,Primary activity scheduled.
2026-07-06,07:30,07:45,ACT048,Blood Pressure Reading #048,Blood Pressure Reading #048,Medication consumption,48,2,week,15,Self,Self,Blood Pressure Cuff,Home,in_person,scheduled,Measure seated blood pressure after 5 minutes rest,"Confirm dose, timing, and any meal requirement before taking it.","systolic, diastolic, resting_hr",Follow clinician-approved missed-dose guidance and log the missed dose.,Primary activity scheduled.
2026-07-06,07:45,08:00,ACT053,Omega-3 Supplement #053,Omega-3 Supplement #053,Medication consumption,53,2,week,15,Self,Self,,Home,in_person,scheduled,Take after meal to improve tolerance,"Confirm dose, timing, and any meal requirement before taking it.","dose_mg, adherence",Follow clinician-approved missed-dose guidance and log the missed dose.,Primary activity scheduled.
2026-07-06,08:00,08:45,ACT061,Mobility Flow #061,Mobility Flow #061,Fitness routine / exercise,61,2,week,45,Fitness Trainer 1,Fitness Trainer,Yoga Mat,Home,in_person,scheduled,"Hip, ankle, thoracic spine, and shoulder mobility","Wear appropriate training clothes, prepare water, and confirm recovery status.","duration, pain_score, range_of_motion",Reschedule within the same week if possible; otherwise reduce next session intensity by 10%.,Primary activity scheduled.
2026-07-06,08:45,09:15,ACT062,Hydration Protocol #062,Hydration Protocol #062,Food consumption,62,2,week,30,Self,Self,,Home,in_person,scheduled,Drink 500ml water with electrolytes,Prepare or order the meal according to the assigned nutrition guideline.,"water_ml, electrolyte_serving",Return to the plan at the next meal and note the reason for deviation.,Primary activity scheduled.
2026-07-06,09:15,10:00,ACT072,Fermented Food Serving #072,Fermented Food Serving #072,Food consumption,72,2,week,45,Self,Self,,Home,in_person,scheduled,"Add yogurt, kimchi, kefir, or sauerkraut",Prepare or order the meal according to the assigned nutrition guideline.,"serving_size, GI_comfort_score",Return to the plan at the next meal and note the reason for deviation.,Primary activity scheduled.
2026-07-06,12:00,12:30,ACT032,Mediterranean Lunch #032,Mediterranean Lunch #032,Food consumption,32,2,week,30,Self,Self,,Home,in_person,scheduled,"Vegetables, lean protein, olive oil, and whole grains",Prepare or order the meal according to the assigned nutrition guideline.,"calories, fiber_g, protein_g",Return to the plan at the next meal and note the reason for deviation.,Primary activity scheduled.
2026-07-06,12:30,12:50,ACT057,Mediterranean Lunch #057,Mediterranean Lunch #057,Food consumption,57,2,week,20,Self,Self,,Home,in_person,scheduled,"Vegetables, lean protein, olive oil, and whole grains",Prepare or order the meal according to the assigned nutrition guideline.,"calories, fiber_g, protein_g",Return to the plan at the next meal and note the reason for deviation.,Primary activity scheduled.
2026-07-06,13:00,13:10,ACT078,Omega-3 Supplement #078,Omega-3 Supplement #078,Medication consumption,78,2,week,10,Self,Self,,Home,in_person,scheduled,Take after meal to improve tolerance,"Confirm dose, timing, and any meal requirement before taking it.","dose_mg, adherence",Follow clinician-approved missed-dose guidance and log the missed dose.,Primary activity scheduled.
2026-07-06,17:00,17:15,ACT011,Mobility Flow #011,Mobility Flow #011,Fitness routine / exercise,11,2,week,15,Fitness Trainer 1,Fitness Trainer,Yoga Mat,Home,in_person,scheduled,"Hip, ankle, thoracic spine, and shoulder mobility","Wear appropriate training clothes, prepare water, and confirm recovery status.","duration, pain_score, range_of_motion",Reschedule within the same week if possible; otherwise reduce next session intensity by 10%.,Primary activity scheduled.
2026-07-06,17:15,17:30,ACT063,Magnesium Glycinate #063,Magnesium Glycinate #063,Medication consumption,63,2,week,15,Self,Self,,Home,in_person,scheduled,Take 60 minutes before bedtime,"Confirm dose, timing, and any meal requirement before taking it.","dose_mg, sleep_quality, adherence",Follow clinician-approved missed-dose guidance and log the missed dose.,Primary activity scheduled.
2026-07-06,17:30,18:15,ACT067,Low-Glycemic Dinner #067,Low-Glycemic Dinner #067,Food consumption,67,2,week,45,Self,Self,,Home,in_person,scheduled,Control evening carbohydrate load,Prepare or order the meal according to the assigned nutrition guideline.,"carbs_g, glucose_response, sleep_quality",Return to the plan at the next meal and note the reason for deviation.,Primary activity scheduled.
2026-07-06,18:15,18:30,ACT071,Brisk Walk #071,Brisk Walk #071,Fitness routine / exercise,71,2,week,15,Fitness Trainer 1,Fitness Trainer,,Park,in_person,scheduled,Low-intensity walk after meals,"Wear appropriate training clothes, prepare water, and confirm recovery status.","steps, duration, glucose_response",Reschedule within the same week if possible; otherwise reduce next session intensity by 10%.,Primary activity scheduled.
2026-07-06,18:30,18:45,ACT091,Eye Exercise #091,Eye Exercise #091,Fitness routine / exercise,91,2,week,15,Fitness Trainer 1,Fitness Trainer,,Home,in_person,scheduled,Near-far focus drill and 20-20-20 visual breaks,"Wear appropriate training clothes, prepare water, and confirm recovery status.","duration, eye_strain_score",Reschedule within the same week if possible; otherwise reduce next session intensity by 10%.,Primary activity scheduled.
2026-07-06,18:45,19:00,ACT096,Brisk Walk #096,Brisk Walk #096,Fitness routine / exercise,96,2,week,15,Fitness Trainer 1,Fitness Trainer,,Park,in_person,scheduled,Low-intensity walk after meals,"Wear appropriate training clothes, prepare water, and confirm recovery status.","steps, duration, glucose_response",Reschedule within the same week if possible; otherwise reduce next session intensity by 10%.,Primary activity scheduled.
2026-07-07,06:00,06:20,ACT002,High-Protein Breakfast #002,High-Protein Breakfast #002,Food consumption,2,1,week,20,Self,Self,,Home,in_person,scheduled,Consume 30-40g protein within 2 hours of waking,Prepare or order the meal according to the assigned nutrition guideline.,"protein_g, calories, satiety_score",Return to the plan at the next meal and note the reason for deviation.,Primary activity scheduled.
2026-07-07,06:30,06:50,ACT012,Hydration Protocol #012,Hydration Protocol #012,Food consumption,12,1,week,20,Self,Self,,Home,in_person,scheduled,Drink 500ml water with electrolytes,Prepare or order the meal according to the assigned nutrition guideline.,"water_ml, electrolyte_serving",Return to the plan at the next meal and note the reason for deviation.,Primary activity scheduled.
2026-07-07,07:00,08:00,ACT031,Strength Training #031,Strength Training #031,Fitness routine / exercise,31,1,week,60,Fitness Trainer 1,Fitness Trainer,"Dumbbells, Resistance Bands",Gym,in_person,scheduled,Full-body resistance session with controlled tempo,"Wear appropriate training clothes, prepare water, and confirm recovery status.","sets, reps, load, RPE",Reschedule within the same week if possible; otherwise reduce next session intensity by 10%.,Primary activity scheduled.
2026-07-07,08:00,08:20,ACT047,Fermented Food Serving #047,Fermented Food Serving #047,Food consumption,47,1,week,20,Self,Self,,Home,in_person,scheduled,"Add yogurt, kimchi, kefir, or sauerkraut",Prepare or order the meal according to the assigned nutrition guideline.,"serving_size, GI_comfort_score",Return to the plan at the next meal and note the reason for deviation.,Primary activity scheduled.
2026-07-07,08:30,08:45,ACT048,Blood Pressure Reading #048,Blood Pressure Reading #048,Medication consumption,48,1,week,15,Self,Self,Blood Pressure Cuff,Home,in_person,scheduled,Measure seated blood pressure after 5 minutes rest,"Confirm dose, timing, and any meal requirement before taking it.","systolic, diastolic, resting_hr",Follow clinician-approved missed-dose guidance and log the missed dose.,Primary activity scheduled.
2026-07-07,08:45,09:00,ACT053,Omega-3 Supplement #053,Omega-3 Supplement #053,Medication consumption,53,1,week,15,Self,Self,,Home,in_person,scheduled,Take after meal to improve tolerance,"Confirm dose, timing, and any meal requirement before taking it.","dose_mg, adherence",Follow clinician-approved missed-dose guidance and log the missed dose.,Primary activity scheduled.
2026-07-07,09:00,09:30,ACT062,Hydration Protocol #062,Hydration Protocol #062,Food consumption,62,1,week,30,Self,Self,,Home,in_person,scheduled,Drink 500ml water with electrolytes,Prepare or order the meal according to the assigned nutrition guideline.,"water_ml, electrolyte_serving",Return to the plan at the next meal and note the reason for deviation.,Primary activity scheduled.
2026-07-07,09:30,09:40,ACT078,Omega-3 Supplement #078,Omega-3 Supplement #078,Medication consumption,78,1,week,10,Self,Self,,Home,in_person,scheduled,Take after meal to improve tolerance,"Confirm dose, timing, and any meal requirement before taking it.","dose_mg, adherence",Follow clinician-approved missed-dose guidance and log the missed dose.,Primary activity scheduled.
2026-07-07,12:00,12:30,ACT032,Mediterranean Lunch #032,Mediterranean Lunch #032,Food consumption,32,1,week,30,Self,Self,,Home,in_person,scheduled,"Vegetables, lean protein, olive oil, and whole grains",Prepare or order the meal according to the assigned nutrition guideline.,"calories, fiber_g, protein_g",Return to the plan at the next meal and note the reason for deviation.,Primary activity scheduled.
2026-07-07,12:30,12:50,ACT057,Mediterranean Lunch #057,Mediterranean Lunch #057,Food consumption,57,1,week,20,Self,Self,,Home,in_person,scheduled,"Vegetables, lean protein, olive oil, and whole grains",Prepare or order the meal according to the assigned nutrition guideline.,"calories, fiber_g, protein_g",Return to the plan at the next meal and note the reason for deviation.,Primary activity scheduled.
2026-07-07,17:00,17:15,ACT011,Mobility Flow #011,Mobility Flow #011,Fitness routine / exercise,11,1,week,15,Fitness Trainer 1,Fitness Trainer,Yoga Mat,Home,in_person,scheduled,"Hip, ankle, thoracic spine, and shoulder mobility","Wear appropriate training clothes, prepare water, and confirm recovery status.","duration, pain_score, range_of_motion",Reschedule within the same week if possible; otherwise reduce next session intensity by 10%.,Primary activity scheduled.
2026-07-07,17:15,18:00,ACT056,Strength Training #056,Strength Training #056,Fitness routine / exercise,56,1,week,45,Fitness Trainer 1,Fitness Trainer,"Dumbbells, Resistance Bands",Gym,in_person,scheduled,Full-body resistance session with controlled tempo,"Wear appropriate training clothes, prepare water, and confirm recovery status.","sets, reps, load, RPE",Reschedule within the same week if possible; otherwise reduce next session intensity by 10%.,Primary activity scheduled.
2026-07-07,18:00,18:45,ACT061,Mobility Flow #061,Mobility Flow #061,Fitness routine / exercise,61,1,week,45,Fitness Trainer 1,Fitness Trainer,Yoga Mat,Home,in_person,scheduled,"Hip, ankle, thoracic spine, and shoulder mobility","Wear appropriate training clothes, prepare water, and confirm recovery status.","duration, pain_score, range_of_motion",Reschedule within the same week if possible; otherwise reduce next session intensity by 10%.,Primary activity scheduled.
2026-07-07,18:45,19:00,ACT063,Magnesium Glycinate #063,Magnesium Glycinate #063,Medication consumption,63,1,week,15,Self,Self,,Home,in_person,scheduled,Take 60 minutes before bedtime,"Confirm dose, timing, and any meal requirement before taking it.","dose_mg, sleep_quality, adherence",Follow clinician-approved missed-dose guidance and log the missed dose.,Primary activity scheduled.
2026-07-07,19:00,19:45,ACT067,Low-Glycemic Dinner #067,Low-Glycemic Dinner #067,Food consumption,67,1,week,45,Self,Self,,Home,in_person,scheduled,Control evening carbohydrate load,Prepare or order the meal according to the assigned nutrition guideline.,"carbs_g, glucose_response, sleep_quality",Return to the plan at the next meal and note the reason for deviation.,Primary activity scheduled.
2026-07-07,19:45,20:00,ACT071,Brisk Walk #071,Brisk Walk #071,Fitness routine / exercise,71,1,week,15,Fitness Trainer 1,Fitness Trainer,,Park,in_person,scheduled,Low-intensity walk after meals,"Wear appropriate training clothes, prepare water, and confirm recovery status.","steps, duration, glucose_response",Reschedule within the same week if possible; otherwise reduce next session intensity by 10%.,Primary activity scheduled.
2026-07-07,20:00,20:45,ACT072,Fermented Food Serving #072,Fermented Food Serving #072,Food consumption,72,1,week,45,Self,Self,,Home,in_person,scheduled,"Add yogurt, kimchi, kefir, or sauerkraut",Prepare or order the meal according to the assigned nutrition guideline.,"serving_size, GI_comfort_score",Return to the plan at the next meal and note the reason for deviation.,Primary activity scheduled.
2026-07-08,06:00,06:45,ACT076,Zone 2 Run #076,Zone 2 Run #076,Fitness routine / exercise,76,1,week,45,Fitness Trainer 1,Fitness Trainer,Treadmill,Park,in_person,scheduled,Maintain heart rate between 120-140 bpm,"Wear appropriate training clothes, prepare water, and confirm recovery status.","heart_rate, duration, perceived_exertion",Reschedule within the same week if possible; otherwise reduce next session intensity by 10%.,Primary activity scheduled.
2026-07-08,06:45,07:30,ACT086,Mobility Flow #086,Mobility Flow #086,Fitness routine / exercise,86,1,week,45,Fitness Trainer 1,Fitness Trainer,Yoga Mat,Home,in_person,scheduled,"Hip, ankle, thoracic spine, and shoulder mobility","Wear appropriate training clothes, prepare water, and confirm recovery status.","duration, pain_score, range_of_motion",Reschedule within the same week if possible; otherwise reduce next session intensity by 10%.,Primary activity scheduled.
2026-07-08,07:30,07:45,ACT091,Eye Exercise #091,Eye Exercise #091,Fitness routine / exercise,91,1,week,15,Fitness Trainer 1,Fitness Trainer,,Home,in_person,scheduled,Near-far focus drill and 20-20-20 visual breaks,"Wear appropriate training clothes, prepare water, and confirm recovery status.","duration, eye_strain_score",Reschedule within the same week if possible; otherwise reduce next session intensity by 10%.,Primary activity scheduled.
2026-07-08,07:45,08:00,ACT096,Brisk Walk #096,Brisk Walk #096,Fitness routine / exercise,96,1,week,15,Fitness Trainer 1,Fitness Trainer,,Park,in_person,scheduled,Low-intensity walk after meals,"Wear appropriate training clothes, prepare water, and confirm recovery status.","steps, duration, glucose_response",Reschedule within the same week if possible; otherwise reduce next session intensity by 10%.,Primary activity scheduled.
2026-07-08,17:00,17:45,ACT019,Guided Meditation #019,Guided Meditation #019,Therapy,19,1,week,45,Health Coach 3,Health Coach,,Home,in_person,scheduled,Mindfulness session with body scan,Confirm facility availability and avoid heavy meals immediately before the session.,"duration, mood_score, sleep_quality",Replace with breathwork or recovery stretch and avoid stacking intense recovery sessions next day.,Primary activity scheduled.
2026-07-08,17:45,18:30,ACT024,Recovery Stretch #024,Recovery Stretch #024,Therapy,24,1,week,45,Health Coach 3,Health Coach,Yoga Mat,Home,in_person,scheduled,Parasympathetic evening stretch routine,Confirm facility availability and avoid heavy meals immediately before the session.,"duration, muscle_tightness_score",Replace with breathwork or recovery stretch and avoid stacking intense recovery sessions next day.,Primary activity scheduled.
2026-07-08,18:30,19:15,ACT039,Breathwork #039,Breathwork #039,Therapy,39,1,week,45,Health Coach 3,Health Coach,,Home,in_person,scheduled,Box breathing or physiological sigh protocol,Confirm facility availability and avoid heavy meals immediately before the session.,"duration, stress_score, HRV",Replace with breathwork or recovery stretch and avoid stacking intense recovery sessions next day.,Primary activity scheduled.
2026-07-08,19:15,19:45,ACT044,Guided Meditation #044,Guided Meditation #044,Therapy,44,1,week,30,Health Coach 3,Health Coach,,Home,in_person,scheduled,Mindfulness session with body scan,Confirm facility availability and avoid heavy meals immediately before the session.,"duration, mood_score, sleep_quality",Replace with breathwork or recovery stretch and avoid stacking intense recovery sessions next day.,Primary activity scheduled.
2026-07-09,06:00,06:45,ACT036,Mobility Flow #036,Mobility Flow #036,Fitness routine / exercise,36,1,week,45,Fitness Trainer 1,Fitness Trainer,Yoga Mat,Home,in_person,scheduled,"Hip, ankle, thoracic spine, and shoulder mobility","Wear appropriate training clothes, prepare water, and confirm recovery status.","duration, pain_score, range_of_motion",Reschedule within the same week if possible; otherwise reduce next session intensity by 10%.,Primary activity scheduled.
2026-07-09,06:45,07:00,ACT043,Glucose Monitor Check #043,Glucose Monitor Check #043,Medication consumption,43,1,week,15,Self,Self,Glucose Meter,Home,in_person,scheduled,Record fasting glucose and notes,"Confirm dose, timing, and any meal requirement before taking it.","glucose_mg_dL, fasting_hours",Follow clinician-approved missed-dose guidance and log the missed dose.,Primary activity scheduled.
2026-07-09,07:00,07:45,ACT046,Brisk Walk #046,Brisk Walk #046,Fitness routine / exercise,46,1,week,45,Fitness Trainer 1,Fitness Trainer,,Park,in_person,scheduled,Low-intensity walk after meals,"Wear appropriate training clothes, prepare water, and confirm recovery status.","steps, duration, glucose_response",Reschedule within the same week if possible; otherwise reduce next session intensity by 10%.,Primary activity scheduled.
2026-07-09,07:45,08:45,ACT051,Zone 2 Run #051,Zone 2 Run #051,Fitness routine / exercise,51,1,week,60,Fitness Trainer 1,Fitness Trainer,Treadmill,Park,in_person,scheduled,Maintain heart rate between 120-140 bpm,"Wear appropriate training clothes, prepare water, and confirm recovery status.","heart_rate, duration, perceived_exertion",Reschedule within the same week if possible; otherwise reduce next session intensity by 10%.,Primary activity scheduled.
2026-07-09,08:45,08:55,ACT083,Vitamin D3 #083,Vitamin D3 #083,Medication consumption,83,1,week,10,Self,Self,,Home,in_person,scheduled,Take with fat-containing meal,"Confirm dose, timing, and any meal requirement before taking it.","dose_IU, adherence",Follow clinician-approved missed-dose guidance and log the missed dose.,Primary activity scheduled.
2026-07-09,09:00,09:45,ACT087,Hydration Protocol #087,Hydration Protocol #087,Food consumption,87,1,week,45,Self,Self,,Home,in_person,scheduled,Drink 500ml water with electrolytes,Prepare or order the meal according to the assigned nutrition guideline.,"water_ml, electrolyte_serving",Return to the plan at the next meal and note the reason for deviation.,Primary activity scheduled.
2026-07-09,12:00,12:45,ACT092,Low-Glycemic Dinner #092,Low-Glycemic Dinner #092,Food consumption,92,1,week,45,Self,Self,,Home,in_person,scheduled,Control evening carbohydrate load,Prepare or order the meal according to the assigned nutrition guideline.,"carbs_g, glucose_response, sleep_quality",Return to the plan at the next meal and note the reason for deviation.,Primary activity scheduled.
2026-07-09,12:45,13:15,ACT094,Breathwork,Guided Meditation #094,Therapy,94,1,week,30,Self,Self,,Home,in_person,backup_used,Mindfulness session with body scan,Confirm facility availability and avoid heavy meals immediately before the session.,"duration, mood_score, sleep_quality",Replace with breathwork or recovery stretch and avoid stacking intense recovery sessions next day.,Primary activity unavailable. Used backup: Breathwork.
2026-07-09,17:00,17:45,ACT021,Brisk Walk #021,Brisk Walk #021,Fitness routine / exercise,21,1,week,45,Fitness Trainer 1,Fitness Trainer,,Park,in_person,scheduled,Low-intensity walk after meals,"Wear appropriate training clothes, prepare water, and confirm recovery status.","steps, duration, glucose_response",Reschedule within the same week if possible; otherwise reduce next session intensity by 10%.,Primary activity scheduled.
2026-07-09,17:45,18:05,ACT042,Low-Glycemic Dinner #042,Low-Glycemic Dinner #042,Food consumption,42,1,week,20,Self,Self,,Home,in_person,scheduled,Control evening carbohydrate load,Prepare or order the meal according to the assigned nutrition guideline.,"carbs_g, glucose_response, sleep_quality",Return to the plan at the next meal and note the reason for deviation.,Primary activity scheduled.
2026-07-09,18:15,19:00,ACT059,Cold Plunge #059,Cold Plunge #059,Therapy,59,1,week,45,Self,Self,Cold Plunge,Wellness Center,in_person,scheduled,2-3 minutes controlled cold exposure,Confirm facility availability and avoid heavy meals immediately before the session.,"duration, temperature, stress_score",Replace with breathwork or recovery stretch and avoid stacking intense recovery sessions next day.,Primary activity scheduled.
2026-07-09,19:00,19:45,ACT066,Eye Exercise #066,Eye Exercise #066,Fitness routine / exercise,66,1,week,45,Fitness Trainer 1,Fitness Trainer,,Home,in_person,scheduled,Near-far focus drill and 20-20-20 visual breaks,"Wear appropriate training clothes, prepare water, and confirm recovery status.","duration, eye_strain_score",Reschedule within the same week if possible; otherwise reduce next session intensity by 10%.,Primary activity scheduled.
2026-07-09,19:45,20:15,ACT074,Breathwork,Recovery Stretch #074,Therapy,74,1,week,30,Self,Self,,Home,in_person,backup_used,Parasympathetic evening stretch routine,Confirm facility availability and avoid heavy meals immediately before the session.,"duration, muscle_tightness_score",Replace with breathwork or recovery stretch and avoid stacking intense recovery sessions next day.,Primary activity unavailable. Used backup: Breathwork.
2026-07-09,20:15,20:45,ACT079,Breathwork,Sauna Session #079,Therapy,79,1,week,30,Self,Self,,Wellness Center,in_person,backup_used,15-20 minutes moderate heat exposure,Confirm facility availability and avoid heavy meals immediately before the session.,"duration, temperature, recovery_score",Replace with breathwork or recovery stretch and avoid stacking intense recovery sessions next day.,Primary activity unavailable. Used backup: Breathwork.
2026-07-09,20:45,20:55,ACT088,Magnesium Glycinate #088,Magnesium Glycinate #088,Medication consumption,88,1,week,10,Self,Self,,Home,in_person,scheduled,Take 60 minutes before bedtime,"Confirm dose, timing, and any meal requirement before taking it.","dose_mg, sleep_quality, adherence",Follow clinician-approved missed-dose guidance and log the missed dose.,Primary activity scheduled.
2026-07-10,06:00,06:45,ACT001,Zone 2 Run #001,Zone 2 Run #001,Fitness routine / exercise,1,1,week,45,Fitness Trainer 1,Fitness Trainer,Treadmill,Park,in_person,scheduled,Maintain heart rate between 120-140 bpm,"Wear appropriate training clothes, prepare water, and confirm recovery status.","heart_rate, duration, perceived_exertion",Reschedule within the same week if possible; otherwise reduce next session intensity by 10%.,Primary activity scheduled.
2026-07-10,06:45,06:55,ACT003,Omega-3 Supplement #003,Omega-3 Supplement #003,Medication consumption,3,1,week,10,Self,Self,,Home,in_person,scheduled,Take after meal to improve tolerance,"Confirm dose, timing, and any meal requirement before taking it.","dose_mg, adherence",Follow clinician-approved missed-dose guidance and log the missed dose.,Primary activity scheduled.
2026-07-10,07:00,08:00,ACT006,Strength Training #006,Strength Training #006,Fitness routine / exercise,6,1,week,60,Fitness Trainer 1,Fitness Trainer,"Dumbbells, Resistance Bands",Gym,in_person,scheduled,Full-body resistance session with controlled tempo,"Wear appropriate training clothes, prepare water, and confirm recovery status.","sets, reps, load, RPE",Reschedule within the same week if possible; otherwise reduce next session intensity by 10%.,Primary activity scheduled.
2026-07-10,08:00,08:10,ACT008,Vitamin D3 #008,Vitamin D3 #008,Medication consumption,8,1,week,10,Self,Self,,Home,in_person,scheduled,Take with fat-containing meal,"Confirm dose, timing, and any meal requirement before taking it.","dose_IU, adherence",Follow clinician-approved missed-dose guidance and log the missed dose.,Primary activity scheduled.
2026-07-10,08:15,08:45,ACT016,Eye Exercise #016,Eye Exercise #016,Fitness routine / exercise,16,1,week,30,Fitness Trainer 1,Fitness Trainer,,Home,in_person,scheduled,Near-far focus drill and 20-20-20 visual breaks,"Wear appropriate training clothes, prepare water, and confirm recovery status.","duration, eye_strain_score",Reschedule within the same week if possible; otherwise reduce next session intensity by 10%.,Primary activity scheduled.
2026-07-10,08:45,09:00,ACT018,Glucose Monitor Check #018,Glucose Monitor Check #018,Medication consumption,18,1,week,15,Self,Self,Glucose Meter,Home,in_person,scheduled,Record fasting glucose and notes,"Confirm dose, timing, and any meal requirement before taking it.","glucose_mg_dL, fasting_hours",Follow clinician-approved missed-dose guidance and log the missed dose.,Primary activity scheduled.
2026-07-10,09:00,09:30,ACT022,Fermented Food Serving #022,Fermented Food Serving #022,Food consumption,22,1,week,30,Self,Self,,Home,in_person,scheduled,"Add yogurt, kimchi, kefir, or sauerkraut",Prepare or order the meal according to the assigned nutrition guideline.,"serving_size, GI_comfort_score",Return to the plan at the next meal and note the reason for deviation.,Primary activity scheduled.
2026-07-10,09:30,10:00,ACT027,High-Protein Breakfast #027,High-Protein Breakfast #027,Food consumption,27,1,week,30,Self,Self,,Home,in_person,scheduled,Consume 30-40g protein within 2 hours of waking,Prepare or order the meal according to the assigned nutrition guideline.,"protein_g, calories, satiety_score",Return to the plan at the next meal and note the reason for deviation.,Primary activity scheduled.
2026-07-10,12:00,12:20,ACT007,Mediterranean Lunch #007,Mediterranean Lunch #007,Food consumption,7,1,week,20,Self,Self,,Home,in_person,scheduled,"Vegetables, lean protein, olive oil, and whole grains",Prepare or order the meal according to the assigned nutrition guideline.,"calories, fiber_g, protein_g",Return to the plan at the next meal and note the reason for deviation.,Primary activity scheduled.
2026-07-10,12:30,12:40,ACT028,Omega-3 Supplement #028,Omega-3 Supplement #028,Medication consumption,28,1,week,10,Self,Self,,Home,in_person,scheduled,Take after meal to improve tolerance,"Confirm dose, timing, and any meal requirement before taking it.","dose_mg, adherence",Follow clinician-approved missed-dose guidance and log the missed dose.,Primary activity scheduled.
2026-07-10,12:45,13:00,ACT033,Vitamin D3 #033,Vitamin D3 #033,Medication consumption,33,1,week,15,Self,Self,,Home,in_person,scheduled,Take with fat-containing meal,"Confirm dose, timing, and any meal requirement before taking it.","dose_IU, adherence",Follow clinician-approved missed-dose guidance and log the missed dose.,Primary activity scheduled.
2026-07-10,13:00,13:20,ACT037,Hydration Protocol #037,Hydration Protocol #037,Food consumption,37,1,week,20,Self,Self,,Home,in_person,scheduled,Drink 500ml water with electrolytes,Prepare or order the meal according to the assigned nutrition guideline.,"water_ml, electrolyte_serving",Return to the plan at the next meal and note the reason for deviation.,Primary activity scheduled.
2026-07-10,17:00,17:45,ACT004,Sauna Session #004,Sauna Session #004,Therapy,4,1,week,45,Self,Self,Sauna,Wellness Center,in_person,scheduled,15-20 minutes moderate heat exposure,Confirm facility availability and avoid heavy meals immediately before the session.,"duration, temperature, recovery_score",Replace with breathwork or recovery stretch and avoid stacking intense recovery sessions next day.,Primary activity scheduled.
2026-07-10,17:45,18:30,ACT009,Cold Plunge #009,Cold Plunge #009,Therapy,9,1,week,45,Self,Self,Cold Plunge,Wellness Center,in_person,scheduled,2-3 minutes controlled cold exposure,Confirm facility availability and avoid heavy meals immediately before the session.,"duration, temperature, stress_score",Replace with breathwork or recovery stretch and avoid stacking intense recovery sessions next day.,Primary activity scheduled.
2026-07-10,18:30,18:45,ACT013,Magnesium Glycinate #013,Magnesium Glycinate #013,Medication consumption,13,1,week,15,Self,Self,,Home,in_person,scheduled,Take 60 minutes before bedtime,"Confirm dose, timing, and any meal requirement before taking it.","dose_mg, sleep_quality, adherence",Follow clinician-approved missed-dose guidance and log the missed dose.,Primary activity scheduled.
2026-07-10,18:45,19:15,ACT014,Breathwork #014,Breathwork #014,Therapy,14,1,week,30,Health Coach 3,Health Coach,,Home,in_person,scheduled,Box breathing or physiological sigh protocol,Confirm facility availability and avoid heavy meals immediately before the session.,"duration, stress_score, HRV",Replace with breathwork or recovery stretch and avoid stacking intense recovery sessions next day.,Primary activity scheduled.
2026-07-10,19:15,19:45,ACT017,Low-Glycemic Dinner #017,Low-Glycemic Dinner #017,Food consumption,17,1,week,30,Self,Self,,Home,in_person,scheduled,Control evening carbohydrate load,Prepare or order the meal according to the assigned nutrition guideline.,"carbs_g, glucose_response, sleep_quality",Return to the plan at the next meal and note the reason for deviation.,Primary activity scheduled.
2026-07-10,19:45,20:15,ACT029,Sauna Session #029,Sauna Session #029,Therapy,29,1,week,30,Self,Self,Sauna,Wellness Center,in_person,scheduled,15-20 minutes moderate heat exposure,Confirm facility availability and avoid heavy meals immediately before the session.,"duration, temperature, recovery_score",Replace with breathwork or recovery stretch and avoid stacking intense recovery sessions next day.,Primary activity scheduled.
2026-07-10,20:15,21:00,ACT034,Cold Plunge #034,Cold Plunge #034,Therapy,34,1,week,45,Self,Self,Cold Plunge,Wellness Center,in_person,scheduled,2-3 minutes controlled cold exposure,Confirm facility availability and avoid heavy meals immediately before the session.,"duration, temperature, stress_score",Replace with breathwork or recovery stretch and avoid stacking intense recovery sessions next day.,Primary activity scheduled.
2026-07-11,08:00,08:15,ACT023,Blood Pressure Reading #023,Blood Pressure Reading #023,Medication consumption,23,1,week,15,Self,Self,Blood Pressure Cuff,Home,in_person,scheduled,Measure seated blood pressure after 5 minutes rest,"Confirm dose, timing, and any meal requirement before taking it.","systolic, diastolic, resting_hr",Follow clinician-approved missed-dose guidance and log the missed dose.,Primary activity scheduled.
2026-07-11,08:15,09:00,ACT026,Zone 2 Run #026,Zone 2 Run #026,Fitness routine / exercise,26,1,week,45,Fitness Trainer 1,Fitness Trainer,Treadmill,Park,in_person,scheduled,Maintain heart rate between 120-140 bpm,"Wear appropriate training clothes, prepare water, and confirm recovery status.","heart_rate, duration, perceived_exertion",Reschedule within the same week if possible; otherwise reduce next session intensity by 10%.,Primary activity scheduled.
2026-07-11,09:00,09:45,ACT052,High-Protein Breakfast #052,High-Protein Breakfast #052,Food consumption,52,1,week,45,Self,Self,,Home,in_person,scheduled,Consume 30-40g protein within 2 hours of waking,Prepare or order the meal according to the assigned nutrition guideline.,"protein_g, calories, satiety_score",Return to the plan at the next meal and note the reason for deviation.,Primary activity scheduled.
2026-07-11,09:45,09:55,ACT058,Vitamin D3 #058,Vitamin D3 #058,Medication consumption,58,1,week,10,Self,Self,,Home,in_person,scheduled,Take with fat-containing meal,"Confirm dose, timing, and any meal requirement before taking it.","dose_IU, adherence",Follow clinician-approved missed-dose guidance and log the missed dose.,Primary activity scheduled.
2026-07-11,10:00,10:10,ACT068,Glucose Monitor Check #068,Glucose Monitor Check #068,Medication consumption,68,1,week,10,Self,Self,Glucose Meter,Home,in_person,scheduled,Record fasting glucose and notes,"Confirm dose, timing, and any meal requirement before taking it.","glucose_mg_dL, fasting_hours",Follow clinician-approved missed-dose guidance and log the missed dose.,Primary activity scheduled.
2026-07-11,10:15,10:25,ACT073,Blood Pressure Reading #073,Blood Pressure Reading #073,Medication consumption,73,1,week,10,Self,Self,Blood Pressure Cuff,Home,in_person,scheduled,Measure seated blood pressure after 5 minutes rest,"Confirm dose, timing, and any meal requirement before taking it.","systolic, diastolic, resting_hr",Follow clinician-approved missed-dose guidance and log the missed dose.,Primary activity scheduled.
2026-07-11,10:30,11:15,ACT077,High-Protein Breakfast #077,High-Protein Breakfast #077,Food consumption,77,1,week,45,Self,Self,,Home,in_person,scheduled,Consume 30-40g protein within 2 hours of waking,Prepare or order the meal according to the assigned nutrition guideline.,"protein_g, calories, satiety_score",Return to the plan at the next meal and note the reason for deviation.,Primary activity scheduled.
2026-07-11,11:15,11:35,ACT082,Mediterranean Lunch #082,Mediterranean Lunch #082,Food consumption,82,1,week,20,Self,Self,,Home,in_person,scheduled,"Vegetables, lean protein, olive oil, and whole grains",Prepare or order the meal according to the assigned nutrition guideline.,"calories, fiber_g, protein_g",Return to the plan at the next meal and note the reason for deviation.,Primary activity scheduled.
2026-07-11,11:45,12:00,ACT093,Glucose Monitor Check #093,Glucose Monitor Check #093,Medication consumption,93,1,week,15,Self,Self,Glucose Meter,Home,in_person,scheduled,Record fasting glucose and notes,"Confirm dose, timing, and any meal requirement before taking it.","glucose_mg_dL, fasting_hours",Follow clinician-approved missed-dose guidance and log the missed dose.,Primary activity scheduled.
2026-07-11,14:00,14:30,ACT054,Breathwork,Sauna Session #054,Therapy,54,1,week,30,Self,Self,,Wellness Center,in_person,backup_used,15-20 minutes moderate heat exposure,Confirm facility availability and avoid heavy meals immediately before the session.,"duration, temperature, recovery_score",Replace with breathwork or recovery stretch and avoid stacking intense recovery sessions next day.,Primary activity unavailable. Used backup: Breathwork.
2026-07-11,14:30,15:00,ACT064,Breathwork,Breathwork #064,Therapy,64,1,week,30,Self,Self,,Home,in_person,backup_used,Box breathing or physiological sigh protocol,Confirm facility availability and avoid heavy meals immediately before the session.,"duration, stress_score, HRV",Replace with breathwork or recovery stretch and avoid stacking intense recovery sessions next day.,Primary activity unavailable. Used backup: Breathwork.
2026-07-11,15:00,15:30,ACT069,Breathwork,Guided Meditation #069,Therapy,69,1,week,30,Self,Self,,Home,in_person,backup_used,Mindfulness session with body scan,Confirm facility availability and avoid heavy meals immediately before the session.,"duration, mood_score, sleep_quality",Replace with breathwork or recovery stretch and avoid stacking intense recovery sessions next day.,Primary activity unavailable. Used backup: Breathwork.
2026-07-11,15:30,16:00,ACT089,Breathwork,Breathwork #089,Therapy,89,1,week,30,Self,Self,,Home,in_person,backup_used,Box breathing or physiological sigh protocol,Confirm facility availability and avoid heavy meals immediately before the session.,"duration, stress_score, HRV",Replace with breathwork or recovery stretch and avoid stacking intense recovery sessions next day.,Primary activity unavailable. Used backup: Breathwork.
2026-07-11,16:00,16:45,ACT084,Cold Plunge #084,Cold Plunge #084,Therapy,84,1,week,45,Self,Self,Cold Plunge,Wellness Center,in_person,scheduled,2-3 minutes controlled cold exposure,Confirm facility availability and avoid heavy meals immediately before the session.,"duration, temperature, stress_score",Replace with breathwork or recovery stretch and avoid stacking intense recovery sessions next day.,Primary activity scheduled.
2026-07-11,16:45,16:55,ACT098,Blood Pressure Reading #098,Blood Pressure Reading #098,Medication consumption,98,1,week,10,Self,Self,Blood Pressure Cuff,Home,in_person,scheduled,Measure seated blood pressure after 5 minutes rest,"Confirm dose, timing, and any meal requirement before taking it.","systolic, diastolic, resting_hr",Follow clinician-approved missed-dose guidance and log the missed dose.,Primary activity scheduled.
2026-07-11,17:00,17:15,ACT038,Magnesium Glycinate #038,Magnesium Glycinate #038,Medication consumption,38,1,week,15,Self,Self,,Home,in_person,scheduled,Take 60 minutes before bedtime,"Confirm dose, timing, and any meal requirement before taking it.","dose_mg, sleep_quality, adherence",Follow clinician-approved missed-dose guidance and log the missed dose.,Primary activity scheduled.
2026-07-11,17:15,18:00,ACT041,Eye Exercise #041,Eye Exercise #041,Fitness routine / exercise,41,1,week,45,Fitness Trainer 1,Fitness Trainer,,Home,in_person,scheduled,Near-far focus drill and 20-20-20 visual breaks,"Wear appropriate training clothes, prepare water, and confirm recovery status.","duration, eye_strain_score",Reschedule within the same week if possible; otherwise reduce next session intensity by 10%.,Primary activity scheduled.
2026-07-11,18:00,18:30,ACT049,Breathwork,Recovery Stretch #049,Therapy,49,1,week,30,Self,Self,,Home,in_person,backup_used,Parasympathetic evening stretch routine,Confirm facility availability and avoid heavy meals immediately before the session.,"duration, muscle_tightness_score",Replace with breathwork or recovery stretch and avoid stacking intense recovery sessions next day.,Primary activity unavailable. Used backup: Breathwork.
2026-07-12,08:00,08:45,ACT061,Mobility Flow #061,Mobility Flow #061,Fitness routine / exercise,61,1,week,45,Fitness Trainer 1,Fitness Trainer,Yoga Mat,Home,in_person,scheduled,"Hip, ankle, thoracic spine, and shoulder mobility","Wear appropriate training clothes, prepare water, and confirm recovery status.","duration, pain_score, range_of_motion",Reschedule within the same week if possible; otherwise reduce next session intensity by 10%.,Primary activity scheduled.
2026-07-12,08:45,09:00,ACT071,Brisk Walk #071,Brisk Walk #071,Fitness routine / exercise,71,2,week,15,Fitness Trainer 1,Fitness Trainer,,Park,in_person,scheduled,Low-intensity walk after meals,"Wear appropriate training clothes, prepare water, and confirm recovery status.","steps, duration, glucose_response",Reschedule within the same week if possible; otherwise reduce next session intensity by 10%.,Primary activity scheduled.
2026-07-12,09:00,09:15,ACT071,Brisk Walk #071,Brisk Walk #071,Fitness routine / exercise,71,1,week,15,Fitness Trainer 1,Fitness Trainer,,Park,in_person,scheduled,Low-intensity walk after meals,"Wear appropriate training clothes, prepare water, and confirm recovery status.","steps, duration, glucose_response",Reschedule within the same week if possible; otherwise reduce next session intensity by 10%.,Primary activity scheduled.
2026-07-12,09:15,10:00,ACT072,Fermented Food Serving #072,Fermented Food Serving #072,Food consumption,72,2,week,45,Self,Self,,Home,in_person,scheduled,"Add yogurt, kimchi, kefir, or sauerkraut",Prepare or order the meal according to the assigned nutrition guideline.,"serving_size, GI_comfort_score",Return to the plan at the next meal and note the reason for deviation.,Primary activity scheduled.
2026-07-12,10:00,11:00,ACT081,Strength Training #081,Strength Training #081,Fitness routine / exercise,81,1,week,60,Fitness Trainer 1,Fitness Trainer,"Dumbbells, Resistance Bands",Gym,in_person,scheduled,Full-body resistance session with controlled tempo,"Wear appropriate training clothes, prepare water, and confirm recovery status.","sets, reps, load, RPE",Reschedule within the same week if possible; otherwise reduce next session intensity by 10%.,Primary activity scheduled.
2026-07-12,11:00,11:15,ACT096,Brisk Walk #096,Brisk Walk #096,Fitness routine / exercise,96,2,week,15,Fitness Trainer 1,Fitness Trainer,,Park,in_person,scheduled,Low-intensity walk after meals,"Wear appropriate training clothes, prepare water, and confirm recovery status.","steps, duration, glucose_response",Reschedule within the same week if possible; otherwise reduce next session intensity by 10%.,Primary activity scheduled.
2026-07-12,11:15,11:30,ACT096,Brisk Walk #096,Brisk Walk #096,Fitness routine / exercise,96,1,week,15,Fitness Trainer 1,Fitness Trainer,,Park,in_person,scheduled,Low-intensity walk after meals,"Wear appropriate training clothes, prepare water, and confirm recovery status.","steps, duration, glucose_response",Reschedule within the same week if possible; otherwise reduce next session intensity by 10%.,Primary activity scheduled.
2026-07-12,11:30,11:50,ACT097,Fermented Food Serving #097,Fermented Food Serving #097,Food consumption,97,1,week,20,Self,Self,,Home,in_person,scheduled,"Add yogurt, kimchi, kefir, or sauerkraut",Prepare or order the meal according to the assigned nutrition guideline.,"serving_size, GI_comfort_score",Return to the plan at the next meal and note the reason for deviation.,Primary activity scheduled.
2026-07-12,17:00,17:45,ACT099,Recovery Stretch #099,Recovery Stretch #099,Therapy,99,1,week,45,Self,Self,Yoga Mat,Home,in_person,scheduled,Parasympathetic evening stretch routine,Confirm facility availability and avoid heavy meals immediately before the session.,"duration, muscle_tightness_score",Replace with breathwork or recovery stretch and avoid stacking intense recovery sessions next day.,Primary activity scheduled.
2026-07-13,06:00,06:20,ACT002,High-Protein Breakfast #002,High-Protein Breakfast #002,Food consumption,2,2,week,20,Self,Self,,Home,in_person,scheduled,Consume 30-40g protein within 2 hours of waking,Prepare or order the meal according to the assigned nutrition guideline.,"protein_g, calories, satiety_score",Return to the plan at the next meal and note the reason for deviation.,Primary activity scheduled.
2026-07-13,06:30,06:50,ACT012,Hydration Protocol #012,Hydration Protocol #012,Food consumption,12,2,week,20,Self,Self,,Home,in_person,scheduled,Drink 500ml water with electrolytes,Prepare or order the meal according to the assigned nutrition guideline.,"water_ml, electrolyte_serving",Return to the plan at the next meal and note the reason for deviation.,Primary activity scheduled.
2026-07-13,07:00,08:00,ACT031,Strength Training #031,Strength Training #031,Fitness routine / exercise,31,2,week,60,Fitness Trainer 1,Fitness Trainer,"Dumbbells, Resistance Bands",Gym,in_person,scheduled,Full-body resistance session with controlled tempo,"Wear appropriate training clothes, prepare water, and confirm recovery status.","sets, reps, load, RPE",Reschedule within the same week if possible; otherwise reduce next session intensity by 10%.,Primary activity scheduled.
2026-07-13,08:00,09:00,ACT031,Strength Training #031,Strength Training #031,Fitness routine / exercise,31,1,week,60,Fitness Trainer 1,Fitness Trainer,"Dumbbells, Resistance Bands",Gym,in_person,scheduled,Full-body resistance session with controlled tempo,"Wear appropriate training clothes, prepare water, and confirm recovery status.","sets, reps, load, RPE",Reschedule within the same week if possible; otherwise reduce next session intensity by 10%.,Primary activity scheduled.
2026-07-13,09:00,09:20,ACT047,Fermented Food Serving #047,Fermented Food Serving #047,Food consumption,47,2,week,20,Self,Self,,Home,in_person,scheduled,"Add yogurt, kimchi, kefir, or sauerkraut",Prepare or order the meal according to the assigned nutrition guideline.,"serving_size, GI_comfort_score",Return to the plan at the next meal and note the reason for deviation.,Primary activity scheduled.
2026-07-13,09:30,09:45,ACT048,Blood Pressure Reading #048,Blood Pressure Reading #048,Medication consumption,48,2,week,15,Self,Self,Blood Pressure Cuff,Home,in_person,scheduled,Measure seated blood pressure after 5 minutes rest,"Confirm dose, timing, and any meal requirement before taking it.","systolic, diastolic, resting_hr",Follow clinician-approved missed-dose guidance and log the missed dose.,Primary activity scheduled.
2026-07-13,09:45,10:00,ACT053,Omega-3 Supplement #053,Omega-3 Supplement #053,Medication consumption,53,2,week,15,Self,Self,,Home,in_person,scheduled,Take after meal to improve tolerance,"Confirm dose, timing, and any meal requirement before taking it.","dose_mg, adherence",Follow clinician-approved missed-dose guidance and log the missed dose.,Primary activity scheduled.
2026-07-13,12:00,12:30,ACT032,Mediterranean Lunch #032,Mediterranean Lunch #032,Food consumption,32,2,week,30,Self,Self,,Home,in_person,scheduled,"Vegetables, lean protein, olive oil, and whole grains",Prepare or order the meal according to the assigned nutrition guideline.,"calories, fiber_g, protein_g",Return to the plan at the next meal and note the reason for deviation.,Primary activity scheduled.
2026-07-13,12:30,12:50,ACT057,Mediterranean Lunch #057,Mediterranean Lunch #057,Food consumption,57,2,week,20,Self,Self,,Home,in_person,scheduled,"Vegetables, lean protein, olive oil, and whole grains",Prepare or order the meal according to the assigned nutrition guideline.,"calories, fiber_g, protein_g",Return to the plan at the next meal and note the reason for deviation.,Primary activity scheduled.
2026-07-13,13:00,13:30,ACT062,Hydration Protocol #062,Hydration Protocol #062,Food consumption,62,2,week,30,Self,Self,,Home,in_person,scheduled,Drink 500ml water with electrolytes,Prepare or order the meal according to the assigned nutrition guideline.,"water_ml, electrolyte_serving",Return to the plan at the next meal and note the reason for deviation.,Primary activity scheduled.
2026-07-13,17:00,17:15,ACT011,Mobility Flow #011,Mobility Flow #011,Fitness routine / exercise,11,2,week,15,Fitness Trainer 1,Fitness Trainer,Yoga Mat,Home,in_person,scheduled,"Hip, ankle, thoracic spine, and shoulder mobility","Wear appropriate training clothes, prepare water, and confirm recovery status.","duration, pain_score, range_of_motion",Reschedule within the same week if possible; otherwise reduce next session intensity by 10%.,Primary activity scheduled.
2026-07-13,17:15,17:30,ACT011,Mobility Flow #011,Mobility Flow #011,Fitness routine / exercise,11,1,week,15,Fitness Trainer 1,Fitness Trainer,Yoga Mat,Home,in_person,scheduled,"Hip, ankle, thoracic spine, and shoulder mobility","Wear appropriate training clothes, prepare water, and confirm recovery status.","duration, pain_score, range_of_motion",Reschedule within the same week if possible; otherwise reduce next session intensity by 10%.,Primary activity scheduled.
2026-07-13,17:30,18:15,ACT056,Strength Training #056,Strength Training #056,Fitness routine / exercise,56,2,week,45,Fitness Trainer 1,Fitness Trainer,"Dumbbells, Resistance Bands",Gym,in_person,scheduled,Full-body resistance session with controlled tempo,"Wear appropriate training clothes, prepare water, and confirm recovery status.","sets, reps, load, RPE",Reschedule within the same week if possible; otherwise reduce next session intensity by 10%.,Primary activity scheduled.
2026-07-13,18:15,19:00,ACT056,Strength Training #056,Strength Training #056,Fitness routine / exercise,56,1,week,45,Fitness Trainer 1,Fitness Trainer,"Dumbbells, Resistance Bands",Gym,in_person,scheduled,Full-body resistance session with controlled tempo,"Wear appropriate training clothes, prepare water, and confirm recovery status.","sets, reps, load, RPE",Reschedule within the same week if possible; otherwise reduce next session intensity by 10%.,Primary activity scheduled.
2026-07-13,19:00,19:45,ACT061,Mobility Flow #061,Mobility Flow #061,Fitness routine / exercise,61,2,week,45,Fitness Trainer 1,Fitness Trainer,Yoga Mat,Home,in_person,scheduled,"Hip, ankle, thoracic spine, and shoulder mobility","Wear appropriate training clothes, prepare water, and confirm recovery status.","duration, pain_score, range_of_motion",Reschedule within the same week if possible; otherwise reduce next session intensity by 10%.,Primary activity scheduled.
2026-07-13,19:45,20:00,ACT063,Magnesium Glycinate #063,Magnesium Glycinate #063,Medication consumption,63,2,week,15,Self,Self,,Home,in_person,scheduled,Take 60 minutes before bedtime,"Confirm dose, timing, and any meal requirement before taking it.","dose_mg, sleep_quality, adherence",Follow clinician-approved missed-dose guidance and log the missed dose.,Primary activity scheduled.
2026-07-13,20:00,20:45,ACT067,Low-Glycemic Dinner #067,Low-Glycemic Dinner #067,Food consumption,67,2,week,45,Self,Self,,Home,in_person,scheduled,Control evening carbohydrate load,Prepare or order the meal according to the assigned nutrition guideline.,"carbs_g, glucose_response, sleep_quality",Return to the plan at the next meal and note the reason for deviation.,Primary activity scheduled.
2026-07-13,20:45,20:55,ACT078,Omega-3 Supplement #078,Omega-3 Supplement #078,Medication consumption,78,2,week,10,Self,Self,,Home,in_person,scheduled,Take after meal to improve tolerance,"Confirm dose, timing, and any meal requirement before taking it.","dose_mg, adherence",Follow clinician-approved missed-dose guidance and log the missed dose.,Primary activity scheduled.
2026-07-14,06:00,06:20,ACT002,High-Protein Breakfast #002,High-Protein Breakfast #002,Food consumption,2,1,week,20,Self,Self,,Online,remote,scheduled,Consume 30-40g protein within 2 hours of waking,Prepare or order the meal according to the assigned nutrition guideline.,"protein_g, calories, satiety_score",Return to the plan at the next meal and note the reason for deviation.,Primary activity scheduled.
2026-07-14,06:30,06:50,ACT012,Hydration Protocol #012,Hydration Protocol #012,Food consumption,12,1,week,20,Self,Self,,Online,remote,scheduled,Drink 500ml water with electrolytes,Prepare or order the meal according to the assigned nutrition guideline.,"water_ml, electrolyte_serving",Return to the plan at the next meal and note the reason for deviation.,Primary activity scheduled.
2026-07-14,07:00,07:20,ACT047,Fermented Food Serving #047,Fermented Food Serving #047,Food consumption,47,1,week,20,Self,Self,,Online,remote,scheduled,"Add yogurt, kimchi, kefir, or sauerkraut",Prepare or order the meal according to the assigned nutrition guideline.,"serving_size, GI_comfort_score",Return to the plan at the next meal and note the reason for deviation.,Primary activity scheduled.
2026-07-14,07:30,07:45,ACT048,Blood Pressure Reading #048,Blood Pressure Reading #048,Medication consumption,48,1,week,15,Self,Self,Blood Pressure Cuff,Online,remote,scheduled,Measure seated blood pressure after 5 minutes rest,"Confirm dose, timing, and any meal requirement before taking it.","systolic, diastolic, resting_hr",Follow clinician-approved missed-dose guidance and log the missed dose.,Primary activity scheduled.
2026-07-14,07:45,08:00,ACT053,Omega-3 Supplement #053,Omega-3 Supplement #053,Medication consumption,53,1,week,15,Self,Self,,Online,remote,scheduled,Take after meal to improve tolerance,"Confirm dose, timing, and any meal requirement before taking it.","dose_mg, adherence",Follow clinician-approved missed-dose guidance and log the missed dose.,Primary activity scheduled.
2026-07-14,08:00,08:30,ACT062,Hydration Protocol #062,Hydration Protocol #062,Food consumption,62,1,week,30,Self,Self,,Online,remote,scheduled,Drink 500ml water with electrolytes,Prepare or order the meal according to the assigned nutrition guideline.,"water_ml, electrolyte_serving",Return to the plan at the next meal and note the reason for deviation.,Primary activity scheduled.
2026-07-14,08:30,09:15,ACT072,Fermented Food Serving #072,Fermented Food Serving #072,Food consumption,72,1,week,45,Self,Self,,Online,remote,scheduled,"Add yogurt, kimchi, kefir, or sauerkraut",Prepare or order the meal according to the assigned nutrition guideline.,"serving_size, GI_comfort_score",Return to the plan at the next meal and note the reason for deviation.,Primary activity scheduled.
2026-07-14,09:15,09:25,ACT078,Omega-3 Supplement #078,Omega-3 Supplement #078,Medication consumption,78,1,week,10,Self,Self,,Online,remote,scheduled,Take after meal to improve tolerance,"Confirm dose, timing, and any meal requirement before taking it.","dose_mg, adherence",Follow clinician-approved missed-dose guidance and log the missed dose.,Primary activity scheduled.
2026-07-14,12:00,12:30,ACT032,Mediterranean Lunch #032,Mediterranean Lunch #032,Food consumption,32,1,week,30,Self,Self,,Online,remote,scheduled,"Vegetables, lean protein, olive oil, and whole grains",Prepare or order the meal according to the assigned nutrition guideline.,"calories, fiber_g, protein_g",Return to the plan at the next meal and note the reason for deviation.,Primary activity scheduled.
2026-07-14,12:30,12:50,ACT057,Mediterranean Lunch #057,Mediterranean Lunch #057,Food consumption,57,1,week,20,Self,Self,,Online,remote,scheduled,"Vegetables, lean protein, olive oil, and whole grains",Prepare or order the meal according to the assigned nutrition guideline.,"calories, fiber_g, protein_g",Return to the plan at the next meal and note the reason for deviation.,Primary activity scheduled.
2026-07-14,17:00,17:15,ACT063,Magnesium Glycinate #063,Magnesium Glycinate #063,Medication consumption,63,1,week,15,Self,Self,,Online,remote,scheduled,Take 60 minutes before bedtime,"Confirm dose, timing, and any meal requirement before taking it.","dose_mg, sleep_quality, adherence",Follow clinician-approved missed-dose guidance and log the missed dose.,Primary activity scheduled.
2026-07-14,17:15,17:45,ACT065,Physiotherapy Review #065,Physiotherapy Review #065,Consultation,65,1,month,30,Physiotherapist 2,Physiotherapist,Yoga Mat,Online,remote,scheduled,Assess mobility limitation and exercise form,"Prepare recent logs, wearable data, questions, and any relevant lab results.","pain_score, range_of_motion, exercise_tolerance",Use the earliest remote or in-person follow-up slot and share logs asynchronously.,Primary activity scheduled.
2026-07-14,17:45,18:30,ACT067,Low-Glycemic Dinner #067,Low-Glycemic Dinner #067,Food consumption,67,1,week,45,Self,Self,,Online,remote,scheduled,Control evening carbohydrate load,Prepare or order the meal according to the assigned nutrition guideline.,"carbs_g, glucose_response, sleep_quality",Return to the plan at the next meal and note the reason for deviation.,Primary activity scheduled.
2026-07-14,18:30,18:45,ACT091,Eye Exercise #091,Eye Exercise #091,Fitness routine / exercise,91,2,week,15,Fitness Trainer 1,Fitness Trainer,,Online,remote,scheduled,Near-far focus drill and 20-20-20 visual breaks,"Wear appropriate training clothes, prepare water, and confirm recovery status.","duration, eye_strain_score",Reschedule within the same week if possible; otherwise reduce next session intensity by 10%.,Primary activity scheduled.
2026-07-14,18:45,19:00,ACT091,Eye Exercise #091,Eye Exercise #091,Fitness routine / exercise,91,1,week,15,Fitness Trainer 1,Fitness Trainer,,Online,remote,scheduled,Near-far focus drill and 20-20-20 visual breaks,"Wear appropriate training clothes, prepare water, and confirm recovery status.","duration, eye_strain_score",Reschedule within the same week if possible; otherwise reduce next session intensity by 10%.,Primary activity scheduled.
2026-07-15,06:00,06:45,ACT087,Hydration Protocol #087,Hydration Protocol #087,Food consumption,87,1,week,45,Self,Self,,Online,remote,scheduled,Drink 500ml water with electrolytes,Prepare or order the meal according to the assigned nutrition guideline.,"water_ml, electrolyte_serving",Return to the plan at the next meal and note the reason for deviation.,Primary activity scheduled.
2026-07-15,06:45,07:15,ACT090,Remote Check-in,Physiotherapy Review #090,Consultation,90,1,month,30,Self,Self,,Online,remote,backup_used,Assess mobility limitation and exercise form,"Prepare recent logs, wearable data, questions, and any relevant lab results.","pain_score, range_of_motion, exercise_tolerance",Use the earliest remote or in-person follow-up slot and share logs asynchronously.,Primary activity unavailable. Used backup: Remote Check-in.
2026-07-15,07:15,07:45,ACT095,Remote Check-in,Physician Follow-up #095,Consultation,95,1,month,30,Self,Self,,Online,remote,backup_used,Review biomarkers and medication tolerance,"Prepare recent logs, wearable data, questions, and any relevant lab results.","blood_markers, symptoms, adherence",Use the earliest remote or in-person follow-up slot and share logs asynchronously.,Primary activity unavailable. Used backup: Remote Check-in.
2026-07-15,07:45,08:15,ACT100,Remote Check-in,Sleep Coaching Session #100,Consultation,100,1,month,30,Self,Self,,Online,remote,backup_used,"Review sleep timing, routine, and wearable trends","Prepare recent logs, wearable data, questions, and any relevant lab results.","sleep_duration, sleep_efficiency, HRV",Use the earliest remote or in-person follow-up slot and share logs asynchronously.,Primary activity unavailable. Used backup: Remote Check-in.
2026-07-15,12:00,12:30,ACT010,Dietitian Consultation #010,Dietitian Consultation #010,Consultation,10,1,month,30,Dietitian 1,Dietitian,,Online,remote,scheduled,Review food log and adjust macro targets,"Prepare recent logs, wearable data, questions, and any relevant lab results.","protein_g, fiber_g, weight_trend",Use the earliest remote or in-person follow-up slot and share logs asynchronously.,Primary activity scheduled.
2026-07-15,12:30,13:30,ACT035,Dietitian Consultation #035,Dietitian Consultation #035,Consultation,35,1,month,60,Dietitian 1,Dietitian,,Online,remote,scheduled,Review food log and adjust macro targets,"Prepare recent logs, wearable data, questions, and any relevant lab results.","protein_g, fiber_g, weight_trend",Use the earliest remote or in-person follow-up slot and share logs asynchronously.,Primary activity scheduled.
2026-07-15,17:00,17:45,ACT041,Eye Exercise #041,Eye Exercise #041,Fitness routine / exercise,41,1,week,45,Fitness Trainer 1,Fitness Trainer,,Online,remote,scheduled,Near-far focus drill and 20-20-20 visual breaks,"Wear appropriate training clothes, prepare water, and confirm recovery status.","duration, eye_strain_score",Reschedule within the same week if possible; otherwise reduce next session intensity by 10%.,Primary activity scheduled.
2026-07-15,17:45,18:30,ACT055,Fitness Coaching Check-in #055,Fitness Coaching Check-in #055,Consultation,55,1,month,45,Fitness Trainer 1,Fitness Trainer,,Online,remote,scheduled,"Review training load, soreness, and next progression","Prepare recent logs, wearable data, questions, and any relevant lab results.","training_load, soreness, adherence",Use the earliest remote or in-person follow-up slot and share logs asynchronously.,Primary activity scheduled.
2026-07-15,18:30,19:15,ACT066,Eye Exercise #066,Eye Exercise #066,Fitness routine / exercise,66,1,week,45,Fitness Trainer 1,Fitness Trainer,,Online,remote,scheduled,Near-far focus drill and 20-20-20 visual breaks,"Wear appropriate training clothes, prepare water, and confirm recovery status.","duration, eye_strain_score",Reschedule within the same week if possible; otherwise reduce next session intensity by 10%.,Primary activity scheduled.
2026-07-15,19:15,19:45,ACT080,Fitness Coaching Check-in #080,Fitness Coaching Check-in #080,Consultation,80,1,month,30,Fitness Trainer 1,Fitness Trainer,,Online,remote,scheduled,"Review training load, soreness, and next progression","Prepare recent logs, wearable data, questions, and any relevant lab results.","training_load, soreness, adherence",Use the earliest remote or in-person follow-up slot and share logs asynchronously.,Primary activity scheduled.
2026-07-15,19:45,20:30,ACT092,Low-Glycemic Dinner #092,Low-Glycemic Dinner #092,Food consumption,92,1,week,45,Self,Self,,Online,remote,scheduled,Control evening carbohydrate load,Prepare or order the meal according to the assigned nutrition guideline.,"carbs_g, glucose_response, sleep_quality",Return to the plan at the next meal and note the reason for deviation.,Primary activity scheduled.
2026-07-16,06:00,06:30,ACT060,Remote Check-in,Dietitian Consultation #060,Consultation,60,1,month,30,Self,Self,,Online,remote,backup_used,Review food log and adjust macro targets,"Prepare recent logs, wearable data, questions, and any relevant lab results.","protein_g, fiber_g, weight_trend",Use the earliest remote or in-person follow-up slot and share logs asynchronously.,Primary activity unavailable. Used backup: Remote Check-in.
2026-07-16,06:30,07:00,ACT070,Remote Check-in,Physician Follow-up #070,Consultation,70,1,month,30,Self,Self,,Online,remote,backup_used,Review biomarkers and medication tolerance,"Prepare recent logs, wearable data, questions, and any relevant lab results.","blood_markers, symptoms, adherence",Use the earliest remote or in-person follow-up slot and share logs asynchronously.,Primary activity unavailable. Used backup: Remote Check-in.
2026-07-16,07:00,07:45,ACT064,Breathwork #064,Breathwork #064,Therapy,64,1,week,45,Health Coach 3,Health Coach,,Online,remote,scheduled,Box breathing or physiological sigh protocol,Confirm facility availability and avoid heavy meals immediately before the session.,"duration, stress_score, HRV",Replace with breathwork or recovery stretch and avoid stacking intense recovery sessions next day.,Primary activity scheduled.
2026-07-16,07:45,08:15,ACT069,Guided Meditation #069,Guided Meditation #069,Therapy,69,1,week,30,Health Coach 3,Health Coach,,Online,remote,scheduled,Mindfulness session with body scan,Confirm facility availability and avoid heavy meals immediately before the session.,"duration, mood_score, sleep_quality",Replace with breathwork or recovery stretch and avoid stacking intense recovery sessions next day.,Primary activity scheduled.
2026-07-16,08:15,08:45,ACT075,Remote Check-in,Sleep Coaching Session #075,Consultation,75,1,month,30,Self,Self,,Online,remote,backup_used,"Review sleep timing, routine, and wearable trends","Prepare recent logs, wearable data, questions, and any relevant lab results.","sleep_duration, sleep_efficiency, HRV",Use the earliest remote or in-person follow-up slot and share logs asynchronously.,Primary activity unavailable. Used backup: Remote Check-in.
2026-07-16,08:45,09:30,ACT077,High-Protein Breakfast #077,High-Protein Breakfast #077,Food consumption,77,1,week,45,Self,Self,,Online,remote,scheduled,Consume 30-40g protein within 2 hours of waking,Prepare or order the meal according to the assigned nutrition guideline.,"protein_g, calories, satiety_score",Return to the plan at the next meal and note the reason for deviation.,Primary activity scheduled.
2026-07-16,09:30,10:00,ACT085,Remote Check-in,Dietitian Consultation #085,Consultation,85,1,month,30,Self,Self,,Online,remote,backup_used,Review food log and adjust macro targets,"Prepare recent logs, wearable data, questions, and any relevant lab results.","protein_g, fiber_g, weight_trend",Use the earliest remote or in-person follow-up slot and share logs asynchronously.,Primary activity unavailable. Used backup: Remote Check-in.
2026-07-16,12:00,12:30,ACT020,Remote Check-in,Physician Follow-up #020,Consultation,20,1,month,30,Self,Self,,Online,remote,backup_used,Review biomarkers and medication tolerance,"Prepare recent logs, wearable data, questions, and any relevant lab results.","blood_markers, symptoms, adherence",Use the earliest remote or in-person follow-up slot and share logs asynchronously.,Primary activity unavailable. Used backup: Remote Check-in.
2026-07-16,12:30,13:00,ACT045,Remote Check-in,Physician Follow-up #045,Consultation,45,1,month,30,Self,Self,,Online,remote,backup_used,Review biomarkers and medication tolerance,"Prepare recent logs, wearable data, questions, and any relevant lab results.","blood_markers, symptoms, adherence",Use the earliest remote or in-person follow-up slot and share logs asynchronously.,Primary activity unavailable. Used backup: Remote Check-in.
2026-07-16,13:00,13:30,ACT050,Remote Check-in,Sleep Coaching Session #050,Consultation,50,1,month,30,Self,Self,,Online,remote,backup_used,"Review sleep timing, routine, and wearable trends","Prepare recent logs, wearable data, questions, and any relevant lab results.","sleep_duration, sleep_efficiency, HRV",Use the earliest remote or in-person follow-up slot and share logs asynchronously.,Primary activity unavailable. Used backup: Remote Check-in.
2026-07-16,17:00,18:00,ACT005,Fitness Coaching Check-in #005,Fitness Coaching Check-in #005,Consultation,5,1,month,60,Fitness Trainer 1,Fitness Trainer,,Online,remote,scheduled,"Review training load, soreness, and next progression","Prepare recent logs, wearable data, questions, and any relevant lab results.","training_load, soreness, adherence",Use the earliest remote or in-person follow-up slot and share logs asynchronously.,Primary activity scheduled.
2026-07-16,18:00,18:30,ACT015,Physiotherapy Review #015,Physiotherapy Review #015,Consultation,15,1,month,30,Physiotherapist 2,Physiotherapist,Yoga Mat,Online,remote,scheduled,Assess mobility limitation and exercise form,"Prepare recent logs, wearable data, questions, and any relevant lab results.","pain_score, range_of_motion, exercise_tolerance",Use the earliest remote or in-person follow-up slot and share logs asynchronously.,Primary activity scheduled.
2026-07-16,18:30,19:15,ACT030,Fitness Coaching Check-in #030,Fitness Coaching Check-in #030,Consultation,30,1,month,45,Fitness Trainer 1,Fitness Trainer,,Online,remote,scheduled,"Review training load, soreness, and next progression","Prepare recent logs, wearable data, questions, and any relevant lab results.","training_load, soreness, adherence",Use the earliest remote or in-person follow-up slot and share logs asynchronously.,Primary activity scheduled.
2026-07-16,19:15,20:00,ACT039,Breathwork #039,Breathwork #039,Therapy,39,1,week,45,Health Coach 3,Health Coach,,Online,remote,scheduled,Box breathing or physiological sigh protocol,Confirm facility availability and avoid heavy meals immediately before the session.,"duration, stress_score, HRV",Replace with breathwork or recovery stretch and avoid stacking intense recovery sessions next day.,Primary activity scheduled.
2026-07-16,20:00,20:20,ACT042,Low-Glycemic Dinner #042,Low-Glycemic Dinner #042,Food consumption,42,1,week,20,Self,Self,,Online,remote,scheduled,Control evening carbohydrate load,Prepare or order the meal according to the assigned nutrition guideline.,"carbs_g, glucose_response, sleep_quality",Return to the plan at the next meal and note the reason for deviation.,Primary activity scheduled.
2026-07-16,20:30,21:00,ACT049,Breathwork,Recovery Stretch #049,Therapy,49,1,week,30,Self,Self,,Online,remote,backup_used,Parasympathetic evening stretch routine,Confirm facility availability and avoid heavy meals immediately before the session.,"duration, muscle_tightness_score",Replace with breathwork or recovery stretch and avoid stacking intense recovery sessions next day.,Primary activity unavailable. Used backup: Breathwork.
2026-07-17,06:00,06:30,ACT001,Brisk Walk,Zone 2 Run #001,Fitness routine / exercise,1,1,week,30,Self,Self,,Online,remote,backup_used,Maintain heart rate between 120-140 bpm,"Wear appropriate training clothes, prepare water, and confirm recovery status.","heart_rate, duration, perceived_exertion",Reschedule within the same week if possible; otherwise reduce next session intensity by 10%.,Primary activity unavailable. Used backup: Brisk Walk.
2026-07-17,06:30,06:40,ACT003,Omega-3 Supplement #003,Omega-3 Supplement #003,Medication consumption,3,1,week,10,Self,Self,,Online,remote,scheduled,Take after meal to improve tolerance,"Confirm dose, timing, and any meal requirement before taking it.","dose_mg, adherence",Follow clinician-approved missed-dose guidance and log the missed dose.,Primary activity scheduled.
2026-07-17,06:45,07:15,ACT006,Brisk Walk,Strength Training #006,Fitness routine / exercise,6,1,week,30,Self,Self,,Online,remote,backup_used,Full-body resistance session with controlled tempo,"Wear appropriate training clothes, prepare water, and confirm recovery status.","sets, reps, load, RPE",Reschedule within the same week if possible; otherwise reduce next session intensity by 10%.,Primary activity unavailable. Used backup: Brisk Walk.
2026-07-17,07:15,07:25,ACT008,Vitamin D3 #008,Vitamin D3 #008,Medication consumption,8,1,week,10,Self,Self,,Online,remote,scheduled,Take with fat-containing meal,"Confirm dose, timing, and any meal requirement before taking it.","dose_IU, adherence",Follow clinician-approved missed-dose guidance and log the missed dose.,Primary activity scheduled.
2026-07-17,07:30,07:45,ACT018,Glucose Monitor Check #018,Glucose Monitor Check #018,Medication consumption,18,1,week,15,Self,Self,Glucose Meter,Online,remote,scheduled,Record fasting glucose and notes,"Confirm dose, timing, and any meal requirement before taking it.","glucose_mg_dL, fasting_hours",Follow clinician-approved missed-dose guidance and log the missed dose.,Primary activity scheduled.
2026-07-17,07:45,08:15,ACT022,Fermented Food Serving #022,Fermented Food Serving #022,Food consumption,22,1,week,30,Self,Self,,Online,remote,scheduled,"Add yogurt, kimchi, kefir, or sauerkraut",Prepare or order the meal according to the assigned nutrition guideline.,"serving_size, GI_comfort_score",Return to the plan at the next meal and note the reason for deviation.,Primary activity scheduled.
2026-07-17,08:15,08:30,ACT023,Blood Pressure Reading #023,Blood Pressure Reading #023,Medication consumption,23,1,week,15,Self,Self,Blood Pressure Cuff,Online,remote,scheduled,Measure seated blood pressure after 5 minutes rest,"Confirm dose, timing, and any meal requirement before taking it.","systolic, diastolic, resting_hr",Follow clinician-approved missed-dose guidance and log the missed dose.,Primary activity scheduled.
2026-07-17,08:30,09:00,ACT026,Brisk Walk,Zone 2 Run #026,Fitness routine / exercise,26,1,week,30,Self,Self,,Online,remote,backup_used,Maintain heart rate between 120-140 bpm,"Wear appropriate training clothes, prepare water, and confirm recovery status.","heart_rate, duration, perceived_exertion",Reschedule within the same week if possible; otherwise reduce next session intensity by 10%.,Primary activity unavailable. Used backup: Brisk Walk.
2026-07-17,09:00,09:30,ACT027,High-Protein Breakfast #027,High-Protein Breakfast #027,Food consumption,27,1,week,30,Self,Self,,Online,remote,scheduled,Consume 30-40g protein within 2 hours of waking,Prepare or order the meal according to the assigned nutrition guideline.,"protein_g, calories, satiety_score",Return to the plan at the next meal and note the reason for deviation.,Primary activity scheduled.
2026-07-17,09:30,09:40,ACT028,Omega-3 Supplement #028,Omega-3 Supplement #028,Medication consumption,28,1,week,10,Self,Self,,Online,remote,scheduled,Take after meal to improve tolerance,"Confirm dose, timing, and any meal requirement before taking it.","dose_mg, adherence",Follow clinician-approved missed-dose guidance and log the missed dose.,Primary activity scheduled.
2026-07-17,09:45,10:00,ACT033,Vitamin D3 #033,Vitamin D3 #033,Medication consumption,33,1,week,15,Self,Self,,Online,remote,scheduled,Take with fat-containing meal,"Confirm dose, timing, and any meal requirement before taking it.","dose_IU, adherence",Follow clinician-approved missed-dose guidance and log the missed dose.,Primary activity scheduled.
2026-07-17,12:00,12:20,ACT007,Mediterranean Lunch #007,Mediterranean Lunch #007,Food consumption,7,1,week,20,Self,Self,,Online,remote,scheduled,"Vegetables, lean protein, olive oil, and whole grains",Prepare or order the meal according to the assigned nutrition guideline.,"calories, fiber_g, protein_g",Return to the plan at the next meal and note the reason for deviation.,Primary activity scheduled.
2026-07-17,12:30,13:00,ACT036,Brisk Walk,Mobility Flow #036,Fitness routine / exercise,36,1,week,30,Self,Self,,Online,remote,backup_used,"Hip, ankle, thoracic spine, and shoulder mobility","Wear appropriate training clothes, prepare water, and confirm recovery status.","duration, pain_score, range_of_motion",Reschedule within the same week if possible; otherwise reduce next session intensity by 10%.,Primary activity unavailable. Used backup: Brisk Walk.
2026-07-17,13:00,13:20,ACT037,Hydration Protocol #037,Hydration Protocol #037,Food consumption,37,1,week,20,Self,Self,,Online,remote,scheduled,Drink 500ml water with electrolytes,Prepare or order the meal according to the assigned nutrition guideline.,"water_ml, electrolyte_serving",Return to the plan at the next meal and note the reason for deviation.,Primary activity scheduled.
2026-07-17,17:00,17:15,ACT013,Magnesium Glycinate #013,Magnesium Glycinate #013,Medication consumption,13,1,week,15,Self,Self,,Online,remote,scheduled,Take 60 minutes before bedtime,"Confirm dose, timing, and any meal requirement before taking it.","dose_mg, sleep_quality, adherence",Follow clinician-approved missed-dose guidance and log the missed dose.,Primary activity scheduled.
2026-07-17,17:15,17:45,ACT014,Breathwork #014,Breathwork #014,Therapy,14,1,week,30,Health Coach 3,Health Coach,,Online,remote,scheduled,Box breathing or physiological sigh protocol,Confirm facility availability and avoid heavy meals immediately before the session.,"duration, stress_score, HRV",Replace with breathwork or recovery stretch and avoid stacking intense recovery sessions next day.,Primary activity scheduled.
2026-07-17,17:45,18:15,ACT016,Eye Exercise #016,Eye Exercise #016,Fitness routine / exercise,16,1,week,30,Fitness Trainer 1,Fitness Trainer,,Online,remote,scheduled,Near-far focus drill and 20-20-20 visual breaks,"Wear appropriate training clothes, prepare water, and confirm recovery status.","duration, eye_strain_score",Reschedule within the same week if possible; otherwise reduce next session intensity by 10%.,Primary activity scheduled.
2026-07-17,18:15,18:45,ACT017,Low-Glycemic Dinner #017,Low-Glycemic Dinner #017,Food consumption,17,1,week,30,Self,Self,,Online,remote,scheduled,Control evening carbohydrate load,Prepare or order the meal according to the assigned nutrition guideline.,"carbs_g, glucose_response, sleep_quality",Return to the plan at the next meal and note the reason for deviation.,Primary activity scheduled.
2026-07-17,18:45,19:30,ACT019,Guided Meditation #019,Guided Meditation #019,Therapy,19,1,week,45,Health Coach 3,Health Coach,,Online,remote,scheduled,Mindfulness session with body scan,Confirm facility availability and avoid heavy meals immediately before the session.,"duration, mood_score, sleep_quality",Replace with breathwork or recovery stretch and avoid stacking intense recovery sessions next day.,Primary activity scheduled.
2026-07-17,19:30,20:00,ACT021,Brisk Walk,Brisk Walk #021,Fitness routine / exercise,21,1,week,30,Self,Self,,Online,remote,backup_used,Low-intensity walk after meals,"Wear appropriate training clothes, prepare water, and confirm recovery status.","steps, duration, glucose_response",Reschedule within the same week if possible; otherwise reduce next session intensity by 10%.,Primary activity unavailable. Used backup: Brisk Walk.
2026-07-17,20:00,20:30,ACT024,Breathwork,Recovery Stretch #024,Therapy,24,1,week,30,Self,Self,,Online,remote,backup_used,Parasympathetic evening stretch routine,Confirm facility availability and avoid heavy meals immediately before the session.,"duration, muscle_tightness_score",Replace with breathwork or recovery stretch and avoid stacking intense recovery sessions next day.,Primary activity unavailable. Used backup: Breathwork.
2026-07-17,20:30,21:00,ACT025,Sleep Coaching Session #025,Sleep Coaching Session #025,Consultation,25,1,month,30,Sleep Specialist 4,Sleep Specialist,,Online,remote,scheduled,"Review sleep timing, routine, and wearable trends","Prepare recent logs, wearable data, questions, and any relevant lab results.","sleep_duration, sleep_efficiency, HRV",Use the earliest remote or in-person follow-up slot and share logs asynchronously.,Primary activity scheduled.
2026-07-18,08:00,08:15,ACT043,Glucose Monitor Check #043,Glucose Monitor Check #043,Medication consumption,43,1,week,15,Self,Self,Glucose Meter,Online,remote,scheduled,Record fasting glucose and notes,"Confirm dose, timing, and any meal requirement before taking it.","glucose_mg_dL, fasting_hours",Follow clinician-approved missed-dose guidance and log the missed dose.,Primary activity scheduled.
2026-07-18,08:15,08:45,ACT046,Brisk Walk,Brisk Walk #046,Fitness routine / exercise,46,1,week,30,Self,Self,,Online,remote,backup_used,Low-intensity walk after meals,"Wear appropriate training clothes, prepare water, and confirm recovery status.","steps, duration, glucose_response",Reschedule within the same week if possible; otherwise reduce next session intensity by 10%.,Primary activity unavailable. Used backup: Brisk Walk.
2026-07-18,08:45,08:55,ACT058,Vitamin D3 #058,Vitamin D3 #058,Medication consumption,58,1,week,10,Self,Self,,Online,remote,scheduled,Take with fat-containing meal,"Confirm dose, timing, and any meal requirement before taking it.","dose_IU, adherence",Follow clinician-approved missed-dose guidance and log the missed dose.,Primary activity scheduled.
2026-07-18,09:00,09:30,ACT044,Guided Meditation #044,Guided Meditation #044,Therapy,44,1,week,30,Health Coach 3,Health Coach,,Online,remote,scheduled,Mindfulness session with body scan,Confirm facility availability and avoid heavy meals immediately before the session.,"duration, mood_score, sleep_quality",Replace with breathwork or recovery stretch and avoid stacking intense recovery sessions next day.,Primary activity scheduled.
2026-07-18,09:30,10:00,ACT051,Brisk Walk,Zone 2 Run #051,Fitness routine / exercise,51,1,week,30,Self,Self,,Online,remote,backup_used,Maintain heart rate between 120-140 bpm,"Wear appropriate training clothes, prepare water, and confirm recovery status.","heart_rate, duration, perceived_exertion",Reschedule within the same week if possible; otherwise reduce next session intensity by 10%.,Primary activity unavailable. Used backup: Brisk Walk.
2026-07-18,10:00,10:45,ACT052,High-Protein Breakfast #052,High-Protein Breakfast #052,Food consumption,52,1,week,45,Self,Self,,Online,remote,scheduled,Consume 30-40g protein within 2 hours of waking,Prepare or order the meal according to the assigned nutrition guideline.,"protein_g, calories, satiety_score",Return to the plan at the next meal and note the reason for deviation.,Primary activity scheduled.
2026-07-18,10:45,10:55,ACT068,Glucose Monitor Check #068,Glucose Monitor Check #068,Medication consumption,68,1,week,10,Self,Self,Glucose Meter,Online,remote,scheduled,Record fasting glucose and notes,"Confirm dose, timing, and any meal requirement before taking it.","glucose_mg_dL, fasting_hours",Follow clinician-approved missed-dose guidance and log the missed dose.,Primary activity scheduled.
2026-07-18,11:00,11:10,ACT073,Blood Pressure Reading #073,Blood Pressure Reading #073,Medication consumption,73,1,week,10,Self,Self,Blood Pressure Cuff,Online,remote,scheduled,Measure seated blood pressure after 5 minutes rest,"Confirm dose, timing, and any meal requirement before taking it.","systolic, diastolic, resting_hr",Follow clinician-approved missed-dose guidance and log the missed dose.,Primary activity scheduled.
2026-07-18,11:15,11:45,ACT074,Breathwork,Recovery Stretch #074,Therapy,74,1,week,30,Self,Self,,Online,remote,backup_used,Parasympathetic evening stretch routine,Confirm facility availability and avoid heavy meals immediately before the session.,"duration, muscle_tightness_score",Replace with breathwork or recovery stretch and avoid stacking intense recovery sessions next day.,Primary activity unavailable. Used backup: Breathwork.
2026-07-18,11:45,11:55,ACT083,Vitamin D3 #083,Vitamin D3 #083,Medication consumption,83,1,week,10,Self,Self,,Online,remote,scheduled,Take with fat-containing meal,"Confirm dose, timing, and any meal requirement before taking it.","dose_IU, adherence",Follow clinician-approved missed-dose guidance and log the missed dose.,Primary activity scheduled.
2026-07-18,14:00,14:30,ACT054,Breathwork,Sauna Session #054,Therapy,54,1,week,30,Self,Self,,Online,remote,backup_used,15-20 minutes moderate heat exposure,Confirm facility availability and avoid heavy meals immediately before the session.,"duration, temperature, recovery_score",Replace with breathwork or recovery stretch and avoid stacking intense recovery sessions next day.,Primary activity unavailable. Used backup: Breathwork.
2026-07-18,14:30,15:00,ACT076,Brisk Walk,Zone 2 Run #076,Fitness routine / exercise,76,1,week,30,Self,Self,,Online,remote,backup_used,Maintain heart rate between 120-140 bpm,"Wear appropriate training clothes, prepare water, and confirm recovery status.","heart_rate, duration, perceived_exertion",Reschedule within the same week if possible; otherwise reduce next session intensity by 10%.,Primary activity unavailable. Used backup: Brisk Walk.
2026-07-18,15:00,15:30,ACT079,Breathwork,Sauna Session #079,Therapy,79,1,week,30,Self,Self,,Online,remote,backup_used,15-20 minutes moderate heat exposure,Confirm facility availability and avoid heavy meals immediately before the session.,"duration, temperature, recovery_score",Replace with breathwork or recovery stretch and avoid stacking intense recovery sessions next day.,Primary activity unavailable. Used backup: Breathwork.
2026-07-18,15:30,16:00,ACT081,Brisk Walk,Strength Training #081,Fitness routine / exercise,81,1,week,30,Self,Self,,Online,remote,backup_used,Full-body resistance session with controlled tempo,"Wear appropriate training clothes, prepare water, and confirm recovery status.","sets, reps, load, RPE",Reschedule within the same week if possible; otherwise reduce next session intensity by 10%.,Primary activity unavailable. Used backup: Brisk Walk.
2026-07-18,16:00,16:20,ACT082,Mediterranean Lunch #082,Mediterranean Lunch #082,Food consumption,82,1,week,20,Self,Self,,Online,remote,scheduled,"Vegetables, lean protein, olive oil, and whole grains",Prepare or order the meal according to the assigned nutrition guideline.,"calories, fiber_g, protein_g",Return to the plan at the next meal and note the reason for deviation.,Primary activity scheduled.
2026-07-18,16:30,17:00,ACT086,Brisk Walk,Mobility Flow #086,Fitness routine / exercise,86,1,week,30,Self,Self,,Online,remote,backup_used,"Hip, ankle, thoracic spine, and shoulder mobility","Wear appropriate training clothes, prepare water, and confirm recovery status.","duration, pain_score, range_of_motion",Reschedule within the same week if possible; otherwise reduce next session intensity by 10%.,Primary activity unavailable. Used backup: Brisk Walk.
2026-07-18,17:00,17:15,ACT038,Magnesium Glycinate #038,Magnesium Glycinate #038,Medication consumption,38,1,week,15,Self,Self,,Online,remote,scheduled,Take 60 minutes before bedtime,"Confirm dose, timing, and any meal requirement before taking it.","dose_mg, sleep_quality, adherence",Follow clinician-approved missed-dose guidance and log the missed dose.,Primary activity scheduled.
2026-07-18,17:15,18:15,ACT040,Physiotherapy Review #040,Physiotherapy Review #040,Consultation,40,1,month,60,Physiotherapist 2,Physiotherapist,Yoga Mat,Online,remote,scheduled,Assess mobility limitation and exercise form,"Prepare recent logs, wearable data, questions, and any relevant lab results.","pain_score, range_of_motion, exercise_tolerance",Use the earliest remote or in-person follow-up slot and share logs asynchronously.,Primary activity scheduled.
2026-07-18,18:15,18:25,ACT088,Magnesium Glycinate #088,Magnesium Glycinate #088,Medication consumption,88,1,week,10,Self,Self,,Online,remote,scheduled,Take 60 minutes before bedtime,"Confirm dose, timing, and any meal requirement before taking it.","dose_mg, sleep_quality, adherence",Follow clinician-approved missed-dose guidance and log the missed dose.,Primary activity scheduled.
2026-07-19,08:00,08:45,ACT034,Cold Plunge #034,Cold Plunge #034,Therapy,34,1,week,45,Self,Self,Cold Plunge,Wellness Center,in_person,scheduled,2-3 minutes controlled cold exposure,Confirm facility availability and avoid heavy meals immediately before the session.,"duration, temperature, stress_score",Replace with breathwork or recovery stretch and avoid stacking intense recovery sessions next day.,Primary activity scheduled.
2026-07-19,08:45,09:30,ACT059,Cold Plunge #059,Cold Plunge #059,Therapy,59,1,week,45,Self,Self,Cold Plunge,Wellness Center,in_person,scheduled,2-3 minutes controlled cold exposure,Confirm facility availability and avoid heavy meals immediately before the session.,"duration, temperature, stress_score",Replace with breathwork or recovery stretch and avoid stacking intense recovery sessions next day.,Primary activity scheduled.
2026-07-19,09:30,10:15,ACT084,Cold Plunge #084,Cold Plunge #084,Therapy,84,1,week,45,Self,Self,Cold Plunge,Wellness Center,in_person,scheduled,2-3 minutes controlled cold exposure,Confirm facility availability and avoid heavy meals immediately before the session.,"duration, temperature, stress_score",Replace with breathwork or recovery stretch and avoid stacking intense recovery sessions next day.,Primary activity scheduled.
2026-07-19,10:15,10:30,ACT093,Glucose Monitor Check #093,Glucose Monitor Check #093,Medication consumption,93,1,week,15,Self,Self,Glucose Meter,Home,in_person,scheduled,Record fasting glucose and notes,"Confirm dose, timing, and any meal requirement before taking it.","glucose_mg_dL, fasting_hours",Follow clinician-approved missed-dose guidance and log the missed dose.,Primary activity scheduled.
2026-07-19,10:30,10:50,ACT097,Fermented Food Serving #097,Fermented Food Serving #097,Food consumption,97,1,week,20,Self,Self,,Home,in_person,scheduled,"Add yogurt, kimchi, kefir, or sauerkraut",Prepare or order the meal according to the assigned nutrition guideline.,"serving_size, GI_comfort_score",Return to the plan at the next meal and note the reason for deviation.,Primary activity scheduled.
2026-07-19,11:00,11:10,ACT098,Blood Pressure Reading #098,Blood Pressure Reading #098,Medication consumption,98,1,week,10,Self,Self,Blood Pressure Cuff,Home,in_person,scheduled,Measure seated blood pressure after 5 minutes rest,"Confirm dose, timing, and any meal requirement before taking it.","systolic, diastolic, resting_hr",Follow clinician-approved missed-dose guidance and log the missed dose.,Primary activity scheduled.
2026-07-19,11:15,12:00,ACT099,Recovery Stretch #099,Recovery Stretch #099,Therapy,99,1,week,45,Self,Self,Yoga Mat,Home,in_person,scheduled,Parasympathetic evening stretch routine,Confirm facility availability and avoid heavy meals immediately before the session.,"duration, muscle_tightness_score",Replace with breathwork or recovery stretch and avoid stacking intense recovery sessions next day.,Primary activity scheduled.
2026-07-19,14:00,14:30,ACT089,Breathwork,Breathwork #089,Therapy,89,1,week,30,Self,Self,,Home,in_person,backup_used,Box breathing or physiological sigh protocol,Confirm facility availability and avoid heavy meals immediately before the session.,"duration, stress_score, HRV",Replace with breathwork or recovery stretch and avoid stacking intense recovery sessions next day.,Primary activity unavailable. Used backup: Breathwork.
2026-07-19,14:30,15:00,ACT094,Breathwork,Guided Meditation #094,Therapy,94,1,week,30,Self,Self,,Home,in_person,backup_used,Mindfulness session with body scan,Confirm facility availability and avoid heavy meals immediately before the session.,"duration, mood_score, sleep_quality",Replace with breathwork or recovery stretch and avoid stacking intense recovery sessions next day.,Primary activity unavailable. Used backup: Breathwork.
2026-07-19,16:00,16:45,ACT004,Sauna Session #004,Sauna Session #004,Therapy,4,1,week,45,Self,Self,Sauna,Wellness Center,in_person,scheduled,15-20 minutes moderate heat exposure,Confirm facility availability and avoid heavy meals immediately before the session.,"duration, temperature, recovery_score",Replace with breathwork or recovery stretch and avoid stacking intense recovery sessions next day.,Primary activity scheduled.
2026-07-19,16:45,17:30,ACT009,Cold Plunge #009,Cold Plunge #009,Therapy,9,1,week,45,Self,Self,Cold Plunge,Wellness Center,in_person,scheduled,2-3 minutes controlled cold exposure,Confirm facility availability and avoid heavy meals immediately before the session.,"duration, temperature, stress_score",Replace with breathwork or recovery stretch and avoid stacking intense recovery sessions next day.,Primary activity scheduled.
2026-07-19,17:30,18:00,ACT029,Sauna Session #029,Sauna Session #029,Therapy,29,1,week,30,Self,Self,Sauna,Wellness Center,in_person,scheduled,15-20 minutes moderate heat exposure,Confirm facility availability and avoid heavy meals immediately before the session.,"duration, temperature, recovery_score",Replace with breathwork or recovery stretch and avoid stacking intense recovery sessions next day.,Primary activity scheduled.
2026-07-20,06:00,06:20,ACT002,High-Protein Breakfast #002,High-Protein Breakfast #002,Food consumption,2,2,week,20,Self,Self,,Home,in_person,scheduled,Consume 30-40g protein within 2 hours of waking,Prepare or order the meal according to the assigned nutrition guideline.,"protein_g, calories, satiety_score",Return to the plan at the next meal and note the reason for deviation.,Primary activity scheduled.
2026-07-20,06:30,06:50,ACT012,Hydration Protocol #012,Hydration Protocol #012,Food consumption,12,2,week,20,Self,Self,,Home,in_person,scheduled,Drink 500ml water with electrolytes,Prepare or order the meal according to the assigned nutrition guideline.,"water_ml, electrolyte_serving",Return to the plan at the next meal and note the reason for deviation.,Primary activity scheduled.
2026-07-20,07:00,08:00,ACT031,Strength Training #031,Strength Training #031,Fitness routine / exercise,31,2,week,60,Fitness Trainer 1,Fitness Trainer,"Dumbbells, Resistance Bands",Gym,in_person,scheduled,Full-body resistance session with controlled tempo,"Wear appropriate training clothes, prepare water, and confirm recovery status.","sets, reps, load, RPE",Reschedule within the same week if possible; otherwise reduce next session intensity by 10%.,Primary activity scheduled.
2026-07-20,08:00,08:20,ACT047,Fermented Food Serving #047,Fermented Food Serving #047,Food consumption,47,2,week,20,Self,Self,,Home,in_person,scheduled,"Add yogurt, kimchi, kefir, or sauerkraut",Prepare or order the meal according to the assigned nutrition guideline.,"serving_size, GI_comfort_score",Return to the plan at the next meal and note the reason for deviation.,Primary activity scheduled.
2026-07-20,08:30,08:45,ACT048,Blood Pressure Reading #048,Blood Pressure Reading #048,Medication consumption,48,2,week,15,Self,Self,Blood Pressure Cuff,Home,in_person,scheduled,Measure seated blood pressure after 5 minutes rest,"Confirm dose, timing, and any meal requirement before taking it.","systolic, diastolic, resting_hr",Follow clinician-approved missed-dose guidance and log the missed dose.,Primary activity scheduled.
2026-07-20,08:45,09:00,ACT053,Omega-3 Supplement #053,Omega-3 Supplement #053,Medication consumption,53,2,week,15,Self,Self,,Home,in_person,scheduled,Take after meal to improve tolerance,"Confirm dose, timing, and any meal requirement before taking it.","dose_mg, adherence",Follow clinician-approved missed-dose guidance and log the missed dose.,Primary activity scheduled.
2026-07-20,09:00,09:30,ACT062,Hydration Protocol #062,Hydration Protocol #062,Food consumption,62,2,week,30,Self,Self,,Home,in_person,scheduled,Drink 500ml water with electrolytes,Prepare or order the meal according to the assigned nutrition guideline.,"water_ml, electrolyte_serving",Return to the plan at the next meal and note the reason for deviation.,Primary activity scheduled.
2026-07-20,09:30,09:40,ACT078,Omega-3 Supplement #078,Omega-3 Supplement #078,Medication consumption,78,2,week,10,Self,Self,,Home,in_person,scheduled,Take after meal to improve tolerance,"Confirm dose, timing, and any meal requirement before taking it.","dose_mg, adherence",Follow clinician-approved missed-dose guidance and log the missed dose.,Primary activity scheduled.
2026-07-20,12:00,12:30,ACT032,Mediterranean Lunch #032,Mediterranean Lunch #032,Food consumption,32,2,week,30,Self,Self,,Home,in_person,scheduled,"Vegetables, lean protein, olive oil, and whole grains",Prepare or order the meal according to the assigned nutrition guideline.,"calories, fiber_g, protein_g",Return to the plan at the next meal and note the reason for deviation.,Primary activity scheduled.
2026-07-20,12:30,12:50,ACT057,Mediterranean Lunch #057,Mediterranean Lunch #057,Food consumption,57,2,week,20,Self,Self,,Home,in_person,scheduled,"Vegetables, lean protein, olive oil, and whole grains",Prepare or order the meal according to the assigned nutrition guideline.,"calories, fiber_g, protein_g",Return to the plan at the next meal and note the reason for deviation.,Primary activity scheduled.
2026-07-20,17:00,17:15,ACT011,Mobility Flow #011,Mobility Flow #011,Fitness routine / exercise,11,2,week,15,Fitness Trainer 1,Fitness Trainer,Yoga Mat,Home,in_person,scheduled,"Hip, ankle, thoracic spine, and shoulder mobility","Wear appropriate training clothes, prepare water, and confirm recovery status.","duration, pain_score, range_of_motion",Reschedule within the same week if possible; otherwise reduce next session intensity by 10%.,Primary activity scheduled.
2026-07-20,17:15,18:00,ACT056,Strength Training #056,Strength Training #056,Fitness routine / exercise,56,2,week,45,Fitness Trainer 1,Fitness Trainer,"Dumbbells, Resistance Bands",Gym,in_person,scheduled,Full-body resistance session with controlled tempo,"Wear appropriate training clothes, prepare water, and confirm recovery status.","sets, reps, load, RPE",Reschedule within the same week if possible; otherwise reduce next session intensity by 10%.,Primary activity scheduled.
2026-07-20,18:00,18:45,ACT061,Mobility Flow #061,Mobility Flow #061,Fitness routine / exercise,61,2,week,45,Fitness Trainer 1,Fitness Trainer,Yoga Mat,Home,in_person,scheduled,"Hip, ankle, thoracic spine, and shoulder mobility","Wear appropriate training clothes, prepare water, and confirm recovery status.","duration, pain_score, range_of_motion",Reschedule within the same week if possible; otherwise reduce next session intensity by 10%.,Primary activity scheduled.
2026-07-20,18:45,19:00,ACT063,Magnesium Glycinate #063,Magnesium Glycinate #063,Medication consumption,63,2,week,15,Self,Self,,Home,in_person,scheduled,Take 60 minutes before bedtime,"Confirm dose, timing, and any meal requirement before taking it.","dose_mg, sleep_quality, adherence",Follow clinician-approved missed-dose guidance and log the missed dose.,Primary activity scheduled.
2026-07-20,19:00,19:45,ACT067,Low-Glycemic Dinner #067,Low-Glycemic Dinner #067,Food consumption,67,2,week,45,Self,Self,,Home,in_person,scheduled,Control evening carbohydrate load,Prepare or order the meal according to the assigned nutrition guideline.,"carbs_g, glucose_response, sleep_quality",Return to the plan at the next meal and note the reason for deviation.,Primary activity scheduled.
2026-07-20,19:45,20:00,ACT071,Brisk Walk #071,Brisk Walk #071,Fitness routine / exercise,71,2,week,15,Fitness Trainer 1,Fitness Trainer,,Park,in_person,scheduled,Low-intensity walk after meals,"Wear appropriate training clothes, prepare water, and confirm recovery status.","steps, duration, glucose_response",Reschedule within the same week if possible; otherwise reduce next session intensity by 10%.,Primary activity scheduled.
2026-07-20,20:00,20:45,ACT072,Fermented Food Serving #072,Fermented Food Serving #072,Food consumption,72,2,week,45,Self,Self,,Home,in_person,scheduled,"Add yogurt, kimchi, kefir, or sauerkraut",Prepare or order the meal according to the assigned nutrition guideline.,"serving_size, GI_comfort_score",Return to the plan at the next meal and note the reason for deviation.,Primary activity scheduled.
2026-07-21,06:00,06:20,ACT002,High-Protein Breakfast #002,High-Protein Breakfast #002,Food consumption,2,1,week,20,Self,Self,,Home,in_person,scheduled,Consume 30-40g protein within 2 hours of waking,Prepare or order the meal according to the assigned nutrition guideline.,"protein_g, calories, satiety_score",Return to the plan at the next meal and note the reason for deviation.,Primary activity scheduled.
2026-07-21,06:30,06:50,ACT012,Hydration Protocol #012,Hydration Protocol #012,Food consumption,12,1,week,20,Self,Self,,Home,in_person,scheduled,Drink 500ml water with electrolytes,Prepare or order the meal according to the assigned nutrition guideline.,"water_ml, electrolyte_serving",Return to the plan at the next meal and note the reason for deviation.,Primary activity scheduled.
2026-07-21,07:00,08:00,ACT031,Strength Training #031,Strength Training #031,Fitness routine / exercise,31,1,week,60,Fitness Trainer 1,Fitness Trainer,"Dumbbells, Resistance Bands",Gym,in_person,scheduled,Full-body resistance session with controlled tempo,"Wear appropriate training clothes, prepare water, and confirm recovery status.","sets, reps, load, RPE",Reschedule within the same week if possible; otherwise reduce next session intensity by 10%.,Primary activity scheduled.
2026-07-21,08:00,08:20,ACT047,Fermented Food Serving #047,Fermented Food Serving #047,Food consumption,47,1,week,20,Self,Self,,Home,in_person,scheduled,"Add yogurt, kimchi, kefir, or sauerkraut",Prepare or order the meal according to the assigned nutrition guideline.,"serving_size, GI_comfort_score",Return to the plan at the next meal and note the reason for deviation.,Primary activity scheduled.
2026-07-21,08:30,08:45,ACT048,Blood Pressure Reading #048,Blood Pressure Reading #048,Medication consumption,48,1,week,15,Self,Self,Blood Pressure Cuff,Home,in_person,scheduled,Measure seated blood pressure after 5 minutes rest,"Confirm dose, timing, and any meal requirement before taking it.","systolic, diastolic, resting_hr",Follow clinician-approved missed-dose guidance and log the missed dose.,Primary activity scheduled.
2026-07-21,08:45,09:00,ACT053,Omega-3 Supplement #053,Omega-3 Supplement #053,Medication consumption,53,1,week,15,Self,Self,,Home,in_person,scheduled,Take after meal to improve tolerance,"Confirm dose, timing, and any meal requirement before taking it.","dose_mg, adherence",Follow clinician-approved missed-dose guidance and log the missed dose.,Primary activity scheduled.
2026-07-21,09:00,09:30,ACT062,Hydration Protocol #062,Hydration Protocol #062,Food consumption,62,1,week,30,Self,Self,,Home,in_person,scheduled,Drink 500ml water with electrolytes,Prepare or order the meal according to the assigned nutrition guideline.,"water_ml, electrolyte_serving",Return to the plan at the next meal and note the reason for deviation.,Primary activity scheduled.
2026-07-21,09:30,09:40,ACT078,Omega-3 Supplement #078,Omega-3 Supplement #078,Medication consumption,78,1,week,10,Self,Self,,Home,in_person,scheduled,Take after meal to improve tolerance,"Confirm dose, timing, and any meal requirement before taking it.","dose_mg, adherence",Follow clinician-approved missed-dose guidance and log the missed dose.,Primary activity scheduled.
2026-07-21,12:00,12:30,ACT032,Mediterranean Lunch #032,Mediterranean Lunch #032,Food consumption,32,1,week,30,Self,Self,,Home,in_person,scheduled,"Vegetables, lean protein, olive oil, and whole grains",Prepare or order the meal according to the assigned nutrition guideline.,"calories, fiber_g, protein_g",Return to the plan at the next meal and note the reason for deviation.,Primary activity scheduled.
2026-07-21,12:30,12:50,ACT057,Mediterranean Lunch #057,Mediterranean Lunch #057,Food consumption,57,1,week,20,Self,Self,,Home,in_person,scheduled,"Vegetables, lean protein, olive oil, and whole grains",Prepare or order the meal according to the assigned nutrition guideline.,"calories, fiber_g, protein_g",Return to the plan at the next meal and note the reason for deviation.,Primary activity scheduled.
2026-07-21,17:00,17:15,ACT011,Mobility Flow #011,Mobility Flow #011,Fitness routine / exercise,11,1,week,15,Fitness Trainer 1,Fitness Trainer,Yoga Mat,Home,in_person,scheduled,"Hip, ankle, thoracic spine, and shoulder mobility","Wear appropriate training clothes, prepare water, and confirm recovery status.","duration, pain_score, range_of_motion",Reschedule within the same week if possible; otherwise reduce next session intensity by 10%.,Primary activity scheduled.
2026-07-21,17:15,18:00,ACT056,Strength Training #056,Strength Training #056,Fitness routine / exercise,56,1,week,45,Fitness Trainer 1,Fitness Trainer,"Dumbbells, Resistance Bands",Gym,in_person,scheduled,Full-body resistance session with controlled tempo,"Wear appropriate training clothes, prepare water, and confirm recovery status.","sets, reps, load, RPE",Reschedule within the same week if possible; otherwise reduce next session intensity by 10%.,Primary activity scheduled.
2026-07-21,18:00,18:45,ACT061,Mobility Flow #061,Mobility Flow #061,Fitness routine / exercise,61,1,week,45,Fitness Trainer 1,Fitness Trainer,Yoga Mat,Home,in_person,scheduled,"Hip, ankle, thoracic spine, and shoulder mobility","Wear appropriate training clothes, prepare water, and confirm recovery status.","duration, pain_score, range_of_motion",Reschedule within the same week if possible; otherwise reduce next session intensity by 10%.,Primary activity scheduled.
2026-07-21,18:45,19:00,ACT063,Magnesium Glycinate #063,Magnesium Glycinate #063,Medication consumption,63,1,week,15,Self,Self,,Home,in_person,scheduled,Take 60 minutes before bedtime,"Confirm dose, timing, and any meal requirement before taking it.","dose_mg, sleep_quality, adherence",Follow clinician-approved missed-dose guidance and log the missed dose.,Primary activity scheduled.
2026-07-21,19:00,19:45,ACT067,Low-Glycemic Dinner #067,Low-Glycemic Dinner #067,Food consumption,67,1,week,45,Self,Self,,Home,in_person,scheduled,Control evening carbohydrate load,Prepare or order the meal according to the assigned nutrition guideline.,"carbs_g, glucose_response, sleep_quality",Return to the plan at the next meal and note the reason for deviation.,Primary activity scheduled.
2026-07-21,19:45,20:00,ACT071,Brisk Walk #071,Brisk Walk #071,Fitness routine / exercise,71,1,week,15,Fitness Trainer 1,Fitness Trainer,,Park,in_person,scheduled,Low-intensity walk after meals,"Wear appropriate training clothes, prepare water, and confirm recovery status.","steps, duration, glucose_response",Reschedule within the same week if possible; otherwise reduce next session intensity by 10%.,Primary activity scheduled.
2026-07-21,20:00,20:45,ACT072,Fermented Food Serving #072,Fermented Food Serving #072,Food consumption,72,1,week,45,Self,Self,,Home,in_person,scheduled,"Add yogurt, kimchi, kefir, or sauerkraut",Prepare or order the meal according to the assigned nutrition guideline.,"serving_size, GI_comfort_score",Return to the plan at the next meal and note the reason for deviation.,Primary activity scheduled.
2026-07-22,06:00,06:45,ACT066,Eye Exercise #066,Eye Exercise #066,Fitness routine / exercise,66,1,week,45,Fitness Trainer 1,Fitness Trainer,,Home,in_person,scheduled,Near-far focus drill and 20-20-20 visual breaks,"Wear appropriate training clothes, prepare water, and confirm recovery status.","duration, eye_strain_score",Reschedule within the same week if possible; otherwise reduce next session intensity by 10%.,Primary activity scheduled.
2026-07-22,06:45,07:00,ACT091,Eye Exercise #091,Eye Exercise #091,Fitness routine / exercise,91,2,week,15,Fitness Trainer 1,Fitness Trainer,,Home,in_person,scheduled,Near-far focus drill and 20-20-20 visual breaks,"Wear appropriate training clothes, prepare water, and confirm recovery status.","duration, eye_strain_score",Reschedule within the same week if possible; otherwise reduce next session intensity by 10%.,Primary activity scheduled.
2026-07-22,07:00,07:15,ACT091,Eye Exercise #091,Eye Exercise #091,Fitness routine / exercise,91,1,week,15,Fitness Trainer 1,Fitness Trainer,,Home,in_person,scheduled,Near-far focus drill and 20-20-20 visual breaks,"Wear appropriate training clothes, prepare water, and confirm recovery status.","duration, eye_strain_score",Reschedule within the same week if possible; otherwise reduce next session intensity by 10%.,Primary activity scheduled.
2026-07-22,07:15,07:30,ACT096,Brisk Walk #096,Brisk Walk #096,Fitness routine / exercise,96,2,week,15,Fitness Trainer 1,Fitness Trainer,,Park,in_person,scheduled,Low-intensity walk after meals,"Wear appropriate training clothes, prepare water, and confirm recovery status.","steps, duration, glucose_response",Reschedule within the same week if possible; otherwise reduce next session intensity by 10%.,Primary activity scheduled.
2026-07-22,07:30,07:45,ACT096,Brisk Walk #096,Brisk Walk #096,Fitness routine / exercise,96,1,week,15,Fitness Trainer 1,Fitness Trainer,,Park,in_person,scheduled,Low-intensity walk after meals,"Wear appropriate training clothes, prepare water, and confirm recovery status.","steps, duration, glucose_response",Reschedule within the same week if possible; otherwise reduce next session intensity by 10%.,Primary activity scheduled.
2026-07-22,17:00,17:45,ACT076,Zone 2 Run #076,Zone 2 Run #076,Fitness routine / exercise,76,1,week,45,Fitness Trainer 1,Fitness Trainer,Treadmill,Park,in_person,scheduled,Maintain heart rate between 120-140 bpm,"Wear appropriate training clothes, prepare water, and confirm recovery status.","heart_rate, duration, perceived_exertion",Reschedule within the same week if possible; otherwise reduce next session intensity by 10%.,Primary activity scheduled.
2026-07-22,17:45,18:45,ACT081,Strength Training #081,Strength Training #081,Fitness routine / exercise,81,1,week,60,Fitness Trainer 1,Fitness Trainer,"Dumbbells, Resistance Bands",Gym,in_person,scheduled,Full-body resistance session with controlled tempo,"Wear appropriate training clothes, prepare water, and confirm recovery status.","sets, reps, load, RPE",Reschedule within the same week if possible; otherwise reduce next session intensity by 10%.,Primary activity scheduled.
2026-07-22,18:45,19:15,ACT094,Breathwork,Guided Meditation #094,Therapy,94,1,week,30,Self,Self,,Home,in_person,backup_used,Mindfulness session with body scan,Confirm facility availability and avoid heavy meals immediately before the session.,"duration, mood_score, sleep_quality",Replace with breathwork or recovery stretch and avoid stacking intense recovery sessions next day.,Primary activity unavailable. Used backup: Breathwork.
2026-07-23,06:00,06:15,ACT023,Blood Pressure Reading #023,Blood Pressure Reading #023,Medication consumption,23,1,week,15,Self,Self,Blood Pressure Cuff,Home,in_person,scheduled,Measure seated blood pressure after 5 minutes rest,"Confirm dose, timing, and any meal requirement before taking it.","systolic, diastolic, resting_hr",Follow clinician-approved missed-dose guidance and log the missed dose.,Primary activity scheduled.
2026-07-23,06:15,07:00,ACT041,Eye Exercise #041,Eye Exercise #041,Fitness routine / exercise,41,1,week,45,Fitness Trainer 1,Fitness Trainer,,Home,in_person,scheduled,Near-far focus drill and 20-20-20 visual breaks,"Wear appropriate training clothes, prepare water, and confirm recovery status.","duration, eye_strain_score",Reschedule within the same week if possible; otherwise reduce next session intensity by 10%.,Primary activity scheduled.
2026-07-23,07:00,07:45,ACT046,Brisk Walk #046,Brisk Walk #046,Fitness routine / exercise,46,1,week,45,Fitness Trainer 1,Fitness Trainer,,Park,in_person,scheduled,Low-intensity walk after meals,"Wear appropriate training clothes, prepare water, and confirm recovery status.","steps, duration, glucose_response",Reschedule within the same week if possible; otherwise reduce next session intensity by 10%.,Primary activity scheduled.
2026-07-23,07:45,08:45,ACT051,Zone 2 Run #051,Zone 2 Run #051,Fitness routine / exercise,51,1,week,60,Fitness Trainer 1,Fitness Trainer,Treadmill,Park,in_person,scheduled,Maintain heart rate between 120-140 bpm,"Wear appropriate training clothes, prepare water, and confirm recovery status.","heart_rate, duration, perceived_exertion",Reschedule within the same week if possible; otherwise reduce next session intensity by 10%.,Primary activity scheduled.
2026-07-23,08:45,08:55,ACT073,Blood Pressure Reading #073,Blood Pressure Reading #073,Medication consumption,73,1,week,10,Self,Self,Blood Pressure Cuff,Home,in_person,scheduled,Measure seated blood pressure after 5 minutes rest,"Confirm dose, timing, and any meal requirement before taking it.","systolic, diastolic, resting_hr",Follow clinician-approved missed-dose guidance and log the missed dose.,Primary activity scheduled.
2026-07-23,09:00,09:30,ACT079,Breathwork,Sauna Session #079,Therapy,79,1,week,30,Self,Self,,Wellness Center,in_person,backup_used,15-20 minutes moderate heat exposure,Confirm facility availability and avoid heavy meals immediately before the session.,"duration, temperature, recovery_score",Replace with breathwork or recovery stretch and avoid stacking intense recovery sessions next day.,Primary activity unavailable. Used backup: Breathwork.
2026-07-23,09:30,09:40,ACT083,Vitamin D3 #083,Vitamin D3 #083,Medication consumption,83,1,week,10,Self,Self,,Home,in_person,scheduled,Take with fat-containing meal,"Confirm dose, timing, and any meal requirement before taking it.","dose_IU, adherence",Follow clinician-approved missed-dose guidance and log the missed dose.,Primary activity scheduled.
2026-07-23,09:45,09:55,ACT098,Blood Pressure Reading #098,Blood Pressure Reading #098,Medication consumption,98,1,week,10,Self,Self,Blood Pressure Cuff,Home,in_person,scheduled,Measure seated blood pressure after 5 minutes rest,"Confirm dose, timing, and any meal requirement before taking it.","systolic, diastolic, resting_hr",Follow clinician-approved missed-dose guidance and log the missed dose.,Primary activity scheduled.
2026-07-23,12:00,12:45,ACT087,Hydration Protocol #087,Hydration Protocol #087,Food consumption,87,1,week,45,Self,Self,,Home,in_person,scheduled,Drink 500ml water with electrolytes,Prepare or order the meal according to the assigned nutrition guideline.,"water_ml, electrolyte_serving",Return to the plan at the next meal and note the reason for deviation.,Primary activity scheduled.
2026-07-23,12:45,13:15,ACT089,Breathwork,Breathwork #089,Therapy,89,1,week,30,Self,Self,,Home,in_person,backup_used,Box breathing or physiological sigh protocol,Confirm facility availability and avoid heavy meals immediately before the session.,"duration, stress_score, HRV",Replace with breathwork or recovery stretch and avoid stacking intense recovery sessions next day.,Primary activity unavailable. Used backup: Breathwork.
2026-07-23,17:00,17:45,ACT019,Guided Meditation #019,Guided Meditation #019,Therapy,19,1,week,45,Health Coach 3,Health Coach,,Home,in_person,scheduled,Mindfulness session with body scan,Confirm facility availability and avoid heavy meals immediately before the session.,"duration, mood_score, sleep_quality",Replace with breathwork or recovery stretch and avoid stacking intense recovery sessions next day.,Primary activity scheduled.
2026-07-23,17:45,18:30,ACT024,Recovery Stretch #024,Recovery Stretch #024,Therapy,24,1,week,45,Health Coach 3,Health Coach,Yoga Mat,Home,in_person,scheduled,Parasympathetic evening stretch routine,Confirm facility availability and avoid heavy meals immediately before the session.,"duration, muscle_tightness_score",Replace with breathwork or recovery stretch and avoid stacking intense recovery sessions next day.,Primary activity scheduled.
2026-07-23,18:30,18:45,ACT038,Magnesium Glycinate #038,Magnesium Glycinate #038,Medication consumption,38,1,week,15,Self,Self,,Home,in_person,scheduled,Take 60 minutes before bedtime,"Confirm dose, timing, and any meal requirement before taking it.","dose_mg, sleep_quality, adherence",Follow clinician-approved missed-dose guidance and log the missed dose.,Primary activity scheduled.
2026-07-23,18:45,19:30,ACT039,Breathwork #039,Breathwork #039,Therapy,39,1,week,45,Health Coach 3,Health Coach,,Home,in_person,scheduled,Box breathing or physiological sigh protocol,Confirm facility availability and avoid heavy meals immediately before the session.,"duration, stress_score, HRV",Replace with breathwork or recovery stretch and avoid stacking intense recovery sessions next day.,Primary activity scheduled.
2026-07-23,19:30,19:50,ACT042,Low-Glycemic Dinner #042,Low-Glycemic Dinner #042,Food consumption,42,1,week,20,Self,Self,,Home,in_person,scheduled,Control evening carbohydrate load,Prepare or order the meal according to the assigned nutrition guideline.,"carbs_g, glucose_response, sleep_quality",Return to the plan at the next meal and note the reason for deviation.,Primary activity scheduled.
2026-07-23,20:00,20:30,ACT049,Breathwork,Recovery Stretch #049,Therapy,49,1,week,30,Self,Self,,Home,in_person,backup_used,Parasympathetic evening stretch routine,Confirm facility availability and avoid heavy meals immediately before the session.,"duration, muscle_tightness_score",Replace with breathwork or recovery stretch and avoid stacking intense recovery sessions next day.,Primary activity unavailable. Used backup: Breathwork.
2026-07-23,20:30,21:00,ACT074,Breathwork,Recovery Stretch #074,Therapy,74,1,week,30,Self,Self,,Home,in_person,backup_used,Parasympathetic evening stretch routine,Confirm facility availability and avoid heavy meals immediately before the session.,"duration, muscle_tightness_score",Replace with breathwork or recovery stretch and avoid stacking intense recovery sessions next day.,Primary activity unavailable. Used backup: Breathwork.
2026-07-24,06:00,06:45,ACT001,Zone 2 Run #001,Zone 2 Run #001,Fitness routine / exercise,1,1,week,45,Fitness Trainer 1,Fitness Trainer,Treadmill,Park,in_person,scheduled,Maintain heart rate between 120-140 bpm,"Wear appropriate training clothes, prepare water, and confirm recovery status.","heart_rate, duration, perceived_exertion",Reschedule within the same week if possible; otherwise reduce next session intensity by 10%.,Primary activity scheduled.
2026-07-24,06:45,06:55,ACT003,Omega-3 Supplement #003,Omega-3 Supplement #003,Medication consumption,3,1,week,10,Self,Self,,Home,in_person,scheduled,Take after meal to improve tolerance,"Confirm dose, timing, and any meal requirement before taking it.","dose_mg, adherence",Follow clinician-approved missed-dose guidance and log the missed dose.,Primary activity scheduled.
2026-07-24,07:00,08:00,ACT006,Strength Training #006,Strength Training #006,Fitness routine / exercise,6,1,week,60,Fitness Trainer 1,Fitness Trainer,"Dumbbells, Resistance Bands",Gym,in_person,scheduled,Full-body resistance session with controlled tempo,"Wear appropriate training clothes, prepare water, and confirm recovery status.","sets, reps, load, RPE",Reschedule within the same week if possible; otherwise reduce next session intensity by 10%.,Primary activity scheduled.
2026-07-24,08:00,08:10,ACT008,Vitamin D3 #008,Vitamin D3 #008,Medication consumption,8,1,week,10,Self,Self,,Home,in_person,scheduled,Take with fat-containing meal,"Confirm dose, timing, and any meal requirement before taking it.","dose_IU, adherence",Follow clinician-approved missed-dose guidance and log the missed dose.,Primary activity scheduled.
2026-07-24,08:15,08:45,ACT016,Eye Exercise #016,Eye Exercise #016,Fitness routine / exercise,16,1,week,30,Fitness Trainer 1,Fitness Trainer,,Home,in_person,scheduled,Near-far focus drill and 20-20-20 visual breaks,"Wear appropriate training clothes, prepare water, and confirm recovery status.","duration, eye_strain_score",Reschedule within the same week if possible; otherwise reduce next session intensity by 10%.,Primary activity scheduled.
2026-07-24,08:45,09:00,ACT018,Glucose Monitor Check #018,Glucose Monitor Check #018,Medication consumption,18,1,week,15,Self,Self,Glucose Meter,Home,in_person,scheduled,Record fasting glucose and notes,"Confirm dose, timing, and any meal requirement before taking it.","glucose_mg_dL, fasting_hours",Follow clinician-approved missed-dose guidance and log the missed dose.,Primary activity scheduled.
2026-07-24,09:00,09:30,ACT022,Fermented Food Serving #022,Fermented Food Serving #022,Food consumption,22,1,week,30,Self,Self,,Home,in_person,scheduled,"Add yogurt, kimchi, kefir, or sauerkraut",Prepare or order the meal according to the assigned nutrition guideline.,"serving_size, GI_comfort_score",Return to the plan at the next meal and note the reason for deviation.,Primary activity scheduled.
2026-07-24,09:30,10:00,ACT027,High-Protein Breakfast #027,High-Protein Breakfast #027,Food consumption,27,1,week,30,Self,Self,,Home,in_person,scheduled,Consume 30-40g protein within 2 hours of waking,Prepare or order the meal according to the assigned nutrition guideline.,"protein_g, calories, satiety_score",Return to the plan at the next meal and note the reason for deviation.,Primary activity scheduled.
2026-07-24,12:00,12:20,ACT007,Mediterranean Lunch #007,Mediterranean Lunch #007,Food consumption,7,1,week,20,Self,Self,,Home,in_person,scheduled,"Vegetables, lean protein, olive oil, and whole grains",Prepare or order the meal according to the assigned nutrition guideline.,"calories, fiber_g, protein_g",Return to the plan at the next meal and note the reason for deviation.,Primary activity scheduled.
2026-07-24,12:30,12:40,ACT028,Omega-3 Supplement #028,Omega-3 Supplement #028,Medication consumption,28,1,week,10,Self,Self,,Home,in_person,scheduled,Take after meal to improve tolerance,"Confirm dose, timing, and any meal requirement before taking it.","dose_mg, adherence",Follow clinician-approved missed-dose guidance and log the missed dose.,Primary activity scheduled.
2026-07-24,12:45,13:00,ACT033,Vitamin D3 #033,Vitamin D3 #033,Medication consumption,33,1,week,15,Self,Self,,Home,in_person,scheduled,Take with fat-containing meal,"Confirm dose, timing, and any meal requirement before taking it.","dose_IU, adherence",Follow clinician-approved missed-dose guidance and log the missed dose.,Primary activity scheduled.
2026-07-24,13:00,13:20,ACT037,Hydration Protocol #037,Hydration Protocol #037,Food consumption,37,1,week,20,Self,Self,,Home,in_person,scheduled,Drink 500ml water with electrolytes,Prepare or order the meal according to the assigned nutrition guideline.,"water_ml, electrolyte_serving",Return to the plan at the next meal and note the reason for deviation.,Primary activity scheduled.
2026-07-24,17:00,17:45,ACT004,Sauna Session #004,Sauna Session #004,Therapy,4,1,week,45,Self,Self,Sauna,Wellness Center,in_person,scheduled,15-20 minutes moderate heat exposure,Confirm facility availability and avoid heavy meals immediately before the session.,"duration, temperature, recovery_score",Replace with breathwork or recovery stretch and avoid stacking intense recovery sessions next day.,Primary activity scheduled.
2026-07-24,17:45,18:30,ACT009,Cold Plunge #009,Cold Plunge #009,Therapy,9,1,week,45,Self,Self,Cold Plunge,Wellness Center,in_person,scheduled,2-3 minutes controlled cold exposure,Confirm facility availability and avoid heavy meals immediately before the session.,"duration, temperature, stress_score",Replace with breathwork or recovery stretch and avoid stacking intense recovery sessions next day.,Primary activity scheduled.
2026-07-24,18:30,18:45,ACT013,Magnesium Glycinate #013,Magnesium Glycinate #013,Medication consumption,13,1,week,15,Self,Self,,Home,in_person,scheduled,Take 60 minutes before bedtime,"Confirm dose, timing, and any meal requirement before taking it.","dose_mg, sleep_quality, adherence",Follow clinician-approved missed-dose guidance and log the missed dose.,Primary activity scheduled.
2026-07-24,18:45,19:15,ACT014,Breathwork #014,Breathwork #014,Therapy,14,1,week,30,Health Coach 3,Health Coach,,Home,in_person,scheduled,Box breathing or physiological sigh protocol,Confirm facility availability and avoid heavy meals immediately before the session.,"duration, stress_score, HRV",Replace with breathwork or recovery stretch and avoid stacking intense recovery sessions next day.,Primary activity scheduled.
2026-07-24,19:15,19:45,ACT017,Low-Glycemic Dinner #017,Low-Glycemic Dinner #017,Food consumption,17,1,week,30,Self,Self,,Home,in_person,scheduled,Control evening carbohydrate load,Prepare or order the meal according to the assigned nutrition guideline.,"carbs_g, glucose_response, sleep_quality",Return to the plan at the next meal and note the reason for deviation.,Primary activity scheduled.
2026-07-24,19:45,20:15,ACT029,Sauna Session #029,Sauna Session #029,Therapy,29,1,week,30,Self,Self,Sauna,Wellness Center,in_person,scheduled,15-20 minutes moderate heat exposure,Confirm facility availability and avoid heavy meals immediately before the session.,"duration, temperature, recovery_score",Replace with breathwork or recovery stretch and avoid stacking intense recovery sessions next day.,Primary activity scheduled.
2026-07-24,20:15,21:00,ACT034,Cold Plunge #034,Cold Plunge #034,Therapy,34,1,week,45,Self,Self,Cold Plunge,Wellness Center,in_person,scheduled,2-3 minutes controlled cold exposure,Confirm facility availability and avoid heavy meals immediately before the session.,"duration, temperature, stress_score",Replace with breathwork or recovery stretch and avoid stacking intense recovery sessions next day.,Primary activity scheduled.
2026-07-25,08:00,08:45,ACT026,Zone 2 Run #026,Zone 2 Run #026,Fitness routine / exercise,26,1,week,45,Fitness Trainer 1,Fitness Trainer,Treadmill,Park,in_person,scheduled,Maintain heart rate between 120-140 bpm,"Wear appropriate training clothes, prepare water, and confirm recovery status.","heart_rate, duration, perceived_exertion",Reschedule within the same week if possible; otherwise reduce next session intensity by 10%.,Primary activity scheduled.
2026-07-25,08:45,09:00,ACT043,Glucose Monitor Check #043,Glucose Monitor Check #043,Medication consumption,43,1,week,15,Self,Self,Glucose Meter,Home,in_person,scheduled,Record fasting glucose and notes,"Confirm dose, timing, and any meal requirement before taking it.","glucose_mg_dL, fasting_hours",Follow clinician-approved missed-dose guidance and log the missed dose.,Primary activity scheduled.
2026-07-25,09:00,09:45,ACT052,High-Protein Breakfast #052,High-Protein Breakfast #052,Food consumption,52,1,week,45,Self,Self,,Home,in_person,scheduled,Consume 30-40g protein within 2 hours of waking,Prepare or order the meal according to the assigned nutrition guideline.,"protein_g, calories, satiety_score",Return to the plan at the next meal and note the reason for deviation.,Primary activity scheduled.
2026-07-25,09:45,09:55,ACT058,Vitamin D3 #058,Vitamin D3 #058,Medication consumption,58,1,week,10,Self,Self,,Home,in_person,scheduled,Take with fat-containing meal,"Confirm dose, timing, and any meal requirement before taking it.","dose_IU, adherence",Follow clinician-approved missed-dose guidance and log the missed dose.,Primary activity scheduled.
2026-07-25,10:00,10:10,ACT068,Glucose Monitor Check #068,Glucose Monitor Check #068,Medication consumption,68,1,week,10,Self,Self,Glucose Meter,Home,in_person,scheduled,Record fasting glucose and notes,"Confirm dose, timing, and any meal requirement before taking it.","glucose_mg_dL, fasting_hours",Follow clinician-approved missed-dose guidance and log the missed dose.,Primary activity scheduled.
2026-07-25,10:15,11:00,ACT077,High-Protein Breakfast #077,High-Protein Breakfast #077,Food consumption,77,1,week,45,Self,Self,,Home,in_person,scheduled,Consume 30-40g protein within 2 hours of waking,Prepare or order the meal according to the assigned nutrition guideline.,"protein_g, calories, satiety_score",Return to the plan at the next meal and note the reason for deviation.,Primary activity scheduled.
2026-07-25,11:00,11:20,ACT082,Mediterranean Lunch #082,Mediterranean Lunch #082,Food consumption,82,1,week,20,Self,Self,,Home,in_person,scheduled,"Vegetables, lean protein, olive oil, and whole grains",Prepare or order the meal according to the assigned nutrition guideline.,"calories, fiber_g, protein_g",Return to the plan at the next meal and note the reason for deviation.,Primary activity scheduled.
2026-07-25,11:30,11:40,ACT088,Magnesium Glycinate #088,Magnesium Glycinate #088,Medication consumption,88,1,week,10,Self,Self,,Home,in_person,scheduled,Take 60 minutes before bedtime,"Confirm dose, timing, and any meal requirement before taking it.","dose_mg, sleep_quality, adherence",Follow clinician-approved missed-dose guidance and log the missed dose.,Primary activity scheduled.
2026-07-25,11:45,12:00,ACT093,Glucose Monitor Check #093,Glucose Monitor Check #093,Medication consumption,93,1,week,15,Self,Self,Glucose Meter,Home,in_person,scheduled,Record fasting glucose and notes,"Confirm dose, timing, and any meal requirement before taking it.","glucose_mg_dL, fasting_hours",Follow clinician-approved missed-dose guidance and log the missed dose.,Primary activity scheduled.
2026-07-25,14:00,14:30,ACT044,Breathwork,Guided Meditation #044,Therapy,44,1,week,30,Self,Self,,Home,in_person,backup_used,Mindfulness session with body scan,Confirm facility availability and avoid heavy meals immediately before the session.,"duration, mood_score, sleep_quality",Replace with breathwork or recovery stretch and avoid stacking intense recovery sessions next day.,Primary activity unavailable. Used backup: Breathwork.
2026-07-25,14:30,15:00,ACT054,Breathwork,Sauna Session #054,Therapy,54,1,week,30,Self,Self,,Wellness Center,in_person,backup_used,15-20 minutes moderate heat exposure,Confirm facility availability and avoid heavy meals immediately before the session.,"duration, temperature, recovery_score",Replace with breathwork or recovery stretch and avoid stacking intense recovery sessions next day.,Primary activity unavailable. Used backup: Breathwork.
2026-07-25,15:00,15:30,ACT064,Breathwork,Breathwork #064,Therapy,64,1,week,30,Self,Self,,Home,in_person,backup_used,Box breathing or physiological sigh protocol,Confirm facility availability and avoid heavy meals immediately before the session.,"duration, stress_score, HRV",Replace with breathwork or recovery stretch and avoid stacking intense recovery sessions next day.,Primary activity unavailable. Used backup: Breathwork.
2026-07-25,15:30,16:00,ACT069,Breathwork,Guided Meditation #069,Therapy,69,1,week,30,Self,Self,,Home,in_person,backup_used,Mindfulness session with body scan,Confirm facility availability and avoid heavy meals immediately before the session.,"duration, mood_score, sleep_quality",Replace with breathwork or recovery stretch and avoid stacking intense recovery sessions next day.,Primary activity unavailable. Used backup: Breathwork.
2026-07-25,16:00,16:45,ACT059,Cold Plunge #059,Cold Plunge #059,Therapy,59,1,week,45,Self,Self,Cold Plunge,Wellness Center,in_person,scheduled,2-3 minutes controlled cold exposure,Confirm facility availability and avoid heavy meals immediately before the session.,"duration, temperature, stress_score",Replace with breathwork or recovery stretch and avoid stacking intense recovery sessions next day.,Primary activity scheduled.
2026-07-25,17:00,17:45,ACT021,Brisk Walk #021,Brisk Walk #021,Fitness routine / exercise,21,1,week,45,Fitness Trainer 1,Fitness Trainer,,Park,in_person,scheduled,Low-intensity walk after meals,"Wear appropriate training clothes, prepare water, and confirm recovery status.","steps, duration, glucose_response",Reschedule within the same week if possible; otherwise reduce next session intensity by 10%.,Primary activity scheduled.
2026-07-25,17:45,18:30,ACT036,Mobility Flow #036,Mobility Flow #036,Fitness routine / exercise,36,1,week,45,Fitness Trainer 1,Fitness Trainer,Yoga Mat,Home,in_person,scheduled,"Hip, ankle, thoracic spine, and shoulder mobility","Wear appropriate training clothes, prepare water, and confirm recovery status.","duration, pain_score, range_of_motion",Reschedule within the same week if possible; otherwise reduce next session intensity by 10%.,Primary activity scheduled.
2026-07-26,08:00,08:45,ACT061,Mobility Flow #061,Mobility Flow #061,Fitness routine / exercise,61,2,week,45,Fitness Trainer 1,Fitness Trainer,Yoga Mat,Home,in_person,scheduled,"Hip, ankle, thoracic spine, and shoulder mobility","Wear appropriate training clothes, prepare water, and confirm recovery status.","duration, pain_score, range_of_motion",Reschedule within the same week if possible; otherwise reduce next session intensity by 10%.,Primary activity scheduled.
2026-07-26,08:45,09:30,ACT086,Mobility Flow #086,Mobility Flow #086,Fitness routine / exercise,86,1,week,45,Fitness Trainer 1,Fitness Trainer,Yoga Mat,Home,in_person,scheduled,"Hip, ankle, thoracic spine, and shoulder mobility","Wear appropriate training clothes, prepare water, and confirm recovery status.","duration, pain_score, range_of_motion",Reschedule within the same week if possible; otherwise reduce next session intensity by 10%.,Primary activity scheduled.
2026-07-26,09:30,09:45,ACT096,Brisk Walk #096,Brisk Walk #096,Fitness routine / exercise,96,2,week,15,Fitness Trainer 1,Fitness Trainer,,Park,in_person,scheduled,Low-intensity walk after meals,"Wear appropriate training clothes, prepare water, and confirm recovery status.","steps, duration, glucose_response",Reschedule within the same week if possible; otherwise reduce next session intensity by 10%.,Primary activity scheduled.
2026-07-26,09:45,10:05,ACT097,Fermented Food Serving #097,Fermented Food Serving #097,Food consumption,97,1,week,20,Self,Self,,Home,in_person,scheduled,"Add yogurt, kimchi, kefir, or sauerkraut",Prepare or order the meal according to the assigned nutrition guideline.,"serving_size, GI_comfort_score",Return to the plan at the next meal and note the reason for deviation.,Primary activity scheduled.
2026-07-26,16:00,16:45,ACT084,Cold Plunge #084,Cold Plunge #084,Therapy,84,1,week,45,Self,Self,Cold Plunge,Wellness Center,in_person,scheduled,2-3 minutes controlled cold exposure,Confirm facility availability and avoid heavy meals immediately before the session.,"duration, temperature, stress_score",Replace with breathwork or recovery stretch and avoid stacking intense recovery sessions next day.,Primary activity scheduled.
2026-07-26,17:00,17:45,ACT092,Low-Glycemic Dinner #092,Low-Glycemic Dinner #092,Food consumption,92,1,week,45,Self,Self,,Home,in_person,scheduled,Control evening carbohydrate load,Prepare or order the meal according to the assigned nutrition guideline.,"carbs_g, glucose_response, sleep_quality",Return to the plan at the next meal and note the reason for deviation.,Primary activity scheduled.
2026-07-26,17:45,18:30,ACT099,Recovery Stretch #099,Recovery Stretch #099,Therapy,99,1,week,45,Self,Self,Yoga Mat,Home,in_person,scheduled,Parasympathetic evening stretch routine,Confirm facility availability and avoid heavy meals immediately before the session.,"duration, muscle_tightness_score",Replace with breathwork or recovery stretch and avoid stacking intense recovery sessions next day.,Primary activity scheduled.
2026-07-27,06:00,06:20,ACT002,High-Protein Breakfast #002,High-Protein Breakfast #002,Food consumption,2,2,week,20,Self,Self,,Home,in_person,scheduled,Consume 30-40g protein within 2 hours of waking,Prepare or order the meal according to the assigned nutrition guideline.,"protein_g, calories, satiety_score",Return to the plan at the next meal and note the reason for deviation.,Primary activity scheduled.
2026-07-27,06:30,06:50,ACT012,Hydration Protocol #012,Hydration Protocol #012,Food consumption,12,2,week,20,Self,Self,,Home,in_person,scheduled,Drink 500ml water with electrolytes,Prepare or order the meal according to the assigned nutrition guideline.,"water_ml, electrolyte_serving",Return to the plan at the next meal and note the reason for deviation.,Primary activity scheduled.
2026-07-27,07:00,08:00,ACT031,Strength Training #031,Strength Training #031,Fitness routine / exercise,31,2,week,60,Fitness Trainer 1,Fitness Trainer,"Dumbbells, Resistance Bands",Gym,in_person,scheduled,Full-body resistance session with controlled tempo,"Wear appropriate training clothes, prepare water, and confirm recovery status.","sets, reps, load, RPE",Reschedule within the same week if possible; otherwise reduce next session intensity by 10%.,Primary activity scheduled.
2026-07-27,08:00,08:20,ACT047,Fermented Food Serving #047,Fermented Food Serving #047,Food consumption,47,2,week,20,Self,Self,,Home,in_person,scheduled,"Add yogurt, kimchi, kefir, or sauerkraut",Prepare or order the meal according to the assigned nutrition guideline.,"serving_size, GI_comfort_score",Return to the plan at the next meal and note the reason for deviation.,Primary activity scheduled.
2026-07-27,08:30,08:45,ACT048,Blood Pressure Reading #048,Blood Pressure Reading #048,Medication consumption,48,2,week,15,Self,Self,Blood Pressure Cuff,Home,in_person,scheduled,Measure seated blood pressure after 5 minutes rest,"Confirm dose, timing, and any meal requirement before taking it.","systolic, diastolic, resting_hr",Follow clinician-approved missed-dose guidance and log the missed dose.,Primary activity scheduled.
2026-07-27,08:45,09:00,ACT053,Omega-3 Supplement #053,Omega-3 Supplement #053,Medication consumption,53,2,week,15,Self,Self,,Home,in_person,scheduled,Take after meal to improve tolerance,"Confirm dose, timing, and any meal requirement before taking it.","dose_mg, adherence",Follow clinician-approved missed-dose guidance and log the missed dose.,Primary activity scheduled.
2026-07-27,09:00,09:30,ACT062,Hydration Protocol #062,Hydration Protocol #062,Food consumption,62,2,week,30,Self,Self,,Home,in_person,scheduled,Drink 500ml water with electrolytes,Prepare or order the meal according to the assigned nutrition guideline.,"water_ml, electrolyte_serving",Return to the plan at the next meal and note the reason for deviation.,Primary activity scheduled.
2026-07-27,09:30,09:40,ACT078,Omega-3 Supplement #078,Omega-3 Supplement #078,Medication consumption,78,2,week,10,Self,Self,,Home,in_person,scheduled,Take after meal to improve tolerance,"Confirm dose, timing, and any meal requirement before taking it.","dose_mg, adherence",Follow clinician-approved missed-dose guidance and log the missed dose.,Primary activity scheduled.
2026-07-27,12:00,12:30,ACT032,Mediterranean Lunch #032,Mediterranean Lunch #032,Food consumption,32,2,week,30,Self,Self,,Home,in_person,scheduled,"Vegetables, lean protein, olive oil, and whole grains",Prepare or order the meal according to the assigned nutrition guideline.,"calories, fiber_g, protein_g",Return to the plan at the next meal and note the reason for deviation.,Primary activity scheduled.
2026-07-27,12:30,12:50,ACT057,Mediterranean Lunch #057,Mediterranean Lunch #057,Food consumption,57,2,week,20,Self,Self,,Home,in_person,scheduled,"Vegetables, lean protein, olive oil, and whole grains",Prepare or order the meal according to the assigned nutrition guideline.,"calories, fiber_g, protein_g",Return to the plan at the next meal and note the reason for deviation.,Primary activity scheduled.
2026-07-27,17:00,17:45,ACT056,Strength Training #056,Strength Training #056,Fitness routine / exercise,56,2,week,45,Fitness Trainer 1,Fitness Trainer,"Dumbbells, Resistance Bands",Gym,in_person,scheduled,Full-body resistance session with controlled tempo,"Wear appropriate training clothes, prepare water, and confirm recovery status.","sets, reps, load, RPE",Reschedule within the same week if possible; otherwise reduce next session intensity by 10%.,Primary activity scheduled.
2026-07-27,17:45,18:00,ACT063,Magnesium Glycinate #063,Magnesium Glycinate #063,Medication consumption,63,2,week,15,Self,Self,,Home,in_person,scheduled,Take 60 minutes before bedtime,"Confirm dose, timing, and any meal requirement before taking it.","dose_mg, sleep_quality, adherence",Follow clinician-approved missed-dose guidance and log the missed dose.,Primary activity scheduled.
2026-07-27,18:00,18:45,ACT067,Low-Glycemic Dinner #067,Low-Glycemic Dinner #067,Food consumption,67,2,week,45,Self,Self,,Home,in_person,scheduled,Control evening carbohydrate load,Prepare or order the meal according to the assigned nutrition guideline.,"carbs_g, glucose_response, sleep_quality",Return to the plan at the next meal and note the reason for deviation.,Primary activity scheduled.
2026-07-27,18:45,19:00,ACT071,Brisk Walk #071,Brisk Walk #071,Fitness routine / exercise,71,2,week,15,Fitness Trainer 1,Fitness Trainer,,Park,in_person,scheduled,Low-intensity walk after meals,"Wear appropriate training clothes, prepare water, and confirm recovery status.","steps, duration, glucose_response",Reschedule within the same week if possible; otherwise reduce next session intensity by 10%.,Primary activity scheduled.
2026-07-27,19:00,19:45,ACT072,Fermented Food Serving #072,Fermented Food Serving #072,Food consumption,72,2,week,45,Self,Self,,Home,in_person,scheduled,"Add yogurt, kimchi, kefir, or sauerkraut",Prepare or order the meal according to the assigned nutrition guideline.,"serving_size, GI_comfort_score",Return to the plan at the next meal and note the reason for deviation.,Primary activity scheduled.
2026-07-27,19:45,20:00,ACT091,Eye Exercise #091,Eye Exercise #091,Fitness routine / exercise,91,2,week,15,Fitness Trainer 1,Fitness Trainer,,Home,in_person,scheduled,Near-far focus drill and 20-20-20 visual breaks,"Wear appropriate training clothes, prepare water, and confirm recovery status.","duration, eye_strain_score",Reschedule within the same week if possible; otherwise reduce next session intensity by 10%.,Primary activity scheduled.
2026-07-28,06:00,06:20,ACT002,High-Protein Breakfast #002,High-Protein Breakfast #002,Food consumption,2,1,week,20,Self,Self,,Home,in_person,scheduled,Consume 30-40g protein within 2 hours of waking,Prepare or order the meal according to the assigned nutrition guideline.,"protein_g, calories, satiety_score",Return to the plan at the next meal and note the reason for deviation.,Primary activity scheduled.
2026-07-28,06:30,06:50,ACT012,Hydration Protocol #012,Hydration Protocol #012,Food consumption,12,1,week,20,Self,Self,,Home,in_person,scheduled,Drink 500ml water with electrolytes,Prepare or order the meal according to the assigned nutrition guideline.,"water_ml, electrolyte_serving",Return to the plan at the next meal and note the reason for deviation.,Primary activity scheduled.
2026-07-28,07:00,08:00,ACT031,Strength Training #031,Strength Training #031,Fitness routine / exercise,31,1,week,60,Fitness Trainer 1,Fitness Trainer,"Dumbbells, Resistance Bands",Gym,in_person,scheduled,Full-body resistance session with controlled tempo,"Wear appropriate training clothes, prepare water, and confirm recovery status.","sets, reps, load, RPE",Reschedule within the same week if possible; otherwise reduce next session intensity by 10%.,Primary activity scheduled.
2026-07-28,08:00,08:20,ACT047,Fermented Food Serving #047,Fermented Food Serving #047,Food consumption,47,1,week,20,Self,Self,,Home,in_person,scheduled,"Add yogurt, kimchi, kefir, or sauerkraut",Prepare or order the meal according to the assigned nutrition guideline.,"serving_size, GI_comfort_score",Return to the plan at the next meal and note the reason for deviation.,Primary activity scheduled.
2026-07-28,08:30,08:45,ACT048,Blood Pressure Reading #048,Blood Pressure Reading #048,Medication consumption,48,1,week,15,Self,Self,Blood Pressure Cuff,Home,in_person,scheduled,Measure seated blood pressure after 5 minutes rest,"Confirm dose, timing, and any meal requirement before taking it.","systolic, diastolic, resting_hr",Follow clinician-approved missed-dose guidance and log the missed dose.,Primary activity scheduled.
2026-07-28,08:45,09:00,ACT053,Omega-3 Supplement #053,Omega-3 Supplement #053,Medication consumption,53,1,week,15,Self,Self,,Home,in_person,scheduled,Take after meal to improve tolerance,"Confirm dose, timing, and any meal requirement before taking it.","dose_mg, adherence",Follow clinician-approved missed-dose guidance and log the missed dose.,Primary activity scheduled.
2026-07-28,09:00,09:30,ACT062,Hydration Protocol #062,Hydration Protocol #062,Food consumption,62,1,week,30,Self,Self,,Home,in_person,scheduled,Drink 500ml water with electrolytes,Prepare or order the meal according to the assigned nutrition guideline.,"water_ml, electrolyte_serving",Return to the plan at the next meal and note the reason for deviation.,Primary activity scheduled.
2026-07-28,09:30,09:40,ACT078,Omega-3 Supplement #078,Omega-3 Supplement #078,Medication consumption,78,1,week,10,Self,Self,,Home,in_person,scheduled,Take after meal to improve tolerance,"Confirm dose, timing, and any meal requirement before taking it.","dose_mg, adherence",Follow clinician-approved missed-dose guidance and log the missed dose.,Primary activity scheduled.
2026-07-28,12:00,12:30,ACT032,Mediterranean Lunch #032,Mediterranean Lunch #032,Food consumption,32,1,week,30,Self,Self,,Home,in_person,scheduled,"Vegetables, lean protein, olive oil, and whole grains",Prepare or order the meal according to the assigned nutrition guideline.,"calories, fiber_g, protein_g",Return to the plan at the next meal and note the reason for deviation.,Primary activity scheduled.
2026-07-28,12:30,12:50,ACT057,Mediterranean Lunch #057,Mediterranean Lunch #057,Food consumption,57,1,week,20,Self,Self,,Home,in_person,scheduled,"Vegetables, lean protein, olive oil, and whole grains",Prepare or order the meal according to the assigned nutrition guideline.,"calories, fiber_g, protein_g",Return to the plan at the next meal and note the reason for deviation.,Primary activity scheduled.
2026-07-28,17:00,17:15,ACT011,Mobility Flow #011,Mobility Flow #011,Fitness routine / exercise,11,2,week,15,Fitness Trainer 1,Fitness Trainer,Yoga Mat,Home,in_person,scheduled,"Hip, ankle, thoracic spine, and shoulder mobility","Wear appropriate training clothes, prepare water, and confirm recovery status.","duration, pain_score, range_of_motion",Reschedule within the same week if possible; otherwise reduce next session intensity by 10%.,Primary activity scheduled.
2026-07-28,17:15,17:30,ACT011,Mobility Flow #011,Mobility Flow #011,Fitness routine / exercise,11,1,week,15,Fitness Trainer 1,Fitness Trainer,Yoga Mat,Home,in_person,scheduled,"Hip, ankle, thoracic spine, and shoulder mobility","Wear appropriate training clothes, prepare water, and confirm recovery status.","duration, pain_score, range_of_motion",Reschedule within the same week if possible; otherwise reduce next session intensity by 10%.,Primary activity scheduled.
2026-07-28,17:30,18:15,ACT056,Strength Training #056,Strength Training #056,Fitness routine / exercise,56,1,week,45,Fitness Trainer 1,Fitness Trainer,"Dumbbells, Resistance Bands",Gym,in_person,scheduled,Full-body resistance session with controlled tempo,"Wear appropriate training clothes, prepare water, and confirm recovery status.","sets, reps, load, RPE",Reschedule within the same week if possible; otherwise reduce next session intensity by 10%.,Primary activity scheduled.
2026-07-28,18:15,19:00,ACT061,Mobility Flow #061,Mobility Flow #061,Fitness routine / exercise,61,1,week,45,Fitness Trainer 1,Fitness Trainer,Yoga Mat,Home,in_person,scheduled,"Hip, ankle, thoracic spine, and shoulder mobility","Wear appropriate training clothes, prepare water, and confirm recovery status.","duration, pain_score, range_of_motion",Reschedule within the same week if possible; otherwise reduce next session intensity by 10%.,Primary activity scheduled.
2026-07-28,19:00,19:15,ACT063,Magnesium Glycinate #063,Magnesium Glycinate #063,Medication consumption,63,1,week,15,Self,Self,,Home,in_person,scheduled,Take 60 minutes before bedtime,"Confirm dose, timing, and any meal requirement before taking it.","dose_mg, sleep_quality, adherence",Follow clinician-approved missed-dose guidance and log the missed dose.,Primary activity scheduled.
2026-07-28,19:15,20:00,ACT067,Low-Glycemic Dinner #067,Low-Glycemic Dinner #067,Food consumption,67,1,week,45,Self,Self,,Home,in_person,scheduled,Control evening carbohydrate load,Prepare or order the meal according to the assigned nutrition guideline.,"carbs_g, glucose_response, sleep_quality",Return to the plan at the next meal and note the reason for deviation.,Primary activity scheduled.
2026-07-28,20:00,20:45,ACT072,Fermented Food Serving #072,Fermented Food Serving #072,Food consumption,72,1,week,45,Self,Self,,Home,in_person,scheduled,"Add yogurt, kimchi, kefir, or sauerkraut",Prepare or order the meal according to the assigned nutrition guideline.,"serving_size, GI_comfort_score",Return to the plan at the next meal and note the reason for deviation.,Primary activity scheduled.
2026-07-29,06:00,06:45,ACT036,Mobility Flow #036,Mobility Flow #036,Fitness routine / exercise,36,1,week,45,Fitness Trainer 1,Fitness Trainer,Yoga Mat,Home,in_person,scheduled,"Hip, ankle, thoracic spine, and shoulder mobility","Wear appropriate training clothes, prepare water, and confirm recovery status.","duration, pain_score, range_of_motion",Reschedule within the same week if possible; otherwise reduce next session intensity by 10%.,Primary activity scheduled.
2026-07-29,06:45,07:00,ACT071,Brisk Walk #071,Brisk Walk #071,Fitness routine / exercise,71,1,week,15,Fitness Trainer 1,Fitness Trainer,,Park,in_person,scheduled,Low-intensity walk after meals,"Wear appropriate training clothes, prepare water, and confirm recovery status.","steps, duration, glucose_response",Reschedule within the same week if possible; otherwise reduce next session intensity by 10%.,Primary activity scheduled.
2026-07-29,07:00,07:45,ACT076,Zone 2 Run #076,Zone 2 Run #076,Fitness routine / exercise,76,1,week,45,Fitness Trainer 1,Fitness Trainer,Treadmill,Park,in_person,scheduled,Maintain heart rate between 120-140 bpm,"Wear appropriate training clothes, prepare water, and confirm recovery status.","heart_rate, duration, perceived_exertion",Reschedule within the same week if possible; otherwise reduce next session intensity by 10%.,Primary activity scheduled.
2026-07-29,07:45,08:30,ACT086,Mobility Flow #086,Mobility Flow #086,Fitness routine / exercise,86,1,week,45,Fitness Trainer 1,Fitness Trainer,Yoga Mat,Home,in_person,scheduled,"Hip, ankle, thoracic spine, and shoulder mobility","Wear appropriate training clothes, prepare water, and confirm recovery status.","duration, pain_score, range_of_motion",Reschedule within the same week if possible; otherwise reduce next session intensity by 10%.,Primary activity scheduled.
2026-07-29,08:30,08:45,ACT091,Eye Exercise #091,Eye Exercise #091,Fitness routine / exercise,91,1,week,15,Fitness Trainer 1,Fitness Trainer,,Home,in_person,scheduled,Near-far focus drill and 20-20-20 visual breaks,"Wear appropriate training clothes, prepare water, and confirm recovery status.","duration, eye_strain_score",Reschedule within the same week if possible; otherwise reduce next session intensity by 10%.,Primary activity scheduled.
2026-07-29,08:45,09:00,ACT096,Brisk Walk #096,Brisk Walk #096,Fitness routine / exercise,96,1,week,15,Fitness Trainer 1,Fitness Trainer,,Park,in_person,scheduled,Low-intensity walk after meals,"Wear appropriate training clothes, prepare water, and confirm recovery status.","steps, duration, glucose_response",Reschedule within the same week if possible; otherwise reduce next session intensity by 10%.,Primary activity scheduled.
2026-07-29,17:00,17:45,ACT041,Eye Exercise #041,Eye Exercise #041,Fitness routine / exercise,41,1,week,45,Fitness Trainer 1,Fitness Trainer,,Home,in_person,scheduled,Near-far focus drill and 20-20-20 visual breaks,"Wear appropriate training clothes, prepare water, and confirm recovery status.","duration, eye_strain_score",Reschedule within the same week if possible; otherwise reduce next session intensity by 10%.,Primary activity scheduled.
2026-07-29,17:45,18:30,ACT049,Recovery Stretch #049,Recovery Stretch #049,Therapy,49,1,week,45,Health Coach 3,Health Coach,Yoga Mat,Home,in_person,scheduled,Parasympathetic evening stretch routine,Confirm facility availability and avoid heavy meals immediately before the session.,"duration, muscle_tightness_score",Replace with breathwork or recovery stretch and avoid stacking intense recovery sessions next day.,Primary activity scheduled.
2026-07-29,18:30,19:15,ACT054,Sauna Session #054,Sauna Session #054,Therapy,54,1,week,45,Health Coach 3,Health Coach,Sauna,Wellness Center,in_person,scheduled,15-20 minutes moderate heat exposure,Confirm facility availability and avoid heavy meals immediately before the session.,"duration, temperature, recovery_score",Replace with breathwork or recovery stretch and avoid stacking intense recovery sessions next day.,Primary activity scheduled.
2026-07-29,19:15,20:00,ACT064,Breathwork #064,Breathwork #064,Therapy,64,1,week,45,Health Coach 3,Health Coach,,Home,in_person,scheduled,Box breathing or physiological sigh protocol,Confirm facility availability and avoid heavy meals immediately before the session.,"duration, stress_score, HRV",Replace with breathwork or recovery stretch and avoid stacking intense recovery sessions next day.,Primary activity scheduled.
2026-07-30,06:00,06:45,ACT001,Zone 2 Run #001,Zone 2 Run #001,Fitness routine / exercise,1,1,week,45,Fitness Trainer 1,Fitness Trainer,Treadmill,Park,in_person,scheduled,Maintain heart rate between 120-140 bpm,"Wear appropriate training clothes, prepare water, and confirm recovery status.","heart_rate, duration, perceived_exertion",Reschedule within the same week if possible; otherwise reduce next session intensity by 10%.,Primary activity scheduled.
2026-07-30,06:45,07:15,ACT016,Eye Exercise #016,Eye Exercise #016,Fitness routine / exercise,16,1,week,30,Fitness Trainer 1,Fitness Trainer,,Home,in_person,scheduled,Near-far focus drill and 20-20-20 visual breaks,"Wear appropriate training clothes, prepare water, and confirm recovery status.","duration, eye_strain_score",Reschedule within the same week if possible; otherwise reduce next session intensity by 10%.,Primary activity scheduled.
2026-07-30,07:15,08:00,ACT021,Brisk Walk #021,Brisk Walk #021,Fitness routine / exercise,21,1,week,45,Fitness Trainer 1,Fitness Trainer,,Park,in_person,scheduled,Low-intensity walk after meals,"Wear appropriate training clothes, prepare water, and confirm recovery status.","steps, duration, glucose_response",Reschedule within the same week if possible; otherwise reduce next session intensity by 10%.,Primary activity scheduled.
2026-07-30,08:00,08:45,ACT026,Zone 2 Run #026,Zone 2 Run #026,Fitness routine / exercise,26,1,week,45,Fitness Trainer 1,Fitness Trainer,Treadmill,Park,in_person,scheduled,Maintain heart rate between 120-140 bpm,"Wear appropriate training clothes, prepare water, and confirm recovery status.","heart_rate, duration, perceived_exertion",Reschedule within the same week if possible; otherwise reduce next session intensity by 10%.,Primary activity scheduled.
2026-07-30,08:45,09:30,ACT087,Hydration Protocol #087,Hydration Protocol #087,Food consumption,87,1,week,45,Self,Self,,Home,in_person,scheduled,Drink 500ml water with electrolytes,Prepare or order the meal according to the assigned nutrition guideline.,"water_ml, electrolyte_serving",Return to the plan at the next meal and note the reason for deviation.,Primary activity scheduled.
2026-07-30,09:30,09:50,ACT097,Fermented Food Serving #097,Fermented Food Serving #097,Food consumption,97,1,week,20,Self,Self,,Home,in_person,scheduled,"Add yogurt, kimchi, kefir, or sauerkraut",Prepare or order the meal according to the assigned nutrition guideline.,"serving_size, GI_comfort_score",Return to the plan at the next meal and note the reason for deviation.,Primary activity scheduled.
2026-07-30,12:00,12:45,ACT099,Recovery Stretch #099,Recovery Stretch #099,Therapy,99,1,week,45,Self,Self,Yoga Mat,Home,in_person,scheduled,Parasympathetic evening stretch routine,Confirm facility availability and avoid heavy meals immediately before the session.,"duration, muscle_tightness_score",Replace with breathwork or recovery stretch and avoid stacking intense recovery sessions next day.,Primary activity scheduled.
2026-07-30,17:00,17:45,ACT019,Guided Meditation #019,Guided Meditation #019,Therapy,19,1,week,45,Health Coach 3,Health Coach,,Home,in_person,scheduled,Mindfulness session with body scan,Confirm facility availability and avoid heavy meals immediately before the session.,"duration, mood_score, sleep_quality",Replace with breathwork or recovery stretch and avoid stacking intense recovery sessions next day.,Primary activity scheduled.
2026-07-30,17:45,18:30,ACT024,Recovery Stretch #024,Recovery Stretch #024,Therapy,24,1,week,45,Health Coach 3,Health Coach,Yoga Mat,Home,in_person,scheduled,Parasympathetic evening stretch routine,Confirm facility availability and avoid heavy meals immediately before the session.,"duration, muscle_tightness_score",Replace with breathwork or recovery stretch and avoid stacking intense recovery sessions next day.,Primary activity scheduled.
2026-07-30,18:30,19:15,ACT039,Breathwork #039,Breathwork #039,Therapy,39,1,week,45,Health Coach 3,Health Coach,,Home,in_person,scheduled,Box breathing or physiological sigh protocol,Confirm facility availability and avoid heavy meals immediately before the session.,"duration, stress_score, HRV",Replace with breathwork or recovery stretch and avoid stacking intense recovery sessions next day.,Primary activity scheduled.
2026-07-30,19:15,19:45,ACT044,Guided Meditation #044,Guided Meditation #044,Therapy,44,1,week,30,Health Coach 3,Health Coach,,Home,in_person,scheduled,Mindfulness session with body scan,Confirm facility availability and avoid heavy meals immediately before the session.,"duration, mood_score, sleep_quality",Replace with breathwork or recovery stretch and avoid stacking intense recovery sessions next day.,Primary activity scheduled.
2026-07-30,19:45,20:30,ACT092,Low-Glycemic Dinner #092,Low-Glycemic Dinner #092,Food consumption,92,1,week,45,Self,Self,,Home,in_person,scheduled,Control evening carbohydrate load,Prepare or order the meal according to the assigned nutrition guideline.,"carbs_g, glucose_response, sleep_quality",Return to the plan at the next meal and note the reason for deviation.,Primary activity scheduled.
2026-07-31,06:00,06:10,ACT003,Omega-3 Supplement #003,Omega-3 Supplement #003,Medication consumption,3,1,week,10,Self,Self,,Home,in_person,scheduled,Take after meal to improve tolerance,"Confirm dose, timing, and any meal requirement before taking it.","dose_mg, adherence",Follow clinician-approved missed-dose guidance and log the missed dose.,Primary activity scheduled.
2026-07-31,06:15,06:25,ACT008,Vitamin D3 #008,Vitamin D3 #008,Medication consumption,8,1,week,10,Self,Self,,Home,in_person,scheduled,Take with fat-containing meal,"Confirm dose, timing, and any meal requirement before taking it.","dose_IU, adherence",Follow clinician-approved missed-dose guidance and log the missed dose.,Primary activity scheduled.
2026-07-31,06:30,06:45,ACT018,Glucose Monitor Check #018,Glucose Monitor Check #018,Medication consumption,18,1,week,15,Self,Self,Glucose Meter,Home,in_person,scheduled,Record fasting glucose and notes,"Confirm dose, timing, and any meal requirement before taking it.","glucose_mg_dL, fasting_hours",Follow clinician-approved missed-dose guidance and log the missed dose.,Primary activity scheduled.
2026-07-31,06:45,07:15,ACT022,Fermented Food Serving #022,Fermented Food Serving #022,Food consumption,22,1,week,30,Self,Self,,Home,in_person,scheduled,"Add yogurt, kimchi, kefir, or sauerkraut",Prepare or order the meal according to the assigned nutrition guideline.,"serving_size, GI_comfort_score",Return to the plan at the next meal and note the reason for deviation.,Primary activity scheduled.
2026-07-31,07:15,07:30,ACT023,Blood Pressure Reading #023,Blood Pressure Reading #023,Medication consumption,23,1,week,15,Self,Self,Blood Pressure Cuff,Home,in_person,scheduled,Measure seated blood pressure after 5 minutes rest,"Confirm dose, timing, and any meal requirement before taking it.","systolic, diastolic, resting_hr",Follow clinician-approved missed-dose guidance and log the missed dose.,Primary activity scheduled.
2026-07-31,07:30,08:00,ACT027,High-Protein Breakfast #027,High-Protein Breakfast #027,Food consumption,27,1,week,30,Self,Self,,Home,in_person,scheduled,Consume 30-40g protein within 2 hours of waking,Prepare or order the meal according to the assigned nutrition guideline.,"protein_g, calories, satiety_score",Return to the plan at the next meal and note the reason for deviation.,Primary activity scheduled.
2026-07-31,08:00,08:10,ACT028,Omega-3 Supplement #028,Omega-3 Supplement #028,Medication consumption,28,1,week,10,Self,Self,,Home,in_person,scheduled,Take after meal to improve tolerance,"Confirm dose, timing, and any meal requirement before taking it.","dose_mg, adherence",Follow clinician-approved missed-dose guidance and log the missed dose.,Primary activity scheduled.
2026-07-31,08:15,08:30,ACT033,Vitamin D3 #033,Vitamin D3 #033,Medication consumption,33,1,week,15,Self,Self,,Home,in_person,scheduled,Take with fat-containing meal,"Confirm dose, timing, and any meal requirement before taking it.","dose_IU, adherence",Follow clinician-approved missed-dose guidance and log the missed dose.,Primary activity scheduled.
2026-07-31,08:30,08:50,ACT037,Hydration Protocol #037,Hydration Protocol #037,Food consumption,37,1,week,20,Self,Self,,Home,in_person,scheduled,Drink 500ml water with electrolytes,Prepare or order the meal according to the assigned nutrition guideline.,"water_ml, electrolyte_serving",Return to the plan at the next meal and note the reason for deviation.,Primary activity scheduled.
2026-07-31,09:00,09:15,ACT038,Magnesium Glycinate #038,Magnesium Glycinate #038,Medication consumption,38,1,week,15,Self,Self,,Home,in_person,scheduled,Take 60 minutes before bedtime,"Confirm dose, timing, and any meal requirement before taking it.","dose_mg, sleep_quality, adherence",Follow clinician-approved missed-dose guidance and log the missed dose.,Primary activity scheduled.
2026-07-31,09:15,09:35,ACT042,Low-Glycemic Dinner #042,Low-Glycemic Dinner #042,Food consumption,42,1,week,20,Self,Self,,Home,in_person,scheduled,Control evening carbohydrate load,Prepare or order the meal according to the assigned nutrition guideline.,"carbs_g, glucose_response, sleep_quality",Return to the plan at the next meal and note the reason for deviation.,Primary activity scheduled.
2026-07-31,09:45,10:00,ACT043,Glucose Monitor Check #043,Glucose Monitor Check #043,Medication consumption,43,1,week,15,Self,Self,Glucose Meter,Home,in_person,scheduled,Record fasting glucose and notes,"Confirm dose, timing, and any meal requirement before taking it.","glucose_mg_dL, fasting_hours",Follow clinician-approved missed-dose guidance and log the missed dose.,Primary activity scheduled.
2026-07-31,12:00,12:20,ACT007,Mediterranean Lunch #007,Mediterranean Lunch #007,Food consumption,7,1,week,20,Self,Self,,Home,in_person,scheduled,"Vegetables, lean protein, olive oil, and whole grains",Prepare or order the meal according to the assigned nutrition guideline.,"calories, fiber_g, protein_g",Return to the plan at the next meal and note the reason for deviation.,Primary activity scheduled.
2026-07-31,12:30,13:15,ACT052,High-Protein Breakfast #052,High-Protein Breakfast #052,Food consumption,52,1,week,45,Self,Self,,Home,in_person,scheduled,Consume 30-40g protein within 2 hours of waking,Prepare or order the meal according to the assigned nutrition guideline.,"protein_g, calories, satiety_score",Return to the plan at the next meal and note the reason for deviation.,Primary activity scheduled.
2026-07-31,13:15,13:25,ACT058,Vitamin D3 #058,Vitamin D3 #058,Medication consumption,58,1,week,10,Self,Self,,Home,in_person,scheduled,Take with fat-containing meal,"Confirm dose, timing, and any meal requirement before taking it.","dose_IU, adherence",Follow clinician-approved missed-dose guidance and log the missed dose.,Primary activity scheduled.
2026-07-31,17:00,17:45,ACT004,Sauna Session #004,Sauna Session #004,Therapy,4,1,week,45,Self,Self,Sauna,Wellness Center,in_person,scheduled,15-20 minutes moderate heat exposure,Confirm facility availability and avoid heavy meals immediately before the session.,"duration, temperature, recovery_score",Replace with breathwork or recovery stretch and avoid stacking intense recovery sessions next day.,Primary activity scheduled.
2026-07-31,17:45,18:30,ACT009,Cold Plunge #009,Cold Plunge #009,Therapy,9,1,week,45,Self,Self,Cold Plunge,Wellness Center,in_person,scheduled,2-3 minutes controlled cold exposure,Confirm facility availability and avoid heavy meals immediately before the session.,"duration, temperature, stress_score",Replace with breathwork or recovery stretch and avoid stacking intense recovery sessions next day.,Primary activity scheduled.
2026-07-31,18:30,18:45,ACT013,Magnesium Glycinate #013,Magnesium Glycinate #013,Medication consumption,13,1,week,15,Self,Self,,Home,in_person,scheduled,Take 60 minutes before bedtime,"Confirm dose, timing, and any meal requirement before taking it.","dose_mg, sleep_quality, adherence",Follow clinician-approved missed-dose guidance and log the missed dose.,Primary activity scheduled.
2026-07-31,18:45,19:15,ACT014,Breathwork #014,Breathwork #014,Therapy,14,1,week,30,Health Coach 3,Health Coach,,Home,in_person,scheduled,Box breathing or physiological sigh protocol,Confirm facility availability and avoid heavy meals immediately before the session.,"duration, stress_score, HRV",Replace with breathwork or recovery stretch and avoid stacking intense recovery sessions next day.,Primary activity scheduled.
2026-07-31,19:15,19:45,ACT017,Low-Glycemic Dinner #017,Low-Glycemic Dinner #017,Food consumption,17,1,week,30,Self,Self,,Home,in_person,scheduled,Control evening carbohydrate load,Prepare or order the meal according to the assigned nutrition guideline.,"carbs_g, glucose_response, sleep_quality",Return to the plan at the next meal and note the reason for deviation.,Primary activity scheduled.
2026-07-31,19:45,20:15,ACT029,Sauna Session #029,Sauna Session #029,Therapy,29,1,week,30,Self,Self,Sauna,Wellness Center,in_person,scheduled,15-20 minutes moderate heat exposure,Confirm facility availability and avoid heavy meals immediately before the session.,"duration, temperature, recovery_score",Replace with breathwork or recovery stretch and avoid stacking intense recovery sessions next day.,Primary activity scheduled.
2026-07-31,20:15,21:00,ACT034,Cold Plunge #034,Cold Plunge #034,Therapy,34,1,week,45,Self,Self,Cold Plunge,Wellness Center,in_person,scheduled,2-3 minutes controlled cold exposure,Confirm facility availability and avoid heavy meals immediately before the session.,"duration, temperature, stress_score",Replace with breathwork or recovery stretch and avoid stacking intense recovery sessions next day.,Primary activity scheduled.
2026-08-01,08:00,09:00,ACT006,Strength Training #006,Strength Training #006,Fitness routine / exercise,6,1,week,60,Fitness Trainer 1,Fitness Trainer,"Dumbbells, Resistance Bands",Gym,in_person,scheduled,Full-body resistance session with controlled tempo,"Wear appropriate training clothes, prepare water, and confirm recovery status.","sets, reps, load, RPE",Reschedule within the same week if possible; otherwise reduce next session intensity by 10%.,Primary activity scheduled.
2026-08-01,09:00,09:10,ACT068,Glucose Monitor Check #068,Glucose Monitor Check #068,Medication consumption,68,1,week,10,Self,Self,Glucose Meter,Home,in_person,scheduled,Record fasting glucose and notes,"Confirm dose, timing, and any meal requirement before taking it.","glucose_mg_dL, fasting_hours",Follow clinician-approved missed-dose guidance and log the missed dose.,Primary activity scheduled.
2026-08-01,09:15,09:25,ACT073,Blood Pressure Reading #073,Blood Pressure Reading #073,Medication consumption,73,1,week,10,Self,Self,Blood Pressure Cuff,Home,in_person,scheduled,Measure seated blood pressure after 5 minutes rest,"Confirm dose, timing, and any meal requirement before taking it.","systolic, diastolic, resting_hr",Follow clinician-approved missed-dose guidance and log the missed dose.,Primary activity scheduled.
2026-08-01,09:30,10:15,ACT077,High-Protein Breakfast #077,High-Protein Breakfast #077,Food consumption,77,1,week,45,Self,Self,,Home,in_person,scheduled,Consume 30-40g protein within 2 hours of waking,Prepare or order the meal according to the assigned nutrition guideline.,"protein_g, calories, satiety_score",Return to the plan at the next meal and note the reason for deviation.,Primary activity scheduled.
2026-08-01,10:15,10:25,ACT083,Vitamin D3 #083,Vitamin D3 #083,Medication consumption,83,1,week,10,Self,Self,,Home,in_person,scheduled,Take with fat-containing meal,"Confirm dose, timing, and any meal requirement before taking it.","dose_IU, adherence",Follow clinician-approved missed-dose guidance and log the missed dose.,Primary activity scheduled.
2026-08-01,10:30,10:45,ACT093,Glucose Monitor Check #093,Glucose Monitor Check #093,Medication consumption,93,1,week,15,Self,Self,Glucose Meter,Home,in_person,scheduled,Record fasting glucose and notes,"Confirm dose, timing, and any meal requirement before taking it.","glucose_mg_dL, fasting_hours",Follow clinician-approved missed-dose guidance and log the missed dose.,Primary activity scheduled.
2026-08-01,10:45,10:55,ACT098,Blood Pressure Reading #098,Blood Pressure Reading #098,Medication consumption,98,1,week,10,Self,Self,Blood Pressure Cuff,Home,in_person,scheduled,Measure seated blood pressure after 5 minutes rest,"Confirm dose, timing, and any meal requirement before taking it.","systolic, diastolic, resting_hr",Follow clinician-approved missed-dose guidance and log the missed dose.,Primary activity scheduled.
2026-08-01,11:00,11:20,ACT082,Mediterranean Lunch #082,Mediterranean Lunch #082,Food consumption,82,1,week,20,Self,Self,,Home,in_person,scheduled,"Vegetables, lean protein, olive oil, and whole grains",Prepare or order the meal according to the assigned nutrition guideline.,"calories, fiber_g, protein_g",Return to the plan at the next meal and note the reason for deviation.,Primary activity scheduled.
2026-08-01,14:00,14:30,ACT069,Breathwork,Guided Meditation #069,Therapy,69,1,week,30,Self,Self,,Home,in_person,backup_used,Mindfulness session with body scan,Confirm facility availability and avoid heavy meals immediately before the session.,"duration, mood_score, sleep_quality",Replace with breathwork or recovery stretch and avoid stacking intense recovery sessions next day.,Primary activity unavailable. Used backup: Breathwork.
2026-08-01,14:30,15:00,ACT079,Breathwork,Sauna Session #079,Therapy,79,1,week,30,Self,Self,,Wellness Center,in_person,backup_used,15-20 minutes moderate heat exposure,Confirm facility availability and avoid heavy meals immediately before the session.,"duration, temperature, recovery_score",Replace with breathwork or recovery stretch and avoid stacking intense recovery sessions next day.,Primary activity unavailable. Used backup: Breathwork.
2026-08-01,15:00,15:30,ACT089,Breathwork,Breathwork #089,Therapy,89,1,week,30,Self,Self,,Home,in_person,backup_used,Box breathing or physiological sigh protocol,Confirm facility availability and avoid heavy meals immediately before the session.,"duration, stress_score, HRV",Replace with breathwork or recovery stretch and avoid stacking intense recovery sessions next day.,Primary activity unavailable. Used backup: Breathwork.
2026-08-01,15:30,16:00,ACT094,Breathwork,Guided Meditation #094,Therapy,94,1,week,30,Self,Self,,Home,in_person,backup_used,Mindfulness session with body scan,Confirm facility availability and avoid heavy meals immediately before the session.,"duration, mood_score, sleep_quality",Replace with breathwork or recovery stretch and avoid stacking intense recovery sessions next day.,Primary activity unavailable. Used backup: Breathwork.
2026-08-01,16:00,16:45,ACT059,Cold Plunge #059,Cold Plunge #059,Therapy,59,1,week,45,Self,Self,Cold Plunge,Wellness Center,in_person,scheduled,2-3 minutes controlled cold exposure,Confirm facility availability and avoid heavy meals immediately before the session.,"duration, temperature, stress_score",Replace with breathwork or recovery stretch and avoid stacking intense recovery sessions next day.,Primary activity scheduled.
2026-08-01,17:00,17:30,ACT074,Breathwork,Recovery Stretch #074,Therapy,74,1,week,30,Self,Self,,Home,in_person,backup_used,Parasympathetic evening stretch routine,Confirm facility availability and avoid heavy meals immediately before the session.,"duration, muscle_tightness_score",Replace with breathwork or recovery stretch and avoid stacking intense recovery sessions next day.,Primary activity unavailable. Used backup: Breathwork.
2026-08-01,17:30,18:15,ACT084,Cold Plunge #084,Cold Plunge #084,Therapy,84,1,week,45,Self,Self,Cold Plunge,Wellness Center,in_person,scheduled,2-3 minutes controlled cold exposure,Confirm facility availability and avoid heavy meals immediately before the session.,"duration, temperature, stress_score",Replace with breathwork or recovery stretch and avoid stacking intense recovery sessions next day.,Primary activity scheduled.
2026-08-01,18:15,18:25,ACT088,Magnesium Glycinate #088,Magnesium Glycinate #088,Medication consumption,88,1,week,10,Self,Self,,Home,in_person,scheduled,Take 60 minutes before bedtime,"Confirm dose, timing, and any meal requirement before taking it.","dose_mg, sleep_quality, adherence",Follow clinician-approved missed-dose guidance and log the missed dose.,Primary activity scheduled.
2026-08-02,08:00,08:45,ACT046,Brisk Walk #046,Brisk Walk #046,Fitness routine / exercise,46,1,week,45,Fitness Trainer 1,Fitness Trainer,,Park,in_person,scheduled,Low-intensity walk after meals,"Wear appropriate training clothes, prepare water, and confirm recovery status.","steps, duration, glucose_response",Reschedule within the same week if possible; otherwise reduce next session intensity by 10%.,Primary activity scheduled.
2026-08-02,08:45,09:45,ACT051,Zone 2 Run #051,Zone 2 Run #051,Fitness routine / exercise,51,1,week,60,Fitness Trainer 1,Fitness Trainer,Treadmill,Park,in_person,scheduled,Maintain heart rate between 120-140 bpm,"Wear appropriate training clothes, prepare water, and confirm recovery status.","heart_rate, duration, perceived_exertion",Reschedule within the same week if possible; otherwise reduce next session intensity by 10%.,Primary activity scheduled.
2026-08-02,09:45,10:30,ACT066,Eye Exercise #066,Eye Exercise #066,Fitness routine / exercise,66,1,week,45,Fitness Trainer 1,Fitness Trainer,,Home,in_person,scheduled,Near-far focus drill and 20-20-20 visual breaks,"Wear appropriate training clothes, prepare water, and confirm recovery status.","duration, eye_strain_score",Reschedule within the same week if possible; otherwise reduce next session intensity by 10%.,Primary activity scheduled.
2026-08-02,10:30,11:30,ACT081,Strength Training #081,Strength Training #081,Fitness routine / exercise,81,1,week,60,Fitness Trainer 1,Fitness Trainer,"Dumbbells, Resistance Bands",Gym,in_person,scheduled,Full-body resistance session with controlled tempo,"Wear appropriate training clothes, prepare water, and confirm recovery status.","sets, reps, load, RPE",Reschedule within the same week if possible; otherwise reduce next session intensity by 10%.,Primary activity scheduled.
2026-08-02,11:30,11:45,ACT096,Brisk Walk #096,Brisk Walk #096,Fitness routine / exercise,96,2,week,15,Fitness Trainer 1,Fitness Trainer,,Park,in_person,scheduled,Low-intensity walk after meals,"Wear appropriate training clothes, prepare water, and confirm recovery status.","steps, duration, glucose_response",Reschedule within the same week if possible; otherwise reduce next session intensity by 10%.,Primary activity scheduled.
2026-08-03,06:00,06:20,ACT002,High-Protein Breakfast #002,High-Protein Breakfast #002,Food consumption,2,2,week,20,Self,Self,,Home,in_person,scheduled,Consume 30-40g protein within 2 hours of waking,Prepare or order the meal according to the assigned nutrition guideline.,"protein_g, calories, satiety_score",Return to the plan at the next meal and note the reason for deviation.,Primary activity scheduled.
2026-08-03,06:30,06:50,ACT012,Hydration Protocol #012,Hydration Protocol #012,Food consumption,12,2,week,20,Self,Self,,Home,in_person,scheduled,Drink 500ml water with electrolytes,Prepare or order the meal according to the assigned nutrition guideline.,"water_ml, electrolyte_serving",Return to the plan at the next meal and note the reason for deviation.,Primary activity scheduled.
2026-08-03,07:00,08:00,ACT031,Strength Training #031,Strength Training #031,Fitness routine / exercise,31,2,week,60,Fitness Trainer 1,Fitness Trainer,"Dumbbells, Resistance Bands",Gym,in_person,scheduled,Full-body resistance session with controlled tempo,"Wear appropriate training clothes, prepare water, and confirm recovery status.","sets, reps, load, RPE",Reschedule within the same week if possible; otherwise reduce next session intensity by 10%.,Primary activity scheduled.
2026-08-03,08:00,08:20,ACT047,Fermented Food Serving #047,Fermented Food Serving #047,Food consumption,47,2,week,20,Self,Self,,Home,in_person,scheduled,"Add yogurt, kimchi, kefir, or sauerkraut",Prepare or order the meal according to the assigned nutrition guideline.,"serving_size, GI_comfort_score",Return to the plan at the next meal and note the reason for deviation.,Primary activity scheduled.
2026-08-03,08:30,08:45,ACT048,Blood Pressure Reading #048,Blood Pressure Reading #048,Medication consumption,48,2,week,15,Self,Self,Blood Pressure Cuff,Home,in_person,scheduled,Measure seated blood pressure after 5 minutes rest,"Confirm dose, timing, and any meal requirement before taking it.","systolic, diastolic, resting_hr",Follow clinician-approved missed-dose guidance and log the missed dose.,Primary activity scheduled.
2026-08-03,08:45,09:00,ACT053,Omega-3 Supplement #053,Omega-3 Supplement #053,Medication consumption,53,2,week,15,Self,Self,,Home,in_person,scheduled,Take after meal to improve tolerance,"Confirm dose, timing, and any meal requirement before taking it.","dose_mg, adherence",Follow clinician-approved missed-dose guidance and log the missed dose.,Primary activity scheduled.
2026-08-03,09:00,09:30,ACT062,Hydration Protocol #062,Hydration Protocol #062,Food consumption,62,2,week,30,Self,Self,,Home,in_person,scheduled,Drink 500ml water with electrolytes,Prepare or order the meal according to the assigned nutrition guideline.,"water_ml, electrolyte_serving",Return to the plan at the next meal and note the reason for deviation.,Primary activity scheduled.
2026-08-03,09:30,09:40,ACT078,Omega-3 Supplement #078,Omega-3 Supplement #078,Medication consumption,78,2,week,10,Self,Self,,Home,in_person,scheduled,Take after meal to improve tolerance,"Confirm dose, timing, and any meal requirement before taking it.","dose_mg, adherence",Follow clinician-approved missed-dose guidance and log the missed dose.,Primary activity scheduled.
2026-08-03,12:00,12:30,ACT032,Mediterranean Lunch #032,Mediterranean Lunch #032,Food consumption,32,2,week,30,Self,Self,,Home,in_person,scheduled,"Vegetables, lean protein, olive oil, and whole grains",Prepare or order the meal according to the assigned nutrition guideline.,"calories, fiber_g, protein_g",Return to the plan at the next meal and note the reason for deviation.,Primary activity scheduled.
2026-08-03,12:30,12:50,ACT057,Mediterranean Lunch #057,Mediterranean Lunch #057,Food consumption,57,2,week,20,Self,Self,,Home,in_person,scheduled,"Vegetables, lean protein, olive oil, and whole grains",Prepare or order the meal according to the assigned nutrition guideline.,"calories, fiber_g, protein_g",Return to the plan at the next meal and note the reason for deviation.,Primary activity scheduled.
2026-08-03,17:00,17:15,ACT011,Mobility Flow #011,Mobility Flow #011,Fitness routine / exercise,11,2,week,15,Fitness Trainer 1,Fitness Trainer,Yoga Mat,Home,in_person,scheduled,"Hip, ankle, thoracic spine, and shoulder mobility","Wear appropriate training clothes, prepare water, and confirm recovery status.","duration, pain_score, range_of_motion",Reschedule within the same week if possible; otherwise reduce next session intensity by 10%.,Primary activity scheduled.
2026-08-03,17:15,18:00,ACT056,Strength Training #056,Strength Training #056,Fitness routine / exercise,56,2,week,45,Fitness Trainer 1,Fitness Trainer,"Dumbbells, Resistance Bands",Gym,in_person,scheduled,Full-body resistance session with controlled tempo,"Wear appropriate training clothes, prepare water, and confirm recovery status.","sets, reps, load, RPE",Reschedule within the same week if possible; otherwise reduce next session intensity by 10%.,Primary activity scheduled.
2026-08-03,18:00,18:45,ACT061,Mobility Flow #061,Mobility Flow #061,Fitness routine / exercise,61,2,week,45,Fitness Trainer 1,Fitness Trainer,Yoga Mat,Home,in_person,scheduled,"Hip, ankle, thoracic spine, and shoulder mobility","Wear appropriate training clothes, prepare water, and confirm recovery status.","duration, pain_score, range_of_motion",Reschedule within the same week if possible; otherwise reduce next session intensity by 10%.,Primary activity scheduled.
2026-08-03,18:45,19:00,ACT063,Magnesium Glycinate #063,Magnesium Glycinate #063,Medication consumption,63,2,week,15,Self,Self,,Home,in_person,scheduled,Take 60 minutes before bedtime,"Confirm dose, timing, and any meal requirement before taking it.","dose_mg, sleep_quality, adherence",Follow clinician-approved missed-dose guidance and log the missed dose.,Primary activity scheduled.
2026-08-03,19:00,19:45,ACT067,Low-Glycemic Dinner #067,Low-Glycemic Dinner #067,Food consumption,67,2,week,45,Self,Self,,Home,in_person,scheduled,Control evening carbohydrate load,Prepare or order the meal according to the assigned nutrition guideline.,"carbs_g, glucose_response, sleep_quality",Return to the plan at the next meal and note the reason for deviation.,Primary activity scheduled.
2026-08-03,19:45,20:00,ACT071,Brisk Walk #071,Brisk Walk #071,Fitness routine / exercise,71,2,week,15,Fitness Trainer 1,Fitness Trainer,,Park,in_person,scheduled,Low-intensity walk after meals,"Wear appropriate training clothes, prepare water, and confirm recovery status.","steps, duration, glucose_response",Reschedule within the same week if possible; otherwise reduce next session intensity by 10%.,Primary activity scheduled.
2026-08-03,20:00,20:45,ACT072,Fermented Food Serving #072,Fermented Food Serving #072,Food consumption,72,2,week,45,Self,Self,,Home,in_person,scheduled,"Add yogurt, kimchi, kefir, or sauerkraut",Prepare or order the meal according to the assigned nutrition guideline.,"serving_size, GI_comfort_score",Return to the plan at the next meal and note the reason for deviation.,Primary activity scheduled.
2026-08-04,06:00,06:20,ACT002,High-Protein Breakfast #002,High-Protein Breakfast #002,Food consumption,2,1,week,20,Self,Self,,Home,in_person,scheduled,Consume 30-40g protein within 2 hours of waking,Prepare or order the meal according to the assigned nutrition guideline.,"protein_g, calories, satiety_score",Return to the plan at the next meal and note the reason for deviation.,Primary activity scheduled.
2026-08-04,06:30,06:50,ACT012,Hydration Protocol #012,Hydration Protocol #012,Food consumption,12,1,week,20,Self,Self,,Home,in_person,scheduled,Drink 500ml water with electrolytes,Prepare or order the meal according to the assigned nutrition guideline.,"water_ml, electrolyte_serving",Return to the plan at the next meal and note the reason for deviation.,Primary activity scheduled.
2026-08-04,07:00,07:20,ACT047,Fermented Food Serving #047,Fermented Food Serving #047,Food consumption,47,1,week,20,Self,Self,,Home,in_person,scheduled,"Add yogurt, kimchi, kefir, or sauerkraut",Prepare or order the meal according to the assigned nutrition guideline.,"serving_size, GI_comfort_score",Return to the plan at the next meal and note the reason for deviation.,Primary activity scheduled.
2026-08-04,07:30,07:45,ACT048,Blood Pressure Reading #048,Blood Pressure Reading #048,Medication consumption,48,1,week,15,Self,Self,Blood Pressure Cuff,Home,in_person,scheduled,Measure seated blood pressure after 5 minutes rest,"Confirm dose, timing, and any meal requirement before taking it.","systolic, diastolic, resting_hr",Follow clinician-approved missed-dose guidance and log the missed dose.,Primary activity scheduled.
2026-08-04,07:45,08:00,ACT053,Omega-3 Supplement #053,Omega-3 Supplement #053,Medication consumption,53,1,week,15,Self,Self,,Home,in_person,scheduled,Take after meal to improve tolerance,"Confirm dose, timing, and any meal requirement before taking it.","dose_mg, adherence",Follow clinician-approved missed-dose guidance and log the missed dose.,Primary activity scheduled.
2026-08-04,08:00,08:45,ACT061,Mobility Flow #061,Mobility Flow #061,Fitness routine / exercise,61,1,week,45,Fitness Trainer 1,Fitness Trainer,Yoga Mat,Home,in_person,scheduled,"Hip, ankle, thoracic spine, and shoulder mobility","Wear appropriate training clothes, prepare water, and confirm recovery status.","duration, pain_score, range_of_motion",Reschedule within the same week if possible; otherwise reduce next session intensity by 10%.,Primary activity scheduled.
2026-08-04,08:45,09:15,ACT062,Hydration Protocol #062,Hydration Protocol #062,Food consumption,62,1,week,30,Self,Self,,Home,in_person,scheduled,Drink 500ml water with electrolytes,Prepare or order the meal according to the assigned nutrition guideline.,"water_ml, electrolyte_serving",Return to the plan at the next meal and note the reason for deviation.,Primary activity scheduled.
2026-08-04,09:15,10:00,ACT072,Fermented Food Serving #072,Fermented Food Serving #072,Food consumption,72,1,week,45,Self,Self,,Home,in_person,scheduled,"Add yogurt, kimchi, kefir, or sauerkraut",Prepare or order the meal according to the assigned nutrition guideline.,"serving_size, GI_comfort_score",Return to the plan at the next meal and note the reason for deviation.,Primary activity scheduled.
2026-08-04,12:00,12:30,ACT032,Mediterranean Lunch #032,Mediterranean Lunch #032,Food consumption,32,1,week,30,Self,Self,,Home,in_person,scheduled,"Vegetables, lean protein, olive oil, and whole grains",Prepare or order the meal according to the assigned nutrition guideline.,"calories, fiber_g, protein_g",Return to the plan at the next meal and note the reason for deviation.,Primary activity scheduled.
2026-08-04,12:30,12:50,ACT057,Mediterranean Lunch #057,Mediterranean Lunch #057,Food consumption,57,1,week,20,Self,Self,,Home,in_person,scheduled,"Vegetables, lean protein, olive oil, and whole grains",Prepare or order the meal according to the assigned nutrition guideline.,"calories, fiber_g, protein_g",Return to the plan at the next meal and note the reason for deviation.,Primary activity scheduled.
2026-08-04,13:00,13:10,ACT078,Omega-3 Supplement #078,Omega-3 Supplement #078,Medication consumption,78,1,week,10,Self,Self,,Home,in_person,scheduled,Take after meal to improve tolerance,"Confirm dose, timing, and any meal requirement before taking it.","dose_mg, adherence",Follow clinician-approved missed-dose guidance and log the missed dose.,Primary activity scheduled.
2026-08-04,17:00,17:15,ACT011,Mobility Flow #011,Mobility Flow #011,Fitness routine / exercise,11,1,week,15,Fitness Trainer 1,Fitness Trainer,Yoga Mat,Home,in_person,scheduled,"Hip, ankle, thoracic spine, and shoulder mobility","Wear appropriate training clothes, prepare water, and confirm recovery status.","duration, pain_score, range_of_motion",Reschedule within the same week if possible; otherwise reduce next session intensity by 10%.,Primary activity scheduled.
2026-08-04,17:15,17:30,ACT063,Magnesium Glycinate #063,Magnesium Glycinate #063,Medication consumption,63,1,week,15,Self,Self,,Home,in_person,scheduled,Take 60 minutes before bedtime,"Confirm dose, timing, and any meal requirement before taking it.","dose_mg, sleep_quality, adherence",Follow clinician-approved missed-dose guidance and log the missed dose.,Primary activity scheduled.
2026-08-04,17:30,18:15,ACT067,Low-Glycemic Dinner #067,Low-Glycemic Dinner #067,Food consumption,67,1,week,45,Self,Self,,Home,in_person,scheduled,Control evening carbohydrate load,Prepare or order the meal according to the assigned nutrition guideline.,"carbs_g, glucose_response, sleep_quality",Return to the plan at the next meal and note the reason for deviation.,Primary activity scheduled.
2026-08-04,18:15,18:30,ACT071,Brisk Walk #071,Brisk Walk #071,Fitness routine / exercise,71,1,week,15,Fitness Trainer 1,Fitness Trainer,,Park,in_person,scheduled,Low-intensity walk after meals,"Wear appropriate training clothes, prepare water, and confirm recovery status.","steps, duration, glucose_response",Reschedule within the same week if possible; otherwise reduce next session intensity by 10%.,Primary activity scheduled.
2026-08-04,18:30,18:45,ACT091,Eye Exercise #091,Eye Exercise #091,Fitness routine / exercise,91,2,week,15,Fitness Trainer 1,Fitness Trainer,,Home,in_person,scheduled,Near-far focus drill and 20-20-20 visual breaks,"Wear appropriate training clothes, prepare water, and confirm recovery status.","duration, eye_strain_score",Reschedule within the same week if possible; otherwise reduce next session intensity by 10%.,Primary activity scheduled.
2026-08-04,18:45,19:00,ACT091,Eye Exercise #091,Eye Exercise #091,Fitness routine / exercise,91,1,week,15,Fitness Trainer 1,Fitness Trainer,,Home,in_person,scheduled,Near-far focus drill and 20-20-20 visual breaks,"Wear appropriate training clothes, prepare water, and confirm recovery status.","duration, eye_strain_score",Reschedule within the same week if possible; otherwise reduce next session intensity by 10%.,Primary activity scheduled.
2026-08-04,19:00,19:15,ACT096,Brisk Walk #096,Brisk Walk #096,Fitness routine / exercise,96,1,week,15,Fitness Trainer 1,Fitness Trainer,,Park,in_person,scheduled,Low-intensity walk after meals,"Wear appropriate training clothes, prepare water, and confirm recovery status.","steps, duration, glucose_response",Reschedule within the same week if possible; otherwise reduce next session intensity by 10%.,Primary activity scheduled.
2026-08-05,06:00,07:00,ACT031,Strength Training #031,Strength Training #031,Fitness routine / exercise,31,1,week,60,Fitness Trainer 1,Fitness Trainer,"Dumbbells, Resistance Bands",Gym,in_person,scheduled,Full-body resistance session with controlled tempo,"Wear appropriate training clothes, prepare water, and confirm recovery status.","sets, reps, load, RPE",Reschedule within the same week if possible; otherwise reduce next session intensity by 10%.,Primary activity scheduled.
2026-08-05,07:00,07:45,ACT056,Strength Training #056,Strength Training #056,Fitness routine / exercise,56,1,week,45,Fitness Trainer 1,Fitness Trainer,"Dumbbells, Resistance Bands",Gym,in_person,scheduled,Full-body resistance session with controlled tempo,"Wear appropriate training clothes, prepare water, and confirm recovery status.","sets, reps, load, RPE",Reschedule within the same week if possible; otherwise reduce next session intensity by 10%.,Primary activity scheduled.
2026-08-05,07:45,08:30,ACT076,Zone 2 Run #076,Zone 2 Run #076,Fitness routine / exercise,76,1,week,45,Fitness Trainer 1,Fitness Trainer,Treadmill,Park,in_person,scheduled,Maintain heart rate between 120-140 bpm,"Wear appropriate training clothes, prepare water, and confirm recovery status.","heart_rate, duration, perceived_exertion",Reschedule within the same week if possible; otherwise reduce next session intensity by 10%.,Primary activity scheduled.
2026-08-05,17:00,17:30,ACT044,Guided Meditation #044,Guided Meditation #044,Therapy,44,1,week,30,Health Coach 3,Health Coach,,Home,in_person,scheduled,Mindfulness session with body scan,Confirm facility availability and avoid heavy meals immediately before the session.,"duration, mood_score, sleep_quality",Replace with breathwork or recovery stretch and avoid stacking intense recovery sessions next day.,Primary activity scheduled.
2026-08-05,17:30,18:15,ACT049,Recovery Stretch #049,Recovery Stretch #049,Therapy,49,1,week,45,Health Coach 3,Health Coach,Yoga Mat,Home,in_person,scheduled,Parasympathetic evening stretch routine,Confirm facility availability and avoid heavy meals immediately before the session.,"duration, muscle_tightness_score",Replace with breathwork or recovery stretch and avoid stacking intense recovery sessions next day.,Primary activity scheduled.
2026-08-05,18:15,19:00,ACT054,Sauna Session #054,Sauna Session #054,Therapy,54,1,week,45,Health Coach 3,Health Coach,Sauna,Wellness Center,in_person,scheduled,15-20 minutes moderate heat exposure,Confirm facility availability and avoid heavy meals immediately before the session.,"duration, temperature, recovery_score",Replace with breathwork or recovery stretch and avoid stacking intense recovery sessions next day.,Primary activity scheduled.
2026-08-05,19:00,19:45,ACT064,Breathwork #064,Breathwork #064,Therapy,64,1,week,45,Health Coach 3,Health Coach,,Home,in_person,scheduled,Box breathing or physiological sigh protocol,Confirm facility availability and avoid heavy meals immediately before the session.,"duration, stress_score, HRV",Replace with breathwork or recovery stretch and avoid stacking intense recovery sessions next day.,Primary activity scheduled.
2026-08-06,06:00,06:45,ACT036,Mobility Flow #036,Mobility Flow #036,Fitness routine / exercise,36,1,week,45,Fitness Trainer 1,Fitness Trainer,Yoga Mat,Home,in_person,scheduled,"Hip, ankle, thoracic spine, and shoulder mobility","Wear appropriate training clothes, prepare water, and confirm recovery status.","duration, pain_score, range_of_motion",Reschedule within the same week if possible; otherwise reduce next session intensity by 10%.,Primary activity scheduled.
2026-08-06,06:45,07:30,ACT046,Brisk Walk #046,Brisk Walk #046,Fitness routine / exercise,46,1,week,45,Fitness Trainer 1,Fitness Trainer,,Park,in_person,scheduled,Low-intensity walk after meals,"Wear appropriate training clothes, prepare water, and confirm recovery status.","steps, duration, glucose_response",Reschedule within the same week if possible; otherwise reduce next session intensity by 10%.,Primary activity scheduled.
2026-08-06,07:30,08:30,ACT051,Zone 2 Run #051,Zone 2 Run #051,Fitness routine / exercise,51,1,week,60,Fitness Trainer 1,Fitness Trainer,Treadmill,Park,in_person,scheduled,Maintain heart rate between 120-140 bpm,"Wear appropriate training clothes, prepare water, and confirm recovery status.","heart_rate, duration, perceived_exertion",Reschedule within the same week if possible; otherwise reduce next session intensity by 10%.,Primary activity scheduled.
2026-08-06,08:30,08:40,ACT073,Blood Pressure Reading #073,Blood Pressure Reading #073,Medication consumption,73,1,week,10,Self,Self,Blood Pressure Cuff,Home,in_person,scheduled,Measure seated blood pressure after 5 minutes rest,"Confirm dose, timing, and any meal requirement before taking it.","systolic, diastolic, resting_hr",Follow clinician-approved missed-dose guidance and log the missed dose.,Primary activity scheduled.
2026-08-06,08:45,08:55,ACT083,Vitamin D3 #083,Vitamin D3 #083,Medication consumption,83,1,week,10,Self,Self,,Home,in_person,scheduled,Take with fat-containing meal,"Confirm dose, timing, and any meal requirement before taking it.","dose_IU, adherence",Follow clinician-approved missed-dose guidance and log the missed dose.,Primary activity scheduled.
2026-08-06,09:00,09:45,ACT084,Cold Plunge #084,Cold Plunge #084,Therapy,84,1,week,45,Self,Self,Cold Plunge,Wellness Center,in_person,scheduled,2-3 minutes controlled cold exposure,Confirm facility availability and avoid heavy meals immediately before the session.,"duration, temperature, stress_score",Replace with breathwork or recovery stretch and avoid stacking intense recovery sessions next day.,Primary activity scheduled.
2026-08-06,09:45,10:00,ACT093,Glucose Monitor Check #093,Glucose Monitor Check #093,Medication consumption,93,1,week,15,Self,Self,Glucose Meter,Home,in_person,scheduled,Record fasting glucose and notes,"Confirm dose, timing, and any meal requirement before taking it.","glucose_mg_dL, fasting_hours",Follow clinician-approved missed-dose guidance and log the missed dose.,Primary activity scheduled.
2026-08-06,12:00,12:45,ACT087,Hydration Protocol #087,Hydration Protocol #087,Food consumption,87,1,week,45,Self,Self,,Home,in_person,scheduled,Drink 500ml water with electrolytes,Prepare or order the meal according to the assigned nutrition guideline.,"water_ml, electrolyte_serving",Return to the plan at the next meal and note the reason for deviation.,Primary activity scheduled.
2026-08-06,12:45,13:15,ACT094,Breathwork,Guided Meditation #094,Therapy,94,1,week,30,Self,Self,,Home,in_person,backup_used,Mindfulness session with body scan,Confirm facility availability and avoid heavy meals immediately before the session.,"duration, mood_score, sleep_quality",Replace with breathwork or recovery stretch and avoid stacking intense recovery sessions next day.,Primary activity unavailable. Used backup: Breathwork.
2026-08-06,13:15,13:25,ACT098,Blood Pressure Reading #098,Blood Pressure Reading #098,Medication consumption,98,1,week,10,Self,Self,Blood Pressure Cuff,Home,in_person,scheduled,Measure seated blood pressure after 5 minutes rest,"Confirm dose, timing, and any meal requirement before taking it.","systolic, diastolic, resting_hr",Follow clinician-approved missed-dose guidance and log the missed dose.,Primary activity scheduled.
2026-08-06,17:00,17:45,ACT019,Guided Meditation #019,Guided Meditation #019,Therapy,19,1,week,45,Health Coach 3,Health Coach,,Home,in_person,scheduled,Mindfulness session with body scan,Confirm facility availability and avoid heavy meals immediately before the session.,"duration, mood_score, sleep_quality",Replace with breathwork or recovery stretch and avoid stacking intense recovery sessions next day.,Primary activity scheduled.
2026-08-06,17:45,18:30,ACT024,Recovery Stretch #024,Recovery Stretch #024,Therapy,24,1,week,45,Health Coach 3,Health Coach,Yoga Mat,Home,in_person,scheduled,Parasympathetic evening stretch routine,Confirm facility availability and avoid heavy meals immediately before the session.,"duration, muscle_tightness_score",Replace with breathwork or recovery stretch and avoid stacking intense recovery sessions next day.,Primary activity scheduled.
2026-08-06,18:30,19:15,ACT039,Breathwork #039,Breathwork #039,Therapy,39,1,week,45,Health Coach 3,Health Coach,,Home,in_person,scheduled,Box breathing or physiological sigh protocol,Confirm facility availability and avoid heavy meals immediately before the session.,"duration, stress_score, HRV",Replace with breathwork or recovery stretch and avoid stacking intense recovery sessions next day.,Primary activity scheduled.
2026-08-06,19:15,19:35,ACT042,Low-Glycemic Dinner #042,Low-Glycemic Dinner #042,Food consumption,42,1,week,20,Self,Self,,Home,in_person,scheduled,Control evening carbohydrate load,Prepare or order the meal according to the assigned nutrition guideline.,"carbs_g, glucose_response, sleep_quality",Return to the plan at the next meal and note the reason for deviation.,Primary activity scheduled.
2026-08-06,19:45,20:15,ACT074,Breathwork,Recovery Stretch #074,Therapy,74,1,week,30,Self,Self,,Home,in_person,backup_used,Parasympathetic evening stretch routine,Confirm facility availability and avoid heavy meals immediately before the session.,"duration, muscle_tightness_score",Replace with breathwork or recovery stretch and avoid stacking intense recovery sessions next day.,Primary activity unavailable. Used backup: Breathwork.
2026-08-06,20:15,20:45,ACT079,Breathwork,Sauna Session #079,Therapy,79,1,week,30,Self,Self,,Wellness Center,in_person,backup_used,15-20 minutes moderate heat exposure,Confirm facility availability and avoid heavy meals immediately before the session.,"duration, temperature, recovery_score",Replace with breathwork or recovery stretch and avoid stacking intense recovery sessions next day.,Primary activity unavailable. Used backup: Breathwork.
2026-08-06,20:45,20:55,ACT088,Magnesium Glycinate #088,Magnesium Glycinate #088,Medication consumption,88,1,week,10,Self,Self,,Home,in_person,scheduled,Take 60 minutes before bedtime,"Confirm dose, timing, and any meal requirement before taking it.","dose_mg, sleep_quality, adherence",Follow clinician-approved missed-dose guidance and log the missed dose.,Primary activity scheduled.
2026-08-07,06:00,06:45,ACT001,Zone 2 Run #001,Zone 2 Run #001,Fitness routine / exercise,1,1,week,45,Fitness Trainer 1,Fitness Trainer,Treadmill,Park,in_person,scheduled,Maintain heart rate between 120-140 bpm,"Wear appropriate training clothes, prepare water, and confirm recovery status.","heart_rate, duration, perceived_exertion",Reschedule within the same week if possible; otherwise reduce next session intensity by 10%.,Primary activity scheduled.
2026-08-07,06:45,06:55,ACT003,Omega-3 Supplement #003,Omega-3 Supplement #003,Medication consumption,3,1,week,10,Self,Self,,Home,in_person,scheduled,Take after meal to improve tolerance,"Confirm dose, timing, and any meal requirement before taking it.","dose_mg, adherence",Follow clinician-approved missed-dose guidance and log the missed dose.,Primary activity scheduled.
2026-08-07,07:00,08:00,ACT006,Strength Training #006,Strength Training #006,Fitness routine / exercise,6,1,week,60,Fitness Trainer 1,Fitness Trainer,"Dumbbells, Resistance Bands",Gym,in_person,scheduled,Full-body resistance session with controlled tempo,"Wear appropriate training clothes, prepare water, and confirm recovery status.","sets, reps, load, RPE",Reschedule within the same week if possible; otherwise reduce next session intensity by 10%.,Primary activity scheduled.
2026-08-07,08:00,08:10,ACT008,Vitamin D3 #008,Vitamin D3 #008,Medication consumption,8,1,week,10,Self,Self,,Home,in_person,scheduled,Take with fat-containing meal,"Confirm dose, timing, and any meal requirement before taking it.","dose_IU, adherence",Follow clinician-approved missed-dose guidance and log the missed dose.,Primary activity scheduled.
2026-08-07,08:15,08:45,ACT016,Eye Exercise #016,Eye Exercise #016,Fitness routine / exercise,16,1,week,30,Fitness Trainer 1,Fitness Trainer,,Home,in_person,scheduled,Near-far focus drill and 20-20-20 visual breaks,"Wear appropriate training clothes, prepare water, and confirm recovery status.","duration, eye_strain_score",Reschedule within the same week if possible; otherwise reduce next session intensity by 10%.,Primary activity scheduled.
2026-08-07,08:45,09:00,ACT018,Glucose Monitor Check #018,Glucose Monitor Check #018,Medication consumption,18,1,week,15,Self,Self,Glucose Meter,Home,in_person,scheduled,Record fasting glucose and notes,"Confirm dose, timing, and any meal requirement before taking it.","glucose_mg_dL, fasting_hours",Follow clinician-approved missed-dose guidance and log the missed dose.,Primary activity scheduled.
2026-08-07,09:00,09:30,ACT022,Fermented Food Serving #022,Fermented Food Serving #022,Food consumption,22,1,week,30,Self,Self,,Home,in_person,scheduled,"Add yogurt, kimchi, kefir, or sauerkraut",Prepare or order the meal according to the assigned nutrition guideline.,"serving_size, GI_comfort_score",Return to the plan at the next meal and note the reason for deviation.,Primary activity scheduled.
2026-08-07,09:30,09:45,ACT023,Blood Pressure Reading #023,Blood Pressure Reading #023,Medication consumption,23,1,week,15,Self,Self,Blood Pressure Cuff,Home,in_person,scheduled,Measure seated blood pressure after 5 minutes rest,"Confirm dose, timing, and any meal requirement before taking it.","systolic, diastolic, resting_hr",Follow clinician-approved missed-dose guidance and log the missed dose.,Primary activity scheduled.
2026-08-07,09:45,09:55,ACT028,Omega-3 Supplement #028,Omega-3 Supplement #028,Medication consumption,28,1,week,10,Self,Self,,Home,in_person,scheduled,Take after meal to improve tolerance,"Confirm dose, timing, and any meal requirement before taking it.","dose_mg, adherence",Follow clinician-approved missed-dose guidance and log the missed dose.,Primary activity scheduled.
2026-08-07,12:00,12:20,ACT007,Mediterranean Lunch #007,Mediterranean Lunch #007,Food consumption,7,1,week,20,Self,Self,,Home,in_person,scheduled,"Vegetables, lean protein, olive oil, and whole grains",Prepare or order the meal according to the assigned nutrition guideline.,"calories, fiber_g, protein_g",Return to the plan at the next meal and note the reason for deviation.,Primary activity scheduled.
2026-08-07,12:30,13:00,ACT027,High-Protein Breakfast #027,High-Protein Breakfast #027,Food consumption,27,1,week,30,Self,Self,,Home,in_person,scheduled,Consume 30-40g protein within 2 hours of waking,Prepare or order the meal according to the assigned nutrition guideline.,"protein_g, calories, satiety_score",Return to the plan at the next meal and note the reason for deviation.,Primary activity scheduled.
2026-08-07,13:00,13:15,ACT033,Vitamin D3 #033,Vitamin D3 #033,Medication consumption,33,1,week,15,Self,Self,,Home,in_person,scheduled,Take with fat-containing meal,"Confirm dose, timing, and any meal requirement before taking it.","dose_IU, adherence",Follow clinician-approved missed-dose guidance and log the missed dose.,Primary activity scheduled.
2026-08-07,13:15,13:30,ACT038,Magnesium Glycinate #038,Magnesium Glycinate #038,Medication consumption,38,1,week,15,Self,Self,,Home,in_person,scheduled,Take 60 minutes before bedtime,"Confirm dose, timing, and any meal requirement before taking it.","dose_mg, sleep_quality, adherence",Follow clinician-approved missed-dose guidance and log the missed dose.,Primary activity scheduled.
2026-08-07,17:00,17:45,ACT004,Sauna Session #004,Sauna Session #004,Therapy,4,1,week,45,Self,Self,Sauna,Wellness Center,in_person,scheduled,15-20 minutes moderate heat exposure,Confirm facility availability and avoid heavy meals immediately before the session.,"duration, temperature, recovery_score",Replace with breathwork or recovery stretch and avoid stacking intense recovery sessions next day.,Primary activity scheduled.
2026-08-07,17:45,18:30,ACT009,Cold Plunge #009,Cold Plunge #009,Therapy,9,1,week,45,Self,Self,Cold Plunge,Wellness Center,in_person,scheduled,2-3 minutes controlled cold exposure,Confirm facility availability and avoid heavy meals immediately before the session.,"duration, temperature, stress_score",Replace with breathwork or recovery stretch and avoid stacking intense recovery sessions next day.,Primary activity scheduled.
2026-08-07,18:30,18:45,ACT013,Magnesium Glycinate #013,Magnesium Glycinate #013,Medication consumption,13,1,week,15,Self,Self,,Home,in_person,scheduled,Take 60 minutes before bedtime,"Confirm dose, timing, and any meal requirement before taking it.","dose_mg, sleep_quality, adherence",Follow clinician-approved missed-dose guidance and log the missed dose.,Primary activity scheduled.
2026-08-07,18:45,19:15,ACT014,Breathwork #014,Breathwork #014,Therapy,14,1,week,30,Health Coach 3,Health Coach,,Home,in_person,scheduled,Box breathing or physiological sigh protocol,Confirm facility availability and avoid heavy meals immediately before the session.,"duration, stress_score, HRV",Replace with breathwork or recovery stretch and avoid stacking intense recovery sessions next day.,Primary activity scheduled.
2026-08-07,19:15,19:45,ACT017,Low-Glycemic Dinner #017,Low-Glycemic Dinner #017,Food consumption,17,1,week,30,Self,Self,,Home,in_person,scheduled,Control evening carbohydrate load,Prepare or order the meal according to the assigned nutrition guideline.,"carbs_g, glucose_response, sleep_quality",Return to the plan at the next meal and note the reason for deviation.,Primary activity scheduled.
2026-08-07,19:45,20:15,ACT029,Sauna Session #029,Sauna Session #029,Therapy,29,1,week,30,Self,Self,Sauna,Wellness Center,in_person,scheduled,15-20 minutes moderate heat exposure,Confirm facility availability and avoid heavy meals immediately before the session.,"duration, temperature, recovery_score",Replace with breathwork or recovery stretch and avoid stacking intense recovery sessions next day.,Primary activity scheduled.
2026-08-07,20:15,21:00,ACT034,Cold Plunge #034,Cold Plunge #034,Therapy,34,1,week,45,Self,Self,Cold Plunge,Wellness Center,in_person,scheduled,2-3 minutes controlled cold exposure,Confirm facility availability and avoid heavy meals immediately before the session.,"duration, temperature, stress_score",Replace with breathwork or recovery stretch and avoid stacking intense recovery sessions next day.,Primary activity scheduled.
2026-08-08,08:00,08:45,ACT026,Zone 2 Run #026,Zone 2 Run #026,Fitness routine / exercise,26,1,week,45,Fitness Trainer 1,Fitness Trainer,Treadmill,Park,in_person,scheduled,Maintain heart rate between 120-140 bpm,"Wear appropriate training clothes, prepare water, and confirm recovery status.","heart_rate, duration, perceived_exertion",Reschedule within the same week if possible; otherwise reduce next session intensity by 10%.,Primary activity scheduled.
2026-08-08,08:45,09:05,ACT037,Hydration Protocol #037,Hydration Protocol #037,Food consumption,37,1,week,20,Self,Self,,Home,in_person,scheduled,Drink 500ml water with electrolytes,Prepare or order the meal according to the assigned nutrition guideline.,"water_ml, electrolyte_serving",Return to the plan at the next meal and note the reason for deviation.,Primary activity scheduled.
2026-08-08,09:15,09:30,ACT043,Glucose Monitor Check #043,Glucose Monitor Check #043,Medication consumption,43,1,week,15,Self,Self,Glucose Meter,Home,in_person,scheduled,Record fasting glucose and notes,"Confirm dose, timing, and any meal requirement before taking it.","glucose_mg_dL, fasting_hours",Follow clinician-approved missed-dose guidance and log the missed dose.,Primary activity scheduled.
2026-08-08,09:30,10:15,ACT052,High-Protein Breakfast #052,High-Protein Breakfast #052,Food consumption,52,1,week,45,Self,Self,,Home,in_person,scheduled,Consume 30-40g protein within 2 hours of waking,Prepare or order the meal according to the assigned nutrition guideline.,"protein_g, calories, satiety_score",Return to the plan at the next meal and note the reason for deviation.,Primary activity scheduled.
2026-08-08,10:15,10:25,ACT058,Vitamin D3 #058,Vitamin D3 #058,Medication consumption,58,1,week,10,Self,Self,,Home,in_person,scheduled,Take with fat-containing meal,"Confirm dose, timing, and any meal requirement before taking it.","dose_IU, adherence",Follow clinician-approved missed-dose guidance and log the missed dose.,Primary activity scheduled.
2026-08-08,10:30,10:40,ACT068,Glucose Monitor Check #068,Glucose Monitor Check #068,Medication consumption,68,1,week,10,Self,Self,Glucose Meter,Home,in_person,scheduled,Record fasting glucose and notes,"Confirm dose, timing, and any meal requirement before taking it.","glucose_mg_dL, fasting_hours",Follow clinician-approved missed-dose guidance and log the missed dose.,Primary activity scheduled.
2026-08-08,10:45,11:30,ACT077,High-Protein Breakfast #077,High-Protein Breakfast #077,Food consumption,77,1,week,45,Self,Self,,Home,in_person,scheduled,Consume 30-40g protein within 2 hours of waking,Prepare or order the meal according to the assigned nutrition guideline.,"protein_g, calories, satiety_score",Return to the plan at the next meal and note the reason for deviation.,Primary activity scheduled.
2026-08-08,11:30,11:50,ACT082,Mediterranean Lunch #082,Mediterranean Lunch #082,Food consumption,82,1,week,20,Self,Self,,Home,in_person,scheduled,"Vegetables, lean protein, olive oil, and whole grains",Prepare or order the meal according to the assigned nutrition guideline.,"calories, fiber_g, protein_g",Return to the plan at the next meal and note the reason for deviation.,Primary activity scheduled.
2026-08-08,14:00,14:30,ACT069,Breathwork,Guided Meditation #069,Therapy,69,1,week,30,Self,Self,,Home,in_person,backup_used,Mindfulness session with body scan,Confirm facility availability and avoid heavy meals immediately before the session.,"duration, mood_score, sleep_quality",Replace with breathwork or recovery stretch and avoid stacking intense recovery sessions next day.,Primary activity unavailable. Used backup: Breathwork.
2026-08-08,14:30,15:00,ACT089,Breathwork,Breathwork #089,Therapy,89,1,week,30,Self,Self,,Home,in_person,backup_used,Box breathing or physiological sigh protocol,Confirm facility availability and avoid heavy meals immediately before the session.,"duration, stress_score, HRV",Replace with breathwork or recovery stretch and avoid stacking intense recovery sessions next day.,Primary activity unavailable. Used backup: Breathwork.
2026-08-08,15:00,15:45,ACT092,Low-Glycemic Dinner #092,Low-Glycemic Dinner #092,Food consumption,92,1,week,45,Self,Self,,Home,in_person,scheduled,Control evening carbohydrate load,Prepare or order the meal according to the assigned nutrition guideline.,"carbs_g, glucose_response, sleep_quality",Return to the plan at the next meal and note the reason for deviation.,Primary activity scheduled.
2026-08-08,16:00,16:45,ACT059,Cold Plunge #059,Cold Plunge #059,Therapy,59,1,week,45,Self,Self,Cold Plunge,Wellness Center,in_person,scheduled,2-3 minutes controlled cold exposure,Confirm facility availability and avoid heavy meals immediately before the session.,"duration, temperature, stress_score",Replace with breathwork or recovery stretch and avoid stacking intense recovery sessions next day.,Primary activity scheduled.
2026-08-08,17:00,17:45,ACT021,Brisk Walk #021,Brisk Walk #021,Fitness routine / exercise,21,1,week,45,Fitness Trainer 1,Fitness Trainer,,Park,in_person,scheduled,Low-intensity walk after meals,"Wear appropriate training clothes, prepare water, and confirm recovery status.","steps, duration, glucose_response",Reschedule within the same week if possible; otherwise reduce next session intensity by 10%.,Primary activity scheduled.
2026-08-08,17:45,18:30,ACT041,Eye Exercise #041,Eye Exercise #041,Fitness routine / exercise,41,1,week,45,Fitness Trainer 1,Fitness Trainer,,Home,in_person,scheduled,Near-far focus drill and 20-20-20 visual breaks,"Wear appropriate training clothes, prepare water, and confirm recovery status.","duration, eye_strain_score",Reschedule within the same week if possible; otherwise reduce next session intensity by 10%.,Primary activity scheduled.
2026-08-09,08:00,08:45,ACT066,Eye Exercise #066,Eye Exercise #066,Fitness routine / exercise,66,1,week,45,Fitness Trainer 1,Fitness Trainer,,Home,in_person,scheduled,Near-far focus drill and 20-20-20 visual breaks,"Wear appropriate training clothes, prepare water, and confirm recovery status.","duration, eye_strain_score",Reschedule within the same week if possible; otherwise reduce next session intensity by 10%.,Primary activity scheduled.
2026-08-09,08:45,09:45,ACT081,Strength Training #081,Strength Training #081,Fitness routine / exercise,81,1,week,60,Fitness Trainer 1,Fitness Trainer,"Dumbbells, Resistance Bands",Gym,in_person,scheduled,Full-body resistance session with controlled tempo,"Wear appropriate training clothes, prepare water, and confirm recovery status.","sets, reps, load, RPE",Reschedule within the same week if possible; otherwise reduce next session intensity by 10%.,Primary activity scheduled.
2026-08-09,09:45,10:30,ACT086,Mobility Flow #086,Mobility Flow #086,Fitness routine / exercise,86,1,week,45,Fitness Trainer 1,Fitness Trainer,Yoga Mat,Home,in_person,scheduled,"Hip, ankle, thoracic spine, and shoulder mobility","Wear appropriate training clothes, prepare water, and confirm recovery status.","duration, pain_score, range_of_motion",Reschedule within the same week if possible; otherwise reduce next session intensity by 10%.,Primary activity scheduled.
2026-08-09,10:30,10:45,ACT091,Eye Exercise #091,Eye Exercise #091,Fitness routine / exercise,91,2,week,15,Fitness Trainer 1,Fitness Trainer,,Home,in_person,scheduled,Near-far focus drill and 20-20-20 visual breaks,"Wear appropriate training clothes, prepare water, and confirm recovery status.","duration, eye_strain_score",Reschedule within the same week if possible; otherwise reduce next session intensity by 10%.,Primary activity scheduled.
2026-08-09,10:45,11:00,ACT096,Brisk Walk #096,Brisk Walk #096,Fitness routine / exercise,96,2,week,15,Fitness Trainer 1,Fitness Trainer,,Park,in_person,scheduled,Low-intensity walk after meals,"Wear appropriate training clothes, prepare water, and confirm recovery status.","steps, duration, glucose_response",Reschedule within the same week if possible; otherwise reduce next session intensity by 10%.,Primary activity scheduled.
2026-08-09,11:00,11:20,ACT097,Fermented Food Serving #097,Fermented Food Serving #097,Food consumption,97,1,week,20,Self,Self,,Home,in_person,scheduled,"Add yogurt, kimchi, kefir, or sauerkraut",Prepare or order the meal according to the assigned nutrition guideline.,"serving_size, GI_comfort_score",Return to the plan at the next meal and note the reason for deviation.,Primary activity scheduled.
2026-08-09,17:00,17:45,ACT099,Recovery Stretch #099,Recovery Stretch #099,Therapy,99,1,week,45,Self,Self,Yoga Mat,Home,in_person,scheduled,Parasympathetic evening stretch routine,Confirm facility availability and avoid heavy meals immediately before the session.,"duration, muscle_tightness_score",Replace with breathwork or recovery stretch and avoid stacking intense recovery sessions next day.,Primary activity scheduled.
2026-08-10,06:00,06:20,ACT002,High-Protein Breakfast #002,High-Protein Breakfast #002,Food consumption,2,2,week,20,Self,Self,,Home,in_person,scheduled,Consume 30-40g protein within 2 hours of waking,Prepare or order the meal according to the assigned nutrition guideline.,"protein_g, calories, satiety_score",Return to the plan at the next meal and note the reason for deviation.,Primary activity scheduled.
2026-08-10,06:30,06:50,ACT012,Hydration Protocol #012,Hydration Protocol #012,Food consumption,12,2,week,20,Self,Self,,Home,in_person,scheduled,Drink 500ml water with electrolytes,Prepare or order the meal according to the assigned nutrition guideline.,"water_ml, electrolyte_serving",Return to the plan at the next meal and note the reason for deviation.,Primary activity scheduled.
2026-08-10,07:00,08:00,ACT031,Strength Training #031,Strength Training #031,Fitness routine / exercise,31,2,week,60,Fitness Trainer 1,Fitness Trainer,"Dumbbells, Resistance Bands",Gym,in_person,scheduled,Full-body resistance session with controlled tempo,"Wear appropriate training clothes, prepare water, and confirm recovery status.","sets, reps, load, RPE",Reschedule within the same week if possible; otherwise reduce next session intensity by 10%.,Primary activity scheduled.
2026-08-10,08:00,08:20,ACT047,Fermented Food Serving #047,Fermented Food Serving #047,Food consumption,47,2,week,20,Self,Self,,Home,in_person,scheduled,"Add yogurt, kimchi, kefir, or sauerkraut",Prepare or order the meal according to the assigned nutrition guideline.,"serving_size, GI_comfort_score",Return to the plan at the next meal and note the reason for deviation.,Primary activity scheduled.
2026-08-10,08:30,08:45,ACT048,Blood Pressure Reading #048,Blood Pressure Reading #048,Medication consumption,48,2,week,15,Self,Self,Blood Pressure Cuff,Home,in_person,scheduled,Measure seated blood pressure after 5 minutes rest,"Confirm dose, timing, and any meal requirement before taking it.","systolic, diastolic, resting_hr",Follow clinician-approved missed-dose guidance and log the missed dose.,Primary activity scheduled.
2026-08-10,08:45,09:00,ACT053,Omega-3 Supplement #053,Omega-3 Supplement #053,Medication consumption,53,2,week,15,Self,Self,,Home,in_person,scheduled,Take after meal to improve tolerance,"Confirm dose, timing, and any meal requirement before taking it.","dose_mg, adherence",Follow clinician-approved missed-dose guidance and log the missed dose.,Primary activity scheduled.
2026-08-10,09:00,09:30,ACT062,Hydration Protocol #062,Hydration Protocol #062,Food consumption,62,2,week,30,Self,Self,,Home,in_person,scheduled,Drink 500ml water with electrolytes,Prepare or order the meal according to the assigned nutrition guideline.,"water_ml, electrolyte_serving",Return to the plan at the next meal and note the reason for deviation.,Primary activity scheduled.
2026-08-10,09:30,09:40,ACT078,Omega-3 Supplement #078,Omega-3 Supplement #078,Medication consumption,78,2,week,10,Self,Self,,Home,in_person,scheduled,Take after meal to improve tolerance,"Confirm dose, timing, and any meal requirement before taking it.","dose_mg, adherence",Follow clinician-approved missed-dose guidance and log the missed dose.,Primary activity scheduled.
2026-08-10,12:00,12:30,ACT032,Mediterranean Lunch #032,Mediterranean Lunch #032,Food consumption,32,2,week,30,Self,Self,,Home,in_person,scheduled,"Vegetables, lean protein, olive oil, and whole grains",Prepare or order the meal according to the assigned nutrition guideline.,"calories, fiber_g, protein_g",Return to the plan at the next meal and note the reason for deviation.,Primary activity scheduled.
2026-08-10,12:30,12:50,ACT057,Mediterranean Lunch #057,Mediterranean Lunch #057,Food consumption,57,2,week,20,Self,Self,,Home,in_person,scheduled,"Vegetables, lean protein, olive oil, and whole grains",Prepare or order the meal according to the assigned nutrition guideline.,"calories, fiber_g, protein_g",Return to the plan at the next meal and note the reason for deviation.,Primary activity scheduled.
2026-08-10,17:00,17:15,ACT011,Mobility Flow #011,Mobility Flow #011,Fitness routine / exercise,11,2,week,15,Fitness Trainer 1,Fitness Trainer,Yoga Mat,Home,in_person,scheduled,"Hip, ankle, thoracic spine, and shoulder mobility","Wear appropriate training clothes, prepare water, and confirm recovery status.","duration, pain_score, range_of_motion",Reschedule within the same week if possible; otherwise reduce next session intensity by 10%.,Primary activity scheduled.
2026-08-10,17:15,18:00,ACT056,Strength Training #056,Strength Training #056,Fitness routine / exercise,56,2,week,45,Fitness Trainer 1,Fitness Trainer,"Dumbbells, Resistance Bands",Gym,in_person,scheduled,Full-body resistance session with controlled tempo,"Wear appropriate training clothes, prepare water, and confirm recovery status.","sets, reps, load, RPE",Reschedule within the same week if possible; otherwise reduce next session intensity by 10%.,Primary activity scheduled.
2026-08-10,18:00,18:45,ACT061,Mobility Flow #061,Mobility Flow #061,Fitness routine / exercise,61,2,week,45,Fitness Trainer 1,Fitness Trainer,Yoga Mat,Home,in_person,scheduled,"Hip, ankle, thoracic spine, and shoulder mobility","Wear appropriate training clothes, prepare water, and confirm recovery status.","duration, pain_score, range_of_motion",Reschedule within the same week if possible; otherwise reduce next session intensity by 10%.,Primary activity scheduled.
2026-08-10,18:45,19:00,ACT063,Magnesium Glycinate #063,Magnesium Glycinate #063,Medication consumption,63,2,week,15,Self,Self,,Home,in_person,scheduled,Take 60 minutes before bedtime,"Confirm dose, timing, and any meal requirement before taking it.","dose_mg, sleep_quality, adherence",Follow clinician-approved missed-dose guidance and log the missed dose.,Primary activity scheduled.
2026-08-10,19:00,19:45,ACT067,Low-Glycemic Dinner #067,Low-Glycemic Dinner #067,Food consumption,67,2,week,45,Self,Self,,Home,in_person,scheduled,Control evening carbohydrate load,Prepare or order the meal according to the assigned nutrition guideline.,"carbs_g, glucose_response, sleep_quality",Return to the plan at the next meal and note the reason for deviation.,Primary activity scheduled.
2026-08-10,19:45,20:00,ACT071,Brisk Walk #071,Brisk Walk #071,Fitness routine / exercise,71,2,week,15,Fitness Trainer 1,Fitness Trainer,,Park,in_person,scheduled,Low-intensity walk after meals,"Wear appropriate training clothes, prepare water, and confirm recovery status.","steps, duration, glucose_response",Reschedule within the same week if possible; otherwise reduce next session intensity by 10%.,Primary activity scheduled.
2026-08-10,20:00,20:45,ACT072,Fermented Food Serving #072,Fermented Food Serving #072,Food consumption,72,2,week,45,Self,Self,,Home,in_person,scheduled,"Add yogurt, kimchi, kefir, or sauerkraut",Prepare or order the meal according to the assigned nutrition guideline.,"serving_size, GI_comfort_score",Return to the plan at the next meal and note the reason for deviation.,Primary activity scheduled.
2026-08-11,06:00,06:20,ACT002,High-Protein Breakfast #002,High-Protein Breakfast #002,Food consumption,2,1,week,20,Self,Self,,Home,in_person,scheduled,Consume 30-40g protein within 2 hours of waking,Prepare or order the meal according to the assigned nutrition guideline.,"protein_g, calories, satiety_score",Return to the plan at the next meal and note the reason for deviation.,Primary activity scheduled.
2026-08-11,06:30,06:50,ACT012,Hydration Protocol #012,Hydration Protocol #012,Food consumption,12,1,week,20,Self,Self,,Home,in_person,scheduled,Drink 500ml water with electrolytes,Prepare or order the meal according to the assigned nutrition guideline.,"water_ml, electrolyte_serving",Return to the plan at the next meal and note the reason for deviation.,Primary activity scheduled.
2026-08-11,07:00,08:00,ACT031,Strength Training #031,Strength Training #031,Fitness routine / exercise,31,1,week,60,Fitness Trainer 1,Fitness Trainer,"Dumbbells, Resistance Bands",Gym,in_person,scheduled,Full-body resistance session with controlled tempo,"Wear appropriate training clothes, prepare water, and confirm recovery status.","sets, reps, load, RPE",Reschedule within the same week if possible; otherwise reduce next session intensity by 10%.,Primary activity scheduled.
2026-08-11,08:00,08:20,ACT047,Fermented Food Serving #047,Fermented Food Serving #047,Food consumption,47,1,week,20,Self,Self,,Home,in_person,scheduled,"Add yogurt, kimchi, kefir, or sauerkraut",Prepare or order the meal according to the assigned nutrition guideline.,"serving_size, GI_comfort_score",Return to the plan at the next meal and note the reason for deviation.,Primary activity scheduled.
2026-08-11,08:30,08:45,ACT048,Blood Pressure Reading #048,Blood Pressure Reading #048,Medication consumption,48,1,week,15,Self,Self,Blood Pressure Cuff,Home,in_person,scheduled,Measure seated blood pressure after 5 minutes rest,"Confirm dose, timing, and any meal requirement before taking it.","systolic, diastolic, resting_hr",Follow clinician-approved missed-dose guidance and log the missed dose.,Primary activity scheduled.
2026-08-11,08:45,09:00,ACT053,Omega-3 Supplement #053,Omega-3 Supplement #053,Medication consumption,53,1,week,15,Self,Self,,Home,in_person,scheduled,Take after meal to improve tolerance,"Confirm dose, timing, and any meal requirement before taking it.","dose_mg, adherence",Follow clinician-approved missed-dose guidance and log the missed dose.,Primary activity scheduled.
2026-08-11,09:00,09:30,ACT062,Hydration Protocol #062,Hydration Protocol #062,Food consumption,62,1,week,30,Self,Self,,Home,in_person,scheduled,Drink 500ml water with electrolytes,Prepare or order the meal according to the assigned nutrition guideline.,"water_ml, electrolyte_serving",Return to the plan at the next meal and note the reason for deviation.,Primary activity scheduled.
2026-08-11,09:30,09:40,ACT078,Omega-3 Supplement #078,Omega-3 Supplement #078,Medication consumption,78,1,week,10,Self,Self,,Home,in_person,scheduled,Take after meal to improve tolerance,"Confirm dose, timing, and any meal requirement before taking it.","dose_mg, adherence",Follow clinician-approved missed-dose guidance and log the missed dose.,Primary activity scheduled.
2026-08-11,12:00,12:30,ACT032,Mediterranean Lunch #032,Mediterranean Lunch #032,Food consumption,32,1,week,30,Self,Self,,Home,in_person,scheduled,"Vegetables, lean protein, olive oil, and whole grains",Prepare or order the meal according to the assigned nutrition guideline.,"calories, fiber_g, protein_g",Return to the plan at the next meal and note the reason for deviation.,Primary activity scheduled.
2026-08-11,12:30,12:50,ACT057,Mediterranean Lunch #057,Mediterranean Lunch #057,Food consumption,57,1,week,20,Self,Self,,Home,in_person,scheduled,"Vegetables, lean protein, olive oil, and whole grains",Prepare or order the meal according to the assigned nutrition guideline.,"calories, fiber_g, protein_g",Return to the plan at the next meal and note the reason for deviation.,Primary activity scheduled.
2026-08-11,17:00,17:15,ACT011,Mobility Flow #011,Mobility Flow #011,Fitness routine / exercise,11,1,week,15,Fitness Trainer 1,Fitness Trainer,Yoga Mat,Home,in_person,scheduled,"Hip, ankle, thoracic spine, and shoulder mobility","Wear appropriate training clothes, prepare water, and confirm recovery status.","duration, pain_score, range_of_motion",Reschedule within the same week if possible; otherwise reduce next session intensity by 10%.,Primary activity scheduled.
2026-08-11,17:15,18:00,ACT056,Strength Training #056,Strength Training #056,Fitness routine / exercise,56,1,week,45,Fitness Trainer 1,Fitness Trainer,"Dumbbells, Resistance Bands",Gym,in_person,scheduled,Full-body resistance session with controlled tempo,"Wear appropriate training clothes, prepare water, and confirm recovery status.","sets, reps, load, RPE",Reschedule within the same week if possible; otherwise reduce next session intensity by 10%.,Primary activity scheduled.
2026-08-11,18:00,18:45,ACT061,Mobility Flow #061,Mobility Flow #061,Fitness routine / exercise,61,1,week,45,Fitness Trainer 1,Fitness Trainer,Yoga Mat,Home,in_person,scheduled,"Hip, ankle, thoracic spine, and shoulder mobility","Wear appropriate training clothes, prepare water, and confirm recovery status.","duration, pain_score, range_of_motion",Reschedule within the same week if possible; otherwise reduce next session intensity by 10%.,Primary activity scheduled.
2026-08-11,18:45,19:00,ACT063,Magnesium Glycinate #063,Magnesium Glycinate #063,Medication consumption,63,1,week,15,Self,Self,,Home,in_person,scheduled,Take 60 minutes before bedtime,"Confirm dose, timing, and any meal requirement before taking it.","dose_mg, sleep_quality, adherence",Follow clinician-approved missed-dose guidance and log the missed dose.,Primary activity scheduled.
2026-08-11,19:00,19:45,ACT067,Low-Glycemic Dinner #067,Low-Glycemic Dinner #067,Food consumption,67,1,week,45,Self,Self,,Home,in_person,scheduled,Control evening carbohydrate load,Prepare or order the meal according to the assigned nutrition guideline.,"carbs_g, glucose_response, sleep_quality",Return to the plan at the next meal and note the reason for deviation.,Primary activity scheduled.
2026-08-11,19:45,20:00,ACT071,Brisk Walk #071,Brisk Walk #071,Fitness routine / exercise,71,1,week,15,Fitness Trainer 1,Fitness Trainer,,Park,in_person,scheduled,Low-intensity walk after meals,"Wear appropriate training clothes, prepare water, and confirm recovery status.","steps, duration, glucose_response",Reschedule within the same week if possible; otherwise reduce next session intensity by 10%.,Primary activity scheduled.
2026-08-11,20:00,20:45,ACT072,Fermented Food Serving #072,Fermented Food Serving #072,Food consumption,72,1,week,45,Self,Self,,Home,in_person,scheduled,"Add yogurt, kimchi, kefir, or sauerkraut",Prepare or order the meal according to the assigned nutrition guideline.,"serving_size, GI_comfort_score",Return to the plan at the next meal and note the reason for deviation.,Primary activity scheduled.
2026-08-12,06:00,06:45,ACT026,Zone 2 Run #026,Zone 2 Run #026,Fitness routine / exercise,26,1,week,45,Fitness Trainer 1,Fitness Trainer,Treadmill,Park,in_person,scheduled,Maintain heart rate between 120-140 bpm,"Wear appropriate training clothes, prepare water, and confirm recovery status.","heart_rate, duration, perceived_exertion",Reschedule within the same week if possible; otherwise reduce next session intensity by 10%.,Primary activity scheduled.
2026-08-12,06:45,07:45,ACT051,Zone 2 Run #051,Zone 2 Run #051,Fitness routine / exercise,51,1,week,60,Fitness Trainer 1,Fitness Trainer,Treadmill,Park,in_person,scheduled,Maintain heart rate between 120-140 bpm,"Wear appropriate training clothes, prepare water, and confirm recovery status.","heart_rate, duration, perceived_exertion",Reschedule within the same week if possible; otherwise reduce next session intensity by 10%.,Primary activity scheduled.
2026-08-12,07:45,08:30,ACT076,Zone 2 Run #076,Zone 2 Run #076,Fitness routine / exercise,76,1,week,45,Fitness Trainer 1,Fitness Trainer,Treadmill,Park,in_person,scheduled,Maintain heart rate between 120-140 bpm,"Wear appropriate training clothes, prepare water, and confirm recovery status.","heart_rate, duration, perceived_exertion",Reschedule within the same week if possible; otherwise reduce next session intensity by 10%.,Primary activity scheduled.
2026-08-12,08:30,08:45,ACT091,Eye Exercise #091,Eye Exercise #091,Fitness routine / exercise,91,1,week,15,Fitness Trainer 1,Fitness Trainer,,Home,in_person,scheduled,Near-far focus drill and 20-20-20 visual breaks,"Wear appropriate training clothes, prepare water, and confirm recovery status.","duration, eye_strain_score",Reschedule within the same week if possible; otherwise reduce next session intensity by 10%.,Primary activity scheduled.
2026-08-12,08:45,09:00,ACT096,Brisk Walk #096,Brisk Walk #096,Fitness routine / exercise,96,1,week,15,Fitness Trainer 1,Fitness Trainer,,Park,in_person,scheduled,Low-intensity walk after meals,"Wear appropriate training clothes, prepare water, and confirm recovery status.","steps, duration, glucose_response",Reschedule within the same week if possible; otherwise reduce next session intensity by 10%.,Primary activity scheduled.
2026-08-12,09:00,09:20,ACT097,Fermented Food Serving #097,Fermented Food Serving #097,Food consumption,97,1,week,20,Self,Self,,Home,in_person,scheduled,"Add yogurt, kimchi, kefir, or sauerkraut",Prepare or order the meal according to the assigned nutrition guideline.,"serving_size, GI_comfort_score",Return to the plan at the next meal and note the reason for deviation.,Primary activity scheduled.
2026-08-12,17:00,17:45,ACT049,Recovery Stretch #049,Recovery Stretch #049,Therapy,49,1,week,45,Health Coach 3,Health Coach,Yoga Mat,Home,in_person,scheduled,Parasympathetic evening stretch routine,Confirm facility availability and avoid heavy meals immediately before the session.,"duration, muscle_tightness_score",Replace with breathwork or recovery stretch and avoid stacking intense recovery sessions next day.,Primary activity scheduled.
2026-08-12,17:45,18:30,ACT054,Sauna Session #054,Sauna Session #054,Therapy,54,1,week,45,Health Coach 3,Health Coach,Sauna,Wellness Center,in_person,scheduled,15-20 minutes moderate heat exposure,Confirm facility availability and avoid heavy meals immediately before the session.,"duration, temperature, recovery_score",Replace with breathwork or recovery stretch and avoid stacking intense recovery sessions next day.,Primary activity scheduled.
2026-08-12,18:30,19:00,ACT069,Guided Meditation #069,Guided Meditation #069,Therapy,69,1,week,30,Health Coach 3,Health Coach,,Home,in_person,scheduled,Mindfulness session with body scan,Confirm facility availability and avoid heavy meals immediately before the session.,"duration, mood_score, sleep_quality",Replace with breathwork or recovery stretch and avoid stacking intense recovery sessions next day.,Primary activity scheduled.
2026-08-12,19:00,19:45,ACT074,Recovery Stretch #074,Recovery Stretch #074,Therapy,74,1,week,45,Health Coach 3,Health Coach,Yoga Mat,Home,in_person,scheduled,Parasympathetic evening stretch routine,Confirm facility availability and avoid heavy meals immediately before the session.,"duration, muscle_tightness_score",Replace with breathwork or recovery stretch and avoid stacking intense recovery sessions next day.,Primary activity scheduled.
2026-08-12,19:45,20:30,ACT099,Recovery Stretch #099,Recovery Stretch #099,Therapy,99,1,week,45,Self,Self,Yoga Mat,Home,in_person,scheduled,Parasympathetic evening stretch routine,Confirm facility availability and avoid heavy meals immediately before the session.,"duration, muscle_tightness_score",Replace with breathwork or recovery stretch and avoid stacking intense recovery sessions next day.,Primary activity scheduled.
2026-08-13,06:00,06:45,ACT036,Mobility Flow #036,Mobility Flow #036,Fitness routine / exercise,36,1,week,45,Fitness Trainer 1,Fitness Trainer,Yoga Mat,Home,in_person,scheduled,"Hip, ankle, thoracic spine, and shoulder mobility","Wear appropriate training clothes, prepare water, and confirm recovery status.","duration, pain_score, range_of_motion",Reschedule within the same week if possible; otherwise reduce next session intensity by 10%.,Primary activity scheduled.
2026-08-13,06:45,07:30,ACT046,Brisk Walk #046,Brisk Walk #046,Fitness routine / exercise,46,1,week,45,Fitness Trainer 1,Fitness Trainer,,Park,in_person,scheduled,Low-intensity walk after meals,"Wear appropriate training clothes, prepare water, and confirm recovery status.","steps, duration, glucose_response",Reschedule within the same week if possible; otherwise reduce next session intensity by 10%.,Primary activity scheduled.
2026-08-13,07:30,08:15,ACT066,Eye Exercise #066,Eye Exercise #066,Fitness routine / exercise,66,1,week,45,Fitness Trainer 1,Fitness Trainer,,Home,in_person,scheduled,Near-far focus drill and 20-20-20 visual breaks,"Wear appropriate training clothes, prepare water, and confirm recovery status.","duration, eye_strain_score",Reschedule within the same week if possible; otherwise reduce next session intensity by 10%.,Primary activity scheduled.
2026-08-13,08:15,09:00,ACT077,High-Protein Breakfast #077,High-Protein Breakfast #077,Food consumption,77,1,week,45,Self,Self,,Home,in_person,scheduled,Consume 30-40g protein within 2 hours of waking,Prepare or order the meal according to the assigned nutrition guideline.,"protein_g, calories, satiety_score",Return to the plan at the next meal and note the reason for deviation.,Primary activity scheduled.
2026-08-13,09:00,09:45,ACT084,Cold Plunge #084,Cold Plunge #084,Therapy,84,1,week,45,Self,Self,Cold Plunge,Wellness Center,in_person,scheduled,2-3 minutes controlled cold exposure,Confirm facility availability and avoid heavy meals immediately before the session.,"duration, temperature, stress_score",Replace with breathwork or recovery stretch and avoid stacking intense recovery sessions next day.,Primary activity scheduled.
2026-08-13,09:45,10:00,ACT093,Glucose Monitor Check #093,Glucose Monitor Check #093,Medication consumption,93,1,week,15,Self,Self,Glucose Meter,Home,in_person,scheduled,Record fasting glucose and notes,"Confirm dose, timing, and any meal requirement before taking it.","glucose_mg_dL, fasting_hours",Follow clinician-approved missed-dose guidance and log the missed dose.,Primary activity scheduled.
2026-08-13,12:00,12:20,ACT082,Mediterranean Lunch #082,Mediterranean Lunch #082,Food consumption,82,1,week,20,Self,Self,,Home,in_person,scheduled,"Vegetables, lean protein, olive oil, and whole grains",Prepare or order the meal according to the assigned nutrition guideline.,"calories, fiber_g, protein_g",Return to the plan at the next meal and note the reason for deviation.,Primary activity scheduled.
2026-08-13,12:30,13:15,ACT087,Hydration Protocol #087,Hydration Protocol #087,Food consumption,87,1,week,45,Self,Self,,Home,in_person,scheduled,Drink 500ml water with electrolytes,Prepare or order the meal according to the assigned nutrition guideline.,"water_ml, electrolyte_serving",Return to the plan at the next meal and note the reason for deviation.,Primary activity scheduled.
2026-08-13,17:00,17:45,ACT019,Guided Meditation #019,Guided Meditation #019,Therapy,19,1,week,45,Health Coach 3,Health Coach,,Home,in_person,scheduled,Mindfulness session with body scan,Confirm facility availability and avoid heavy meals immediately before the session.,"duration, mood_score, sleep_quality",Replace with breathwork or recovery stretch and avoid stacking intense recovery sessions next day.,Primary activity scheduled.
2026-08-13,17:45,18:30,ACT021,Brisk Walk #021,Brisk Walk #021,Fitness routine / exercise,21,1,week,45,Fitness Trainer 1,Fitness Trainer,,Park,in_person,scheduled,Low-intensity walk after meals,"Wear appropriate training clothes, prepare water, and confirm recovery status.","steps, duration, glucose_response",Reschedule within the same week if possible; otherwise reduce next session intensity by 10%.,Primary activity scheduled.
2026-08-13,18:30,19:15,ACT024,Recovery Stretch #024,Recovery Stretch #024,Therapy,24,1,week,45,Health Coach 3,Health Coach,Yoga Mat,Home,in_person,scheduled,Parasympathetic evening stretch routine,Confirm facility availability and avoid heavy meals immediately before the session.,"duration, muscle_tightness_score",Replace with breathwork or recovery stretch and avoid stacking intense recovery sessions next day.,Primary activity scheduled.
2026-08-13,19:15,20:00,ACT039,Breathwork #039,Breathwork #039,Therapy,39,1,week,45,Health Coach 3,Health Coach,,Home,in_person,scheduled,Box breathing or physiological sigh protocol,Confirm facility availability and avoid heavy meals immediately before the session.,"duration, stress_score, HRV",Replace with breathwork or recovery stretch and avoid stacking intense recovery sessions next day.,Primary activity scheduled.
2026-08-13,20:00,20:45,ACT059,Cold Plunge #059,Cold Plunge #059,Therapy,59,1,week,45,Self,Self,Cold Plunge,Wellness Center,in_person,scheduled,2-3 minutes controlled cold exposure,Confirm facility availability and avoid heavy meals immediately before the session.,"duration, temperature, stress_score",Replace with breathwork or recovery stretch and avoid stacking intense recovery sessions next day.,Primary activity scheduled.
2026-08-13,20:45,20:55,ACT088,Magnesium Glycinate #088,Magnesium Glycinate #088,Medication consumption,88,1,week,10,Self,Self,,Home,in_person,scheduled,Take 60 minutes before bedtime,"Confirm dose, timing, and any meal requirement before taking it.","dose_mg, sleep_quality, adherence",Follow clinician-approved missed-dose guidance and log the missed dose.,Primary activity scheduled.
2026-08-14,06:00,06:45,ACT001,Zone 2 Run #001,Zone 2 Run #001,Fitness routine / exercise,1,1,week,45,Fitness Trainer 1,Fitness Trainer,Treadmill,Park,in_person,scheduled,Maintain heart rate between 120-140 bpm,"Wear appropriate training clothes, prepare water, and confirm recovery status.","heart_rate, duration, perceived_exertion",Reschedule within the same week if possible; otherwise reduce next session intensity by 10%.,Primary activity scheduled.
2026-08-14,06:45,06:55,ACT003,Omega-3 Supplement #003,Omega-3 Supplement #003,Medication consumption,3,1,week,10,Self,Self,,Home,in_person,scheduled,Take after meal to improve tolerance,"Confirm dose, timing, and any meal requirement before taking it.","dose_mg, adherence",Follow clinician-approved missed-dose guidance and log the missed dose.,Primary activity scheduled.
2026-08-14,07:00,08:00,ACT006,Strength Training #006,Strength Training #006,Fitness routine / exercise,6,1,week,60,Fitness Trainer 1,Fitness Trainer,"Dumbbells, Resistance Bands",Gym,in_person,scheduled,Full-body resistance session with controlled tempo,"Wear appropriate training clothes, prepare water, and confirm recovery status.","sets, reps, load, RPE",Reschedule within the same week if possible; otherwise reduce next session intensity by 10%.,Primary activity scheduled.
2026-08-14,08:00,08:10,ACT008,Vitamin D3 #008,Vitamin D3 #008,Medication consumption,8,1,week,10,Self,Self,,Home,in_person,scheduled,Take with fat-containing meal,"Confirm dose, timing, and any meal requirement before taking it.","dose_IU, adherence",Follow clinician-approved missed-dose guidance and log the missed dose.,Primary activity scheduled.
2026-08-14,08:15,08:45,ACT016,Eye Exercise #016,Eye Exercise #016,Fitness routine / exercise,16,1,week,30,Fitness Trainer 1,Fitness Trainer,,Home,in_person,scheduled,Near-far focus drill and 20-20-20 visual breaks,"Wear appropriate training clothes, prepare water, and confirm recovery status.","duration, eye_strain_score",Reschedule within the same week if possible; otherwise reduce next session intensity by 10%.,Primary activity scheduled.
2026-08-14,08:45,09:00,ACT018,Glucose Monitor Check #018,Glucose Monitor Check #018,Medication consumption,18,1,week,15,Self,Self,Glucose Meter,Home,in_person,scheduled,Record fasting glucose and notes,"Confirm dose, timing, and any meal requirement before taking it.","glucose_mg_dL, fasting_hours",Follow clinician-approved missed-dose guidance and log the missed dose.,Primary activity scheduled.
2026-08-14,09:00,09:30,ACT022,Fermented Food Serving #022,Fermented Food Serving #022,Food consumption,22,1,week,30,Self,Self,,Home,in_person,scheduled,"Add yogurt, kimchi, kefir, or sauerkraut",Prepare or order the meal according to the assigned nutrition guideline.,"serving_size, GI_comfort_score",Return to the plan at the next meal and note the reason for deviation.,Primary activity scheduled.
2026-08-14,09:30,09:45,ACT023,Blood Pressure Reading #023,Blood Pressure Reading #023,Medication consumption,23,1,week,15,Self,Self,Blood Pressure Cuff,Home,in_person,scheduled,Measure seated blood pressure after 5 minutes rest,"Confirm dose, timing, and any meal requirement before taking it.","systolic, diastolic, resting_hr",Follow clinician-approved missed-dose guidance and log the missed dose.,Primary activity scheduled.
2026-08-14,09:45,09:55,ACT028,Omega-3 Supplement #028,Omega-3 Supplement #028,Medication consumption,28,1,week,10,Self,Self,,Home,in_person,scheduled,Take after meal to improve tolerance,"Confirm dose, timing, and any meal requirement before taking it.","dose_mg, adherence",Follow clinician-approved missed-dose guidance and log the missed dose.,Primary activity scheduled.
2026-08-14,12:00,12:20,ACT007,Mediterranean Lunch #007,Mediterranean Lunch #007,Food consumption,7,1,week,20,Self,Self,,Home,in_person,scheduled,"Vegetables, lean protein, olive oil, and whole grains",Prepare or order the meal according to the assigned nutrition guideline.,"calories, fiber_g, protein_g",Return to the plan at the next meal and note the reason for deviation.,Primary activity scheduled.
2026-08-14,12:30,13:00,ACT027,High-Protein Breakfast #027,High-Protein Breakfast #027,Food consumption,27,1,week,30,Self,Self,,Home,in_person,scheduled,Consume 30-40g protein within 2 hours of waking,Prepare or order the meal according to the assigned nutrition guideline.,"protein_g, calories, satiety_score",Return to the plan at the next meal and note the reason for deviation.,Primary activity scheduled.
2026-08-14,13:00,13:15,ACT033,Vitamin D3 #033,Vitamin D3 #033,Medication consumption,33,1,week,15,Self,Self,,Home,in_person,scheduled,Take with fat-containing meal,"Confirm dose, timing, and any meal requirement before taking it.","dose_IU, adherence",Follow clinician-approved missed-dose guidance and log the missed dose.,Primary activity scheduled.
2026-08-14,13:15,13:30,ACT038,Magnesium Glycinate #038,Magnesium Glycinate #038,Medication consumption,38,1,week,15,Self,Self,,Home,in_person,scheduled,Take 60 minutes before bedtime,"Confirm dose, timing, and any meal requirement before taking it.","dose_mg, sleep_quality, adherence",Follow clinician-approved missed-dose guidance and log the missed dose.,Primary activity scheduled.
2026-08-14,17:00,17:45,ACT004,Sauna Session #004,Sauna Session #004,Therapy,4,1,week,45,Self,Self,Sauna,Wellness Center,in_person,scheduled,15-20 minutes moderate heat exposure,Confirm facility availability and avoid heavy meals immediately before the session.,"duration, temperature, recovery_score",Replace with breathwork or recovery stretch and avoid stacking intense recovery sessions next day.,Primary activity scheduled.
2026-08-14,17:45,18:30,ACT009,Cold Plunge #009,Cold Plunge #009,Therapy,9,1,week,45,Self,Self,Cold Plunge,Wellness Center,in_person,scheduled,2-3 minutes controlled cold exposure,Confirm facility availability and avoid heavy meals immediately before the session.,"duration, temperature, stress_score",Replace with breathwork or recovery stretch and avoid stacking intense recovery sessions next day.,Primary activity scheduled.
2026-08-14,18:30,18:45,ACT013,Magnesium Glycinate #013,Magnesium Glycinate #013,Medication consumption,13,1,week,15,Self,Self,,Home,in_person,scheduled,Take 60 minutes before bedtime,"Confirm dose, timing, and any meal requirement before taking it.","dose_mg, sleep_quality, adherence",Follow clinician-approved missed-dose guidance and log the missed dose.,Primary activity scheduled.
2026-08-14,18:45,19:15,ACT014,Breathwork #014,Breathwork #014,Therapy,14,1,week,30,Health Coach 3,Health Coach,,Home,in_person,scheduled,Box breathing or physiological sigh protocol,Confirm facility availability and avoid heavy meals immediately before the session.,"duration, stress_score, HRV",Replace with breathwork or recovery stretch and avoid stacking intense recovery sessions next day.,Primary activity scheduled.
2026-08-14,19:15,19:45,ACT017,Low-Glycemic Dinner #017,Low-Glycemic Dinner #017,Food consumption,17,1,week,30,Self,Self,,Home,in_person,scheduled,Control evening carbohydrate load,Prepare or order the meal according to the assigned nutrition guideline.,"carbs_g, glucose_response, sleep_quality",Return to the plan at the next meal and note the reason for deviation.,Primary activity scheduled.
2026-08-14,19:45,20:15,ACT029,Sauna Session #029,Sauna Session #029,Therapy,29,1,week,30,Self,Self,Sauna,Wellness Center,in_person,scheduled,15-20 minutes moderate heat exposure,Confirm facility availability and avoid heavy meals immediately before the session.,"duration, temperature, recovery_score",Replace with breathwork or recovery stretch and avoid stacking intense recovery sessions next day.,Primary activity scheduled.
2026-08-14,20:15,21:00,ACT034,Cold Plunge #034,Cold Plunge #034,Therapy,34,1,week,45,Self,Self,Cold Plunge,Wellness Center,in_person,scheduled,2-3 minutes controlled cold exposure,Confirm facility availability and avoid heavy meals immediately before the session.,"duration, temperature, stress_score",Replace with breathwork or recovery stretch and avoid stacking intense recovery sessions next day.,Primary activity scheduled.
2026-08-15,08:00,08:20,ACT037,Hydration Protocol #037,Hydration Protocol #037,Food consumption,37,1,week,20,Self,Self,,Online,remote,scheduled,Drink 500ml water with electrolytes,Prepare or order the meal according to the assigned nutrition guideline.,"water_ml, electrolyte_serving",Return to the plan at the next meal and note the reason for deviation.,Primary activity scheduled.
2026-08-15,08:30,08:45,ACT043,Glucose Monitor Check #043,Glucose Monitor Check #043,Medication consumption,43,1,week,15,Self,Self,Glucose Meter,Online,remote,scheduled,Record fasting glucose and notes,"Confirm dose, timing, and any meal requirement before taking it.","glucose_mg_dL, fasting_hours",Follow clinician-approved missed-dose guidance and log the missed dose.,Primary activity scheduled.
2026-08-15,08:45,08:55,ACT058,Vitamin D3 #058,Vitamin D3 #058,Medication consumption,58,1,week,10,Self,Self,,Online,remote,scheduled,Take with fat-containing meal,"Confirm dose, timing, and any meal requirement before taking it.","dose_IU, adherence",Follow clinician-approved missed-dose guidance and log the missed dose.,Primary activity scheduled.
2026-08-15,09:00,09:30,ACT044,Guided Meditation #044,Guided Meditation #044,Therapy,44,1,week,30,Health Coach 3,Health Coach,,Online,remote,scheduled,Mindfulness session with body scan,Confirm facility availability and avoid heavy meals immediately before the session.,"duration, mood_score, sleep_quality",Replace with breathwork or recovery stretch and avoid stacking intense recovery sessions next day.,Primary activity scheduled.
2026-08-15,09:30,10:15,ACT052,High-Protein Breakfast #052,High-Protein Breakfast #052,Food consumption,52,1,week,45,Self,Self,,Online,remote,scheduled,Consume 30-40g protein within 2 hours of waking,Prepare or order the meal according to the assigned nutrition guideline.,"protein_g, calories, satiety_score",Return to the plan at the next meal and note the reason for deviation.,Primary activity scheduled.
2026-08-15,10:15,11:00,ACT064,Breathwork #064,Breathwork #064,Therapy,64,1,week,45,Health Coach 3,Health Coach,,Online,remote,scheduled,Box breathing or physiological sigh protocol,Confirm facility availability and avoid heavy meals immediately before the session.,"duration, stress_score, HRV",Replace with breathwork or recovery stretch and avoid stacking intense recovery sessions next day.,Primary activity scheduled.
2026-08-15,11:00,11:10,ACT068,Glucose Monitor Check #068,Glucose Monitor Check #068,Medication consumption,68,1,week,10,Self,Self,Glucose Meter,Online,remote,scheduled,Record fasting glucose and notes,"Confirm dose, timing, and any meal requirement before taking it.","glucose_mg_dL, fasting_hours",Follow clinician-approved missed-dose guidance and log the missed dose.,Primary activity scheduled.
2026-08-15,11:15,11:25,ACT073,Blood Pressure Reading #073,Blood Pressure Reading #073,Medication consumption,73,1,week,10,Self,Self,Blood Pressure Cuff,Online,remote,scheduled,Measure seated blood pressure after 5 minutes rest,"Confirm dose, timing, and any meal requirement before taking it.","systolic, diastolic, resting_hr",Follow clinician-approved missed-dose guidance and log the missed dose.,Primary activity scheduled.
2026-08-15,11:30,12:00,ACT081,Brisk Walk,Strength Training #081,Fitness routine / exercise,81,1,week,30,Self,Self,,Online,remote,backup_used,Full-body resistance session with controlled tempo,"Wear appropriate training clothes, prepare water, and confirm recovery status.","sets, reps, load, RPE",Reschedule within the same week if possible; otherwise reduce next session intensity by 10%.,Primary activity unavailable. Used backup: Brisk Walk.
2026-08-15,14:00,14:30,ACT079,Breathwork,Sauna Session #079,Therapy,79,1,week,30,Self,Self,,Online,remote,backup_used,15-20 minutes moderate heat exposure,Confirm facility availability and avoid heavy meals immediately before the session.,"duration, temperature, recovery_score",Replace with breathwork or recovery stretch and avoid stacking intense recovery sessions next day.,Primary activity unavailable. Used backup: Breathwork.
2026-08-15,14:30,15:00,ACT086,Brisk Walk,Mobility Flow #086,Fitness routine / exercise,86,1,week,30,Self,Self,,Online,remote,backup_used,"Hip, ankle, thoracic spine, and shoulder mobility","Wear appropriate training clothes, prepare water, and confirm recovery status.","duration, pain_score, range_of_motion",Reschedule within the same week if possible; otherwise reduce next session intensity by 10%.,Primary activity unavailable. Used backup: Brisk Walk.
2026-08-15,15:00,15:30,ACT089,Breathwork,Breathwork #089,Therapy,89,1,week,30,Self,Self,,Online,remote,backup_used,Box breathing or physiological sigh protocol,Confirm facility availability and avoid heavy meals immediately before the session.,"duration, stress_score, HRV",Replace with breathwork or recovery stretch and avoid stacking intense recovery sessions next day.,Primary activity unavailable. Used backup: Breathwork.
2026-08-15,15:30,16:15,ACT092,Low-Glycemic Dinner #092,Low-Glycemic Dinner #092,Food consumption,92,1,week,45,Self,Self,,Online,remote,scheduled,Control evening carbohydrate load,Prepare or order the meal according to the assigned nutrition guideline.,"carbs_g, glucose_response, sleep_quality",Return to the plan at the next meal and note the reason for deviation.,Primary activity scheduled.
2026-08-15,16:15,16:45,ACT094,Breathwork,Guided Meditation #094,Therapy,94,1,week,30,Self,Self,,Online,remote,backup_used,Mindfulness session with body scan,Confirm facility availability and avoid heavy meals immediately before the session.,"duration, mood_score, sleep_quality",Replace with breathwork or recovery stretch and avoid stacking intense recovery sessions next day.,Primary activity unavailable. Used backup: Breathwork.
2026-08-15,16:45,16:55,ACT098,Blood Pressure Reading #098,Blood Pressure Reading #098,Medication consumption,98,1,week,10,Self,Self,Blood Pressure Cuff,Online,remote,scheduled,Measure seated blood pressure after 5 minutes rest,"Confirm dose, timing, and any meal requirement before taking it.","systolic, diastolic, resting_hr",Follow clinician-approved missed-dose guidance and log the missed dose.,Primary activity scheduled.
2026-08-15,17:00,17:45,ACT041,Eye Exercise #041,Eye Exercise #041,Fitness routine / exercise,41,1,week,45,Fitness Trainer 1,Fitness Trainer,,Online,remote,scheduled,Near-far focus drill and 20-20-20 visual breaks,"Wear appropriate training clothes, prepare water, and confirm recovery status.","duration, eye_strain_score",Reschedule within the same week if possible; otherwise reduce next session intensity by 10%.,Primary activity scheduled.
2026-08-15,17:45,18:05,ACT042,Low-Glycemic Dinner #042,Low-Glycemic Dinner #042,Food consumption,42,1,week,20,Self,Self,,Online,remote,scheduled,Control evening carbohydrate load,Prepare or order the meal according to the assigned nutrition guideline.,"carbs_g, glucose_response, sleep_quality",Return to the plan at the next meal and note the reason for deviation.,Primary activity scheduled.
2026-08-15,18:15,18:25,ACT083,Vitamin D3 #083,Vitamin D3 #083,Medication consumption,83,1,week,10,Self,Self,,Online,remote,scheduled,Take with fat-containing meal,"Confirm dose, timing, and any meal requirement before taking it.","dose_IU, adherence",Follow clinician-approved missed-dose guidance and log the missed dose.,Primary activity scheduled.
2026-08-16,08:00,08:45,ACT030,Fitness Coaching Check-in #030,Fitness Coaching Check-in #030,Consultation,30,1,month,45,Fitness Trainer 1,Fitness Trainer,,Online,remote,scheduled,"Review training load, soreness, and next progression","Prepare recent logs, wearable data, questions, and any relevant lab results.","training_load, soreness, adherence",Use the earliest remote or in-person follow-up slot and share logs asynchronously.,Primary activity scheduled.
2026-08-16,08:45,09:30,ACT055,Fitness Coaching Check-in #055,Fitness Coaching Check-in #055,Consultation,55,1,month,45,Fitness Trainer 1,Fitness Trainer,,Online,remote,scheduled,"Review training load, soreness, and next progression","Prepare recent logs, wearable data, questions, and any relevant lab results.","training_load, soreness, adherence",Use the earliest remote or in-person follow-up slot and share logs asynchronously.,Primary activity scheduled.
2026-08-16,09:30,10:00,ACT080,Fitness Coaching Check-in #080,Fitness Coaching Check-in #080,Consultation,80,1,month,30,Fitness Trainer 1,Fitness Trainer,,Online,remote,scheduled,"Review training load, soreness, and next progression","Prepare recent logs, wearable data, questions, and any relevant lab results.","training_load, soreness, adherence",Use the earliest remote or in-person follow-up slot and share logs asynchronously.,Primary activity scheduled.
2026-08-16,10:00,10:30,ACT085,Remote Check-in,Dietitian Consultation #085,Consultation,85,1,month,30,Self,Self,,Online,remote,backup_used,Review food log and adjust macro targets,"Prepare recent logs, wearable data, questions, and any relevant lab results.","protein_g, fiber_g, weight_trend",Use the earliest remote or in-person follow-up slot and share logs asynchronously.,Primary activity unavailable. Used backup: Remote Check-in.
2026-08-16,10:30,11:00,ACT090,Remote Check-in,Physiotherapy Review #090,Consultation,90,1,month,30,Self,Self,,Online,remote,backup_used,Assess mobility limitation and exercise form,"Prepare recent logs, wearable data, questions, and any relevant lab results.","pain_score, range_of_motion, exercise_tolerance",Use the earliest remote or in-person follow-up slot and share logs asynchronously.,Primary activity unavailable. Used backup: Remote Check-in.
2026-08-16,11:00,12:00,ACT005,Fitness Coaching Check-in #005,Fitness Coaching Check-in #005,Consultation,5,1,month,60,Fitness Trainer 1,Fitness Trainer,,Online,remote,scheduled,"Review training load, soreness, and next progression","Prepare recent logs, wearable data, questions, and any relevant lab results.","training_load, soreness, adherence",Use the earliest remote or in-person follow-up slot and share logs asynchronously.,Primary activity scheduled.
2026-08-16,14:00,14:30,ACT020,Remote Check-in,Physician Follow-up #020,Consultation,20,1,month,30,Self,Self,,Online,remote,backup_used,Review biomarkers and medication tolerance,"Prepare recent logs, wearable data, questions, and any relevant lab results.","blood_markers, symptoms, adherence",Use the earliest remote or in-person follow-up slot and share logs asynchronously.,Primary activity unavailable. Used backup: Remote Check-in.
2026-08-16,14:30,15:00,ACT035,Remote Check-in,Dietitian Consultation #035,Consultation,35,1,month,30,Self,Self,,Online,remote,backup_used,Review food log and adjust macro targets,"Prepare recent logs, wearable data, questions, and any relevant lab results.","protein_g, fiber_g, weight_trend",Use the earliest remote or in-person follow-up slot and share logs asynchronously.,Primary activity unavailable. Used backup: Remote Check-in.
2026-08-16,15:00,15:30,ACT045,Remote Check-in,Physician Follow-up #045,Consultation,45,1,month,30,Self,Self,,Online,remote,backup_used,Review biomarkers and medication tolerance,"Prepare recent logs, wearable data, questions, and any relevant lab results.","blood_markers, symptoms, adherence",Use the earliest remote or in-person follow-up slot and share logs asynchronously.,Primary activity unavailable. Used backup: Remote Check-in.
2026-08-16,15:30,16:00,ACT060,Remote Check-in,Dietitian Consultation #060,Consultation,60,1,month,30,Self,Self,,Online,remote,backup_used,Review food log and adjust macro targets,"Prepare recent logs, wearable data, questions, and any relevant lab results.","protein_g, fiber_g, weight_trend",Use the earliest remote or in-person follow-up slot and share logs asynchronously.,Primary activity unavailable. Used backup: Remote Check-in.
2026-08-16,16:00,16:30,ACT065,Remote Check-in,Physiotherapy Review #065,Consultation,65,1,month,30,Self,Self,,Online,remote,backup_used,Assess mobility limitation and exercise form,"Prepare recent logs, wearable data, questions, and any relevant lab results.","pain_score, range_of_motion, exercise_tolerance",Use the earliest remote or in-person follow-up slot and share logs asynchronously.,Primary activity unavailable. Used backup: Remote Check-in.
2026-08-16,16:30,17:00,ACT070,Remote Check-in,Physician Follow-up #070,Consultation,70,1,month,30,Self,Self,,Online,remote,backup_used,Review biomarkers and medication tolerance,"Prepare recent logs, wearable data, questions, and any relevant lab results.","blood_markers, symptoms, adherence",Use the earliest remote or in-person follow-up slot and share logs asynchronously.,Primary activity unavailable. Used backup: Remote Check-in.
2026-08-16,17:00,17:15,ACT091,Brisk Walk,Eye Exercise #091,Fitness routine / exercise,91,2,week,15,Self,Self,,Online,remote,backup_used,Near-far focus drill and 20-20-20 visual breaks,"Wear appropriate training clothes, prepare water, and confirm recovery status.","duration, eye_strain_score",Reschedule within the same week if possible; otherwise reduce next session intensity by 10%.,Primary activity unavailable. Used backup: Brisk Walk.
2026-08-16,17:15,17:45,ACT095,Remote Check-in,Physician Follow-up #095,Consultation,95,1,month,30,Self,Self,,Online,remote,backup_used,Review biomarkers and medication tolerance,"Prepare recent logs, wearable data, questions, and any relevant lab results.","blood_markers, symptoms, adherence",Use the earliest remote or in-person follow-up slot and share logs asynchronously.,Primary activity unavailable. Used backup: Remote Check-in.
2026-08-16,17:45,18:00,ACT096,Brisk Walk,Brisk Walk #096,Fitness routine / exercise,96,2,week,15,Self,Self,,Online,remote,backup_used,Low-intensity walk after meals,"Wear appropriate training clothes, prepare water, and confirm recovery status.","steps, duration, glucose_response",Reschedule within the same week if possible; otherwise reduce next session intensity by 10%.,Primary activity unavailable. Used backup: Brisk Walk.
2026-08-16,18:00,18:30,ACT100,Remote Check-in,Sleep Coaching Session #100,Consultation,100,1,month,30,Self,Self,,Online,remote,backup_used,"Review sleep timing, routine, and wearable trends","Prepare recent logs, wearable data, questions, and any relevant lab results.","sleep_duration, sleep_efficiency, HRV",Use the earliest remote or in-person follow-up slot and share logs asynchronously.,Primary activity unavailable. Used backup: Remote Check-in.
2026-08-17,06:00,06:20,ACT002,High-Protein Breakfast #002,High-Protein Breakfast #002,Food consumption,2,2,week,20,Self,Self,,Online,remote,scheduled,Consume 30-40g protein within 2 hours of waking,Prepare or order the meal according to the assigned nutrition guideline.,"protein_g, calories, satiety_score",Return to the plan at the next meal and note the reason for deviation.,Primary activity scheduled.
2026-08-17,06:30,06:50,ACT012,Hydration Protocol #012,Hydration Protocol #012,Food consumption,12,2,week,20,Self,Self,,Online,remote,scheduled,Drink 500ml water with electrolytes,Prepare or order the meal according to the assigned nutrition guideline.,"water_ml, electrolyte_serving",Return to the plan at the next meal and note the reason for deviation.,Primary activity scheduled.
2026-08-17,07:00,07:20,ACT047,Fermented Food Serving #047,Fermented Food Serving #047,Food consumption,47,2,week,20,Self,Self,,Online,remote,scheduled,"Add yogurt, kimchi, kefir, or sauerkraut",Prepare or order the meal according to the assigned nutrition guideline.,"serving_size, GI_comfort_score",Return to the plan at the next meal and note the reason for deviation.,Primary activity scheduled.
2026-08-17,07:30,07:45,ACT048,Blood Pressure Reading #048,Blood Pressure Reading #048,Medication consumption,48,2,week,15,Self,Self,Blood Pressure Cuff,Online,remote,scheduled,Measure seated blood pressure after 5 minutes rest,"Confirm dose, timing, and any meal requirement before taking it.","systolic, diastolic, resting_hr",Follow clinician-approved missed-dose guidance and log the missed dose.,Primary activity scheduled.
2026-08-17,07:45,08:00,ACT053,Omega-3 Supplement #053,Omega-3 Supplement #053,Medication consumption,53,2,week,15,Self,Self,,Online,remote,scheduled,Take after meal to improve tolerance,"Confirm dose, timing, and any meal requirement before taking it.","dose_mg, adherence",Follow clinician-approved missed-dose guidance and log the missed dose.,Primary activity scheduled.
2026-08-17,08:00,08:30,ACT056,Brisk Walk,Strength Training #056,Fitness routine / exercise,56,2,week,30,Self,Self,,Online,remote,backup_used,Full-body resistance session with controlled tempo,"Wear appropriate training clothes, prepare water, and confirm recovery status.","sets, reps, load, RPE",Reschedule within the same week if possible; otherwise reduce next session intensity by 10%.,Primary activity unavailable. Used backup: Brisk Walk.
2026-08-17,08:30,09:00,ACT061,Brisk Walk,Mobility Flow #061,Fitness routine / exercise,61,2,week,30,Self,Self,,Online,remote,backup_used,"Hip, ankle, thoracic spine, and shoulder mobility","Wear appropriate training clothes, prepare water, and confirm recovery status.","duration, pain_score, range_of_motion",Reschedule within the same week if possible; otherwise reduce next session intensity by 10%.,Primary activity unavailable. Used backup: Brisk Walk.
2026-08-17,09:00,09:30,ACT062,Hydration Protocol #062,Hydration Protocol #062,Food consumption,62,2,week,30,Self,Self,,Online,remote,scheduled,Drink 500ml water with electrolytes,Prepare or order the meal according to the assigned nutrition guideline.,"water_ml, electrolyte_serving",Return to the plan at the next meal and note the reason for deviation.,Primary activity scheduled.
2026-08-17,09:30,09:45,ACT071,Brisk Walk,Brisk Walk #071,Fitness routine / exercise,71,2,week,15,Self,Self,,Online,remote,backup_used,Low-intensity walk after meals,"Wear appropriate training clothes, prepare water, and confirm recovery status.","steps, duration, glucose_response",Reschedule within the same week if possible; otherwise reduce next session intensity by 10%.,Primary activity unavailable. Used backup: Brisk Walk.
2026-08-17,09:45,09:55,ACT078,Omega-3 Supplement #078,Omega-3 Supplement #078,Medication consumption,78,2,week,10,Self,Self,,Online,remote,scheduled,Take after meal to improve tolerance,"Confirm dose, timing, and any meal requirement before taking it.","dose_mg, adherence",Follow clinician-approved missed-dose guidance and log the missed dose.,Primary activity scheduled.
2026-08-17,12:00,12:30,ACT010,Dietitian Consultation #010,Dietitian Consultation #010,Consultation,10,1,month,30,Dietitian 1,Dietitian,,Online,remote,scheduled,Review food log and adjust macro targets,"Prepare recent logs, wearable data, questions, and any relevant lab results.","protein_g, fiber_g, weight_trend",Use the earliest remote or in-person follow-up slot and share logs asynchronously.,Primary activity scheduled.
2026-08-17,12:30,13:00,ACT032,Mediterranean Lunch #032,Mediterranean Lunch #032,Food consumption,32,2,week,30,Self,Self,,Online,remote,scheduled,"Vegetables, lean protein, olive oil, and whole grains",Prepare or order the meal according to the assigned nutrition guideline.,"calories, fiber_g, protein_g",Return to the plan at the next meal and note the reason for deviation.,Primary activity scheduled.
2026-08-17,13:00,13:20,ACT057,Mediterranean Lunch #057,Mediterranean Lunch #057,Food consumption,57,2,week,20,Self,Self,,Online,remote,scheduled,"Vegetables, lean protein, olive oil, and whole grains",Prepare or order the meal according to the assigned nutrition guideline.,"calories, fiber_g, protein_g",Return to the plan at the next meal and note the reason for deviation.,Primary activity scheduled.
2026-08-17,17:00,17:15,ACT063,Magnesium Glycinate #063,Magnesium Glycinate #063,Medication consumption,63,2,week,15,Self,Self,,Online,remote,scheduled,Take 60 minutes before bedtime,"Confirm dose, timing, and any meal requirement before taking it.","dose_mg, sleep_quality, adherence",Follow clinician-approved missed-dose guidance and log the missed dose.,Primary activity scheduled.
2026-08-17,17:15,18:00,ACT067,Low-Glycemic Dinner #067,Low-Glycemic Dinner #067,Food consumption,67,2,week,45,Self,Self,,Online,remote,scheduled,Control evening carbohydrate load,Prepare or order the meal according to the assigned nutrition guideline.,"carbs_g, glucose_response, sleep_quality",Return to the plan at the next meal and note the reason for deviation.,Primary activity scheduled.
2026-08-17,18:00,18:30,ACT025,Sleep Coaching Session #025,Sleep Coaching Session #025,Consultation,25,1,month,30,Sleep Specialist 4,Sleep Specialist,,Online,remote,scheduled,"Review sleep timing, routine, and wearable trends","Prepare recent logs, wearable data, questions, and any relevant lab results.","sleep_duration, sleep_efficiency, HRV",Use the earliest remote or in-person follow-up slot and share logs asynchronously.,Primary activity scheduled.
2026-08-17,18:30,19:15,ACT050,Sleep Coaching Session #050,Sleep Coaching Session #050,Consultation,50,1,month,45,Sleep Specialist 4,Sleep Specialist,,Online,remote,scheduled,"Review sleep timing, routine, and wearable trends","Prepare recent logs, wearable data, questions, and any relevant lab results.","sleep_duration, sleep_efficiency, HRV",Use the earliest remote or in-person follow-up slot and share logs asynchronously.,Primary activity scheduled.
2026-08-17,19:15,20:00,ACT072,Fermented Food Serving #072,Fermented Food Serving #072,Food consumption,72,2,week,45,Self,Self,,Online,remote,scheduled,"Add yogurt, kimchi, kefir, or sauerkraut",Prepare or order the meal according to the assigned nutrition guideline.,"serving_size, GI_comfort_score",Return to the plan at the next meal and note the reason for deviation.,Primary activity scheduled.
2026-08-17,20:00,21:00,ACT075,Sleep Coaching Session #075,Sleep Coaching Session #075,Consultation,75,1,month,60,Sleep Specialist 4,Sleep Specialist,,Online,remote,scheduled,"Review sleep timing, routine, and wearable trends","Prepare recent logs, wearable data, questions, and any relevant lab results.","sleep_duration, sleep_efficiency, HRV",Use the earliest remote or in-person follow-up slot and share logs asynchronously.,Primary activity scheduled.
2026-08-18,06:00,06:20,ACT002,High-Protein Breakfast #002,High-Protein Breakfast #002,Food consumption,2,1,week,20,Self,Self,,Online,remote,scheduled,Consume 30-40g protein within 2 hours of waking,Prepare or order the meal according to the assigned nutrition guideline.,"protein_g, calories, satiety_score",Return to the plan at the next meal and note the reason for deviation.,Primary activity scheduled.
2026-08-18,06:30,06:50,ACT012,Hydration Protocol #012,Hydration Protocol #012,Food consumption,12,1,week,20,Self,Self,,Online,remote,scheduled,Drink 500ml water with electrolytes,Prepare or order the meal according to the assigned nutrition guideline.,"water_ml, electrolyte_serving",Return to the plan at the next meal and note the reason for deviation.,Primary activity scheduled.
2026-08-18,07:00,07:20,ACT047,Fermented Food Serving #047,Fermented Food Serving #047,Food consumption,47,1,week,20,Self,Self,,Online,remote,scheduled,"Add yogurt, kimchi, kefir, or sauerkraut",Prepare or order the meal according to the assigned nutrition guideline.,"serving_size, GI_comfort_score",Return to the plan at the next meal and note the reason for deviation.,Primary activity scheduled.
2026-08-18,07:30,07:45,ACT048,Blood Pressure Reading #048,Blood Pressure Reading #048,Medication consumption,48,1,week,15,Self,Self,Blood Pressure Cuff,Online,remote,scheduled,Measure seated blood pressure after 5 minutes rest,"Confirm dose, timing, and any meal requirement before taking it.","systolic, diastolic, resting_hr",Follow clinician-approved missed-dose guidance and log the missed dose.,Primary activity scheduled.
2026-08-18,07:45,08:00,ACT053,Omega-3 Supplement #053,Omega-3 Supplement #053,Medication consumption,53,1,week,15,Self,Self,,Online,remote,scheduled,Take after meal to improve tolerance,"Confirm dose, timing, and any meal requirement before taking it.","dose_mg, adherence",Follow clinician-approved missed-dose guidance and log the missed dose.,Primary activity scheduled.
2026-08-18,08:00,08:30,ACT056,Brisk Walk,Strength Training #056,Fitness routine / exercise,56,1,week,30,Self,Self,,Online,remote,backup_used,Full-body resistance session with controlled tempo,"Wear appropriate training clothes, prepare water, and confirm recovery status.","sets, reps, load, RPE",Reschedule within the same week if possible; otherwise reduce next session intensity by 10%.,Primary activity unavailable. Used backup: Brisk Walk.
2026-08-18,08:30,09:00,ACT061,Brisk Walk,Mobility Flow #061,Fitness routine / exercise,61,1,week,30,Self,Self,,Online,remote,backup_used,"Hip, ankle, thoracic spine, and shoulder mobility","Wear appropriate training clothes, prepare water, and confirm recovery status.","duration, pain_score, range_of_motion",Reschedule within the same week if possible; otherwise reduce next session intensity by 10%.,Primary activity unavailable. Used backup: Brisk Walk.
2026-08-18,09:00,09:30,ACT062,Hydration Protocol #062,Hydration Protocol #062,Food consumption,62,1,week,30,Self,Self,,Online,remote,scheduled,Drink 500ml water with electrolytes,Prepare or order the meal according to the assigned nutrition guideline.,"water_ml, electrolyte_serving",Return to the plan at the next meal and note the reason for deviation.,Primary activity scheduled.
2026-08-18,09:30,09:45,ACT071,Brisk Walk,Brisk Walk #071,Fitness routine / exercise,71,1,week,15,Self,Self,,Online,remote,backup_used,Low-intensity walk after meals,"Wear appropriate training clothes, prepare water, and confirm recovery status.","steps, duration, glucose_response",Reschedule within the same week if possible; otherwise reduce next session intensity by 10%.,Primary activity unavailable. Used backup: Brisk Walk.
2026-08-18,09:45,09:55,ACT078,Omega-3 Supplement #078,Omega-3 Supplement #078,Medication consumption,78,1,week,10,Self,Self,,Online,remote,scheduled,Take after meal to improve tolerance,"Confirm dose, timing, and any meal requirement before taking it.","dose_mg, adherence",Follow clinician-approved missed-dose guidance and log the missed dose.,Primary activity scheduled.
2026-08-18,12:00,12:30,ACT032,Mediterranean Lunch #032,Mediterranean Lunch #032,Food consumption,32,1,week,30,Self,Self,,Online,remote,scheduled,"Vegetables, lean protein, olive oil, and whole grains",Prepare or order the meal according to the assigned nutrition guideline.,"calories, fiber_g, protein_g",Return to the plan at the next meal and note the reason for deviation.,Primary activity scheduled.
2026-08-18,12:30,12:50,ACT057,Mediterranean Lunch #057,Mediterranean Lunch #057,Food consumption,57,1,week,20,Self,Self,,Online,remote,scheduled,"Vegetables, lean protein, olive oil, and whole grains",Prepare or order the meal according to the assigned nutrition guideline.,"calories, fiber_g, protein_g",Return to the plan at the next meal and note the reason for deviation.,Primary activity scheduled.
2026-08-18,13:00,13:15,ACT096,Brisk Walk,Brisk Walk #096,Fitness routine / exercise,96,1,week,15,Self,Self,,Online,remote,backup_used,Low-intensity walk after meals,"Wear appropriate training clothes, prepare water, and confirm recovery status.","steps, duration, glucose_response",Reschedule within the same week if possible; otherwise reduce next session intensity by 10%.,Primary activity unavailable. Used backup: Brisk Walk.
2026-08-18,17:00,17:30,ACT015,Physiotherapy Review #015,Physiotherapy Review #015,Consultation,15,1,month,30,Physiotherapist 2,Physiotherapist,Yoga Mat,Online,remote,scheduled,Assess mobility limitation and exercise form,"Prepare recent logs, wearable data, questions, and any relevant lab results.","pain_score, range_of_motion, exercise_tolerance",Use the earliest remote or in-person follow-up slot and share logs asynchronously.,Primary activity scheduled.
2026-08-18,17:30,18:30,ACT040,Physiotherapy Review #040,Physiotherapy Review #040,Consultation,40,1,month,60,Physiotherapist 2,Physiotherapist,Yoga Mat,Online,remote,scheduled,Assess mobility limitation and exercise form,"Prepare recent logs, wearable data, questions, and any relevant lab results.","pain_score, range_of_motion, exercise_tolerance",Use the earliest remote or in-person follow-up slot and share logs asynchronously.,Primary activity scheduled.
2026-08-18,18:30,18:45,ACT063,Magnesium Glycinate #063,Magnesium Glycinate #063,Medication consumption,63,1,week,15,Self,Self,,Online,remote,scheduled,Take 60 minutes before bedtime,"Confirm dose, timing, and any meal requirement before taking it.","dose_mg, sleep_quality, adherence",Follow clinician-approved missed-dose guidance and log the missed dose.,Primary activity scheduled.
2026-08-18,18:45,19:30,ACT067,Low-Glycemic Dinner #067,Low-Glycemic Dinner #067,Food consumption,67,1,week,45,Self,Self,,Online,remote,scheduled,Control evening carbohydrate load,Prepare or order the meal according to the assigned nutrition guideline.,"carbs_g, glucose_response, sleep_quality",Return to the plan at the next meal and note the reason for deviation.,Primary activity scheduled.
2026-08-18,19:30,20:15,ACT072,Fermented Food Serving #072,Fermented Food Serving #072,Food consumption,72,1,week,45,Self,Self,,Online,remote,scheduled,"Add yogurt, kimchi, kefir, or sauerkraut",Prepare or order the meal according to the assigned nutrition guideline.,"serving_size, GI_comfort_score",Return to the plan at the next meal and note the reason for deviation.,Primary activity scheduled.
2026-08-18,20:15,20:30,ACT091,Brisk Walk,Eye Exercise #091,Fitness routine / exercise,91,1,week,15,Self,Self,,Online,remote,backup_used,Near-far focus drill and 20-20-20 visual breaks,"Wear appropriate training clothes, prepare water, and confirm recovery status.","duration, eye_strain_score",Reschedule within the same week if possible; otherwise reduce next session intensity by 10%.,Primary activity unavailable. Used backup: Brisk Walk.
2026-08-19,06:00,07:00,ACT031,Strength Training #031,Strength Training #031,Fitness routine / exercise,31,2,week,60,Fitness Trainer 1,Fitness Trainer,"Dumbbells, Resistance Bands",Gym,in_person,scheduled,Full-body resistance session with controlled tempo,"Wear appropriate training clothes, prepare water, and confirm recovery status.","sets, reps, load, RPE",Reschedule within the same week if possible; otherwise reduce next session intensity by 10%.,Primary activity scheduled.
2026-08-19,07:00,08:00,ACT031,Strength Training #031,Strength Training #031,Fitness routine / exercise,31,1,week,60,Fitness Trainer 1,Fitness Trainer,"Dumbbells, Resistance Bands",Gym,in_person,scheduled,Full-body resistance session with controlled tempo,"Wear appropriate training clothes, prepare water, and confirm recovery status.","sets, reps, load, RPE",Reschedule within the same week if possible; otherwise reduce next session intensity by 10%.,Primary activity scheduled.
2026-08-19,08:00,09:00,ACT051,Zone 2 Run #051,Zone 2 Run #051,Fitness routine / exercise,51,1,week,60,Fitness Trainer 1,Fitness Trainer,Treadmill,Park,in_person,scheduled,Maintain heart rate between 120-140 bpm,"Wear appropriate training clothes, prepare water, and confirm recovery status.","heart_rate, duration, perceived_exertion",Reschedule within the same week if possible; otherwise reduce next session intensity by 10%.,Primary activity scheduled.
2026-08-19,17:00,17:15,ACT011,Mobility Flow #011,Mobility Flow #011,Fitness routine / exercise,11,2,week,15,Fitness Trainer 1,Fitness Trainer,Yoga Mat,Home,in_person,scheduled,"Hip, ankle, thoracic spine, and shoulder mobility","Wear appropriate training clothes, prepare water, and confirm recovery status.","duration, pain_score, range_of_motion",Reschedule within the same week if possible; otherwise reduce next session intensity by 10%.,Primary activity scheduled.
2026-08-19,17:15,17:30,ACT011,Mobility Flow #011,Mobility Flow #011,Fitness routine / exercise,11,1,week,15,Fitness Trainer 1,Fitness Trainer,Yoga Mat,Home,in_person,scheduled,"Hip, ankle, thoracic spine, and shoulder mobility","Wear appropriate training clothes, prepare water, and confirm recovery status.","duration, pain_score, range_of_motion",Reschedule within the same week if possible; otherwise reduce next session intensity by 10%.,Primary activity scheduled.
2026-08-19,17:30,18:00,ACT044,Guided Meditation #044,Guided Meditation #044,Therapy,44,1,week,30,Health Coach 3,Health Coach,,Home,in_person,scheduled,Mindfulness session with body scan,Confirm facility availability and avoid heavy meals immediately before the session.,"duration, mood_score, sleep_quality",Replace with breathwork or recovery stretch and avoid stacking intense recovery sessions next day.,Primary activity scheduled.
2026-08-19,18:00,18:45,ACT049,Recovery Stretch #049,Recovery Stretch #049,Therapy,49,1,week,45,Health Coach 3,Health Coach,Yoga Mat,Home,in_person,scheduled,Parasympathetic evening stretch routine,Confirm facility availability and avoid heavy meals immediately before the session.,"duration, muscle_tightness_score",Replace with breathwork or recovery stretch and avoid stacking intense recovery sessions next day.,Primary activity scheduled.
2026-08-19,18:45,19:30,ACT054,Sauna Session #054,Sauna Session #054,Therapy,54,1,week,45,Health Coach 3,Health Coach,Sauna,Wellness Center,in_person,scheduled,15-20 minutes moderate heat exposure,Confirm facility availability and avoid heavy meals immediately before the session.,"duration, temperature, recovery_score",Replace with breathwork or recovery stretch and avoid stacking intense recovery sessions next day.,Primary activity scheduled.
2026-08-19,19:30,20:00,ACT069,Guided Meditation #069,Guided Meditation #069,Therapy,69,1,week,30,Health Coach 3,Health Coach,,Home,in_person,scheduled,Mindfulness session with body scan,Confirm facility availability and avoid heavy meals immediately before the session.,"duration, mood_score, sleep_quality",Replace with breathwork or recovery stretch and avoid stacking intense recovery sessions next day.,Primary activity scheduled.
2026-08-20,06:00,06:10,ACT058,Vitamin D3 #058,Vitamin D3 #058,Medication consumption,58,1,week,10,Self,Self,,Home,in_person,scheduled,Take with fat-containing meal,"Confirm dose, timing, and any meal requirement before taking it.","dose_IU, adherence",Follow clinician-approved missed-dose guidance and log the missed dose.,Primary activity scheduled.
2026-08-20,06:15,06:25,ACT073,Blood Pressure Reading #073,Blood Pressure Reading #073,Medication consumption,73,1,week,10,Self,Self,Blood Pressure Cuff,Home,in_person,scheduled,Measure seated blood pressure after 5 minutes rest,"Confirm dose, timing, and any meal requirement before taking it.","systolic, diastolic, resting_hr",Follow clinician-approved missed-dose guidance and log the missed dose.,Primary activity scheduled.
2026-08-20,06:30,06:45,ACT093,Glucose Monitor Check #093,Glucose Monitor Check #093,Medication consumption,93,1,week,15,Self,Self,Glucose Meter,Home,in_person,scheduled,Record fasting glucose and notes,"Confirm dose, timing, and any meal requirement before taking it.","glucose_mg_dL, fasting_hours",Follow clinician-approved missed-dose guidance and log the missed dose.,Primary activity scheduled.
2026-08-20,06:45,06:55,ACT098,Blood Pressure Reading #098,Blood Pressure Reading #098,Medication consumption,98,1,week,10,Self,Self,Blood Pressure Cuff,Home,in_person,scheduled,Measure seated blood pressure after 5 minutes rest,"Confirm dose, timing, and any meal requirement before taking it.","systolic, diastolic, resting_hr",Follow clinician-approved missed-dose guidance and log the missed dose.,Primary activity scheduled.
2026-08-20,07:00,07:45,ACT059,Cold Plunge #059,Cold Plunge #059,Therapy,59,1,week,45,Self,Self,Cold Plunge,Wellness Center,in_person,scheduled,2-3 minutes controlled cold exposure,Confirm facility availability and avoid heavy meals immediately before the session.,"duration, temperature, stress_score",Replace with breathwork or recovery stretch and avoid stacking intense recovery sessions next day.,Primary activity scheduled.
2026-08-20,07:45,08:30,ACT077,High-Protein Breakfast #077,High-Protein Breakfast #077,Food consumption,77,1,week,45,Self,Self,,Home,in_person,scheduled,Consume 30-40g protein within 2 hours of waking,Prepare or order the meal according to the assigned nutrition guideline.,"protein_g, calories, satiety_score",Return to the plan at the next meal and note the reason for deviation.,Primary activity scheduled.
2026-08-20,08:30,09:15,ACT084,Cold Plunge #084,Cold Plunge #084,Therapy,84,1,week,45,Self,Self,Cold Plunge,Wellness Center,in_person,scheduled,2-3 minutes controlled cold exposure,Confirm facility availability and avoid heavy meals immediately before the session.,"duration, temperature, stress_score",Replace with breathwork or recovery stretch and avoid stacking intense recovery sessions next day.,Primary activity scheduled.
2026-08-20,09:15,10:00,ACT087,Hydration Protocol #087,Hydration Protocol #087,Food consumption,87,1,week,45,Self,Self,,Home,in_person,scheduled,Drink 500ml water with electrolytes,Prepare or order the meal according to the assigned nutrition guideline.,"water_ml, electrolyte_serving",Return to the plan at the next meal and note the reason for deviation.,Primary activity scheduled.
2026-08-20,12:00,12:20,ACT082,Mediterranean Lunch #082,Mediterranean Lunch #082,Food consumption,82,1,week,20,Self,Self,,Home,in_person,scheduled,"Vegetables, lean protein, olive oil, and whole grains",Prepare or order the meal according to the assigned nutrition guideline.,"calories, fiber_g, protein_g",Return to the plan at the next meal and note the reason for deviation.,Primary activity scheduled.
2026-08-20,12:30,12:50,ACT097,Fermented Food Serving #097,Fermented Food Serving #097,Food consumption,97,1,week,20,Self,Self,,Home,in_person,scheduled,"Add yogurt, kimchi, kefir, or sauerkraut",Prepare or order the meal according to the assigned nutrition guideline.,"serving_size, GI_comfort_score",Return to the plan at the next meal and note the reason for deviation.,Primary activity scheduled.
2026-08-20,17:00,17:45,ACT019,Guided Meditation #019,Guided Meditation #019,Therapy,19,1,week,45,Health Coach 3,Health Coach,,Home,in_person,scheduled,Mindfulness session with body scan,Confirm facility availability and avoid heavy meals immediately before the session.,"duration, mood_score, sleep_quality",Replace with breathwork or recovery stretch and avoid stacking intense recovery sessions next day.,Primary activity scheduled.
2026-08-20,17:45,18:30,ACT024,Recovery Stretch #024,Recovery Stretch #024,Therapy,24,1,week,45,Health Coach 3,Health Coach,Yoga Mat,Home,in_person,scheduled,Parasympathetic evening stretch routine,Confirm facility availability and avoid heavy meals immediately before the session.,"duration, muscle_tightness_score",Replace with breathwork or recovery stretch and avoid stacking intense recovery sessions next day.,Primary activity scheduled.
2026-08-20,18:30,19:15,ACT036,Mobility Flow #036,Mobility Flow #036,Fitness routine / exercise,36,1,week,45,Fitness Trainer 1,Fitness Trainer,Yoga Mat,Home,in_person,scheduled,"Hip, ankle, thoracic spine, and shoulder mobility","Wear appropriate training clothes, prepare water, and confirm recovery status.","duration, pain_score, range_of_motion",Reschedule within the same week if possible; otherwise reduce next session intensity by 10%.,Primary activity scheduled.
2026-08-20,19:15,20:00,ACT039,Breathwork #039,Breathwork #039,Therapy,39,1,week,45,Health Coach 3,Health Coach,,Home,in_person,scheduled,Box breathing or physiological sigh protocol,Confirm facility availability and avoid heavy meals immediately before the session.,"duration, stress_score, HRV",Replace with breathwork or recovery stretch and avoid stacking intense recovery sessions next day.,Primary activity scheduled.
2026-08-20,20:00,20:20,ACT042,Low-Glycemic Dinner #042,Low-Glycemic Dinner #042,Food consumption,42,1,week,20,Self,Self,,Home,in_person,scheduled,Control evening carbohydrate load,Prepare or order the meal according to the assigned nutrition guideline.,"carbs_g, glucose_response, sleep_quality",Return to the plan at the next meal and note the reason for deviation.,Primary activity scheduled.
2026-08-20,20:30,21:00,ACT074,Breathwork,Recovery Stretch #074,Therapy,74,1,week,30,Self,Self,,Home,in_person,backup_used,Parasympathetic evening stretch routine,Confirm facility availability and avoid heavy meals immediately before the session.,"duration, muscle_tightness_score",Replace with breathwork or recovery stretch and avoid stacking intense recovery sessions next day.,Primary activity unavailable. Used backup: Breathwork.
2026-08-21,06:00,06:10,ACT003,Omega-3 Supplement #003,Omega-3 Supplement #003,Medication consumption,3,1,week,10,Self,Self,,Home,in_person,scheduled,Take after meal to improve tolerance,"Confirm dose, timing, and any meal requirement before taking it.","dose_mg, adherence",Follow clinician-approved missed-dose guidance and log the missed dose.,Primary activity scheduled.
2026-08-21,06:15,07:15,ACT006,Strength Training #006,Strength Training #006,Fitness routine / exercise,6,1,week,60,Fitness Trainer 1,Fitness Trainer,"Dumbbells, Resistance Bands",Gym,in_person,scheduled,Full-body resistance session with controlled tempo,"Wear appropriate training clothes, prepare water, and confirm recovery status.","sets, reps, load, RPE",Reschedule within the same week if possible; otherwise reduce next session intensity by 10%.,Primary activity scheduled.
2026-08-21,07:15,07:25,ACT008,Vitamin D3 #008,Vitamin D3 #008,Medication consumption,8,1,week,10,Self,Self,,Home,in_person,scheduled,Take with fat-containing meal,"Confirm dose, timing, and any meal requirement before taking it.","dose_IU, adherence",Follow clinician-approved missed-dose guidance and log the missed dose.,Primary activity scheduled.
2026-08-21,07:30,08:00,ACT016,Eye Exercise #016,Eye Exercise #016,Fitness routine / exercise,16,1,week,30,Fitness Trainer 1,Fitness Trainer,,Home,in_person,scheduled,Near-far focus drill and 20-20-20 visual breaks,"Wear appropriate training clothes, prepare water, and confirm recovery status.","duration, eye_strain_score",Reschedule within the same week if possible; otherwise reduce next session intensity by 10%.,Primary activity scheduled.
2026-08-21,08:00,08:15,ACT018,Glucose Monitor Check #018,Glucose Monitor Check #018,Medication consumption,18,1,week,15,Self,Self,Glucose Meter,Home,in_person,scheduled,Record fasting glucose and notes,"Confirm dose, timing, and any meal requirement before taking it.","glucose_mg_dL, fasting_hours",Follow clinician-approved missed-dose guidance and log the missed dose.,Primary activity scheduled.
2026-08-21,08:15,09:00,ACT021,Brisk Walk #021,Brisk Walk #021,Fitness routine / exercise,21,1,week,45,Fitness Trainer 1,Fitness Trainer,,Park,in_person,scheduled,Low-intensity walk after meals,"Wear appropriate training clothes, prepare water, and confirm recovery status.","steps, duration, glucose_response",Reschedule within the same week if possible; otherwise reduce next session intensity by 10%.,Primary activity scheduled.
2026-08-21,09:00,09:30,ACT022,Fermented Food Serving #022,Fermented Food Serving #022,Food consumption,22,1,week,30,Self,Self,,Home,in_person,scheduled,"Add yogurt, kimchi, kefir, or sauerkraut",Prepare or order the meal according to the assigned nutrition guideline.,"serving_size, GI_comfort_score",Return to the plan at the next meal and note the reason for deviation.,Primary activity scheduled.
2026-08-21,09:30,09:45,ACT023,Blood Pressure Reading #023,Blood Pressure Reading #023,Medication consumption,23,1,week,15,Self,Self,Blood Pressure Cuff,Home,in_person,scheduled,Measure seated blood pressure after 5 minutes rest,"Confirm dose, timing, and any meal requirement before taking it.","systolic, diastolic, resting_hr",Follow clinician-approved missed-dose guidance and log the missed dose.,Primary activity scheduled.
2026-08-21,09:45,09:55,ACT028,Omega-3 Supplement #028,Omega-3 Supplement #028,Medication consumption,28,1,week,10,Self,Self,,Home,in_person,scheduled,Take after meal to improve tolerance,"Confirm dose, timing, and any meal requirement before taking it.","dose_mg, adherence",Follow clinician-approved missed-dose guidance and log the missed dose.,Primary activity scheduled.
2026-08-21,12:00,12:20,ACT007,Mediterranean Lunch #007,Mediterranean Lunch #007,Food consumption,7,1,week,20,Self,Self,,Home,in_person,scheduled,"Vegetables, lean protein, olive oil, and whole grains",Prepare or order the meal according to the assigned nutrition guideline.,"calories, fiber_g, protein_g",Return to the plan at the next meal and note the reason for deviation.,Primary activity scheduled.
2026-08-21,12:30,13:00,ACT027,High-Protein Breakfast #027,High-Protein Breakfast #027,Food consumption,27,1,week,30,Self,Self,,Home,in_person,scheduled,Consume 30-40g protein within 2 hours of waking,Prepare or order the meal according to the assigned nutrition guideline.,"protein_g, calories, satiety_score",Return to the plan at the next meal and note the reason for deviation.,Primary activity scheduled.
2026-08-21,13:00,13:15,ACT033,Vitamin D3 #033,Vitamin D3 #033,Medication consumption,33,1,week,15,Self,Self,,Home,in_person,scheduled,Take with fat-containing meal,"Confirm dose, timing, and any meal requirement before taking it.","dose_IU, adherence",Follow clinician-approved missed-dose guidance and log the missed dose.,Primary activity scheduled.
2026-08-21,13:15,13:30,ACT038,Magnesium Glycinate #038,Magnesium Glycinate #038,Medication consumption,38,1,week,15,Self,Self,,Home,in_person,scheduled,Take 60 minutes before bedtime,"Confirm dose, timing, and any meal requirement before taking it.","dose_mg, sleep_quality, adherence",Follow clinician-approved missed-dose guidance and log the missed dose.,Primary activity scheduled.
2026-08-21,17:00,17:45,ACT004,Sauna Session #004,Sauna Session #004,Therapy,4,1,week,45,Self,Self,Sauna,Wellness Center,in_person,scheduled,15-20 minutes moderate heat exposure,Confirm facility availability and avoid heavy meals immediately before the session.,"duration, temperature, recovery_score",Replace with breathwork or recovery stretch and avoid stacking intense recovery sessions next day.,Primary activity scheduled.
2026-08-21,17:45,18:30,ACT009,Cold Plunge #009,Cold Plunge #009,Therapy,9,1,week,45,Self,Self,Cold Plunge,Wellness Center,in_person,scheduled,2-3 minutes controlled cold exposure,Confirm facility availability and avoid heavy meals immediately before the session.,"duration, temperature, stress_score",Replace with breathwork or recovery stretch and avoid stacking intense recovery sessions next day.,Primary activity scheduled.
2026-08-21,18:30,18:45,ACT013,Magnesium Glycinate #013,Magnesium Glycinate #013,Medication consumption,13,1,week,15,Self,Self,,Home,in_person,scheduled,Take 60 minutes before bedtime,"Confirm dose, timing, and any meal requirement before taking it.","dose_mg, sleep_quality, adherence",Follow clinician-approved missed-dose guidance and log the missed dose.,Primary activity scheduled.
2026-08-21,18:45,19:15,ACT014,Breathwork #014,Breathwork #014,Therapy,14,1,week,30,Health Coach 3,Health Coach,,Home,in_person,scheduled,Box breathing or physiological sigh protocol,Confirm facility availability and avoid heavy meals immediately before the session.,"duration, stress_score, HRV",Replace with breathwork or recovery stretch and avoid stacking intense recovery sessions next day.,Primary activity scheduled.
2026-08-21,19:15,19:45,ACT017,Low-Glycemic Dinner #017,Low-Glycemic Dinner #017,Food consumption,17,1,week,30,Self,Self,,Home,in_person,scheduled,Control evening carbohydrate load,Prepare or order the meal according to the assigned nutrition guideline.,"carbs_g, glucose_response, sleep_quality",Return to the plan at the next meal and note the reason for deviation.,Primary activity scheduled.
2026-08-21,19:45,20:15,ACT029,Sauna Session #029,Sauna Session #029,Therapy,29,1,week,30,Self,Self,Sauna,Wellness Center,in_person,scheduled,15-20 minutes moderate heat exposure,Confirm facility availability and avoid heavy meals immediately before the session.,"duration, temperature, recovery_score",Replace with breathwork or recovery stretch and avoid stacking intense recovery sessions next day.,Primary activity scheduled.
2026-08-21,20:15,21:00,ACT034,Cold Plunge #034,Cold Plunge #034,Therapy,34,1,week,45,Self,Self,Cold Plunge,Wellness Center,in_person,scheduled,2-3 minutes controlled cold exposure,Confirm facility availability and avoid heavy meals immediately before the session.,"duration, temperature, stress_score",Replace with breathwork or recovery stretch and avoid stacking intense recovery sessions next day.,Primary activity scheduled.
2026-08-22,08:00,08:45,ACT001,Zone 2 Run #001,Zone 2 Run #001,Fitness routine / exercise,1,1,week,45,Fitness Trainer 1,Fitness Trainer,Treadmill,Park,in_person,scheduled,Maintain heart rate between 120-140 bpm,"Wear appropriate training clothes, prepare water, and confirm recovery status.","heart_rate, duration, perceived_exertion",Reschedule within the same week if possible; otherwise reduce next session intensity by 10%.,Primary activity scheduled.
2026-08-22,08:45,09:05,ACT037,Hydration Protocol #037,Hydration Protocol #037,Food consumption,37,1,week,20,Self,Self,,Home,in_person,scheduled,Drink 500ml water with electrolytes,Prepare or order the meal according to the assigned nutrition guideline.,"water_ml, electrolyte_serving",Return to the plan at the next meal and note the reason for deviation.,Primary activity scheduled.
2026-08-22,09:15,09:30,ACT043,Glucose Monitor Check #043,Glucose Monitor Check #043,Medication consumption,43,1,week,15,Self,Self,Glucose Meter,Home,in_person,scheduled,Record fasting glucose and notes,"Confirm dose, timing, and any meal requirement before taking it.","glucose_mg_dL, fasting_hours",Follow clinician-approved missed-dose guidance and log the missed dose.,Primary activity scheduled.
2026-08-22,09:30,10:15,ACT052,High-Protein Breakfast #052,High-Protein Breakfast #052,Food consumption,52,1,week,45,Self,Self,,Home,in_person,scheduled,Consume 30-40g protein within 2 hours of waking,Prepare or order the meal according to the assigned nutrition guideline.,"protein_g, calories, satiety_score",Return to the plan at the next meal and note the reason for deviation.,Primary activity scheduled.
2026-08-22,10:15,10:25,ACT068,Glucose Monitor Check #068,Glucose Monitor Check #068,Medication consumption,68,1,week,10,Self,Self,Glucose Meter,Home,in_person,scheduled,Record fasting glucose and notes,"Confirm dose, timing, and any meal requirement before taking it.","glucose_mg_dL, fasting_hours",Follow clinician-approved missed-dose guidance and log the missed dose.,Primary activity scheduled.
2026-08-22,10:30,11:00,ACT076,Brisk Walk,Zone 2 Run #076,Fitness routine / exercise,76,1,week,30,Self,Self,,Park,in_person,backup_used,Maintain heart rate between 120-140 bpm,"Wear appropriate training clothes, prepare water, and confirm recovery status.","heart_rate, duration, perceived_exertion",Reschedule within the same week if possible; otherwise reduce next session intensity by 10%.,Primary activity unavailable. Used backup: Brisk Walk.
2026-08-22,11:00,11:30,ACT081,Brisk Walk,Strength Training #081,Fitness routine / exercise,81,1,week,30,Self,Self,,Gym,in_person,backup_used,Full-body resistance session with controlled tempo,"Wear appropriate training clothes, prepare water, and confirm recovery status.","sets, reps, load, RPE",Reschedule within the same week if possible; otherwise reduce next session intensity by 10%.,Primary activity unavailable. Used backup: Brisk Walk.
2026-08-22,11:30,11:40,ACT083,Vitamin D3 #083,Vitamin D3 #083,Medication consumption,83,1,week,10,Self,Self,,Home,in_person,scheduled,Take with fat-containing meal,"Confirm dose, timing, and any meal requirement before taking it.","dose_IU, adherence",Follow clinician-approved missed-dose guidance and log the missed dose.,Primary activity scheduled.
2026-08-22,11:45,11:55,ACT088,Magnesium Glycinate #088,Magnesium Glycinate #088,Medication consumption,88,1,week,10,Self,Self,,Home,in_person,scheduled,Take 60 minutes before bedtime,"Confirm dose, timing, and any meal requirement before taking it.","dose_mg, sleep_quality, adherence",Follow clinician-approved missed-dose guidance and log the missed dose.,Primary activity scheduled.
2026-08-22,14:00,14:30,ACT064,Breathwork,Breathwork #064,Therapy,64,1,week,30,Self,Self,,Home,in_person,backup_used,Box breathing or physiological sigh protocol,Confirm facility availability and avoid heavy meals immediately before the session.,"duration, stress_score, HRV",Replace with breathwork or recovery stretch and avoid stacking intense recovery sessions next day.,Primary activity unavailable. Used backup: Breathwork.
2026-08-22,14:30,15:00,ACT079,Breathwork,Sauna Session #079,Therapy,79,1,week,30,Self,Self,,Wellness Center,in_person,backup_used,15-20 minutes moderate heat exposure,Confirm facility availability and avoid heavy meals immediately before the session.,"duration, temperature, recovery_score",Replace with breathwork or recovery stretch and avoid stacking intense recovery sessions next day.,Primary activity unavailable. Used backup: Breathwork.
2026-08-22,15:00,15:30,ACT089,Breathwork,Breathwork #089,Therapy,89,1,week,30,Self,Self,,Home,in_person,backup_used,Box breathing or physiological sigh protocol,Confirm facility availability and avoid heavy meals immediately before the session.,"duration, stress_score, HRV",Replace with breathwork or recovery stretch and avoid stacking intense recovery sessions next day.,Primary activity unavailable. Used backup: Breathwork.
2026-08-22,15:30,16:15,ACT092,Low-Glycemic Dinner #092,Low-Glycemic Dinner #092,Food consumption,92,1,week,45,Self,Self,,Home,in_person,scheduled,Control evening carbohydrate load,Prepare or order the meal according to the assigned nutrition guideline.,"carbs_g, glucose_response, sleep_quality",Return to the plan at the next meal and note the reason for deviation.,Primary activity scheduled.
2026-08-22,16:15,16:45,ACT094,Breathwork,Guided Meditation #094,Therapy,94,1,week,30,Self,Self,,Home,in_person,backup_used,Mindfulness session with body scan,Confirm facility availability and avoid heavy meals immediately before the session.,"duration, mood_score, sleep_quality",Replace with breathwork or recovery stretch and avoid stacking intense recovery sessions next day.,Primary activity unavailable. Used backup: Breathwork.
2026-08-22,17:00,17:45,ACT026,Zone 2 Run #026,Zone 2 Run #026,Fitness routine / exercise,26,1,week,45,Fitness Trainer 1,Fitness Trainer,Treadmill,Park,in_person,scheduled,Maintain heart rate between 120-140 bpm,"Wear appropriate training clothes, prepare water, and confirm recovery status.","heart_rate, duration, perceived_exertion",Reschedule within the same week if possible; otherwise reduce next session intensity by 10%.,Primary activity scheduled.
2026-08-22,17:45,18:30,ACT041,Eye Exercise #041,Eye Exercise #041,Fitness routine / exercise,41,1,week,45,Fitness Trainer 1,Fitness Trainer,,Home,in_person,scheduled,Near-far focus drill and 20-20-20 visual breaks,"Wear appropriate training clothes, prepare water, and confirm recovery status.","duration, eye_strain_score",Reschedule within the same week if possible; otherwise reduce next session intensity by 10%.,Primary activity scheduled.
2026-08-23,08:00,09:00,ACT031,Strength Training #031,Strength Training #031,Fitness routine / exercise,31,2,week,60,Fitness Trainer 1,Fitness Trainer,"Dumbbells, Resistance Bands",Gym,in_person,scheduled,Full-body resistance session with controlled tempo,"Wear appropriate training clothes, prepare water, and confirm recovery status.","sets, reps, load, RPE",Reschedule within the same week if possible; otherwise reduce next session intensity by 10%.,Primary activity scheduled.
2026-08-23,09:00,09:45,ACT046,Brisk Walk #046,Brisk Walk #046,Fitness routine / exercise,46,1,week,45,Fitness Trainer 1,Fitness Trainer,,Park,in_person,scheduled,Low-intensity walk after meals,"Wear appropriate training clothes, prepare water, and confirm recovery status.","steps, duration, glucose_response",Reschedule within the same week if possible; otherwise reduce next session intensity by 10%.,Primary activity scheduled.
2026-08-23,09:45,10:30,ACT056,Strength Training #056,Strength Training #056,Fitness routine / exercise,56,2,week,45,Fitness Trainer 1,Fitness Trainer,"Dumbbells, Resistance Bands",Gym,in_person,scheduled,Full-body resistance session with controlled tempo,"Wear appropriate training clothes, prepare water, and confirm recovery status.","sets, reps, load, RPE",Reschedule within the same week if possible; otherwise reduce next session intensity by 10%.,Primary activity scheduled.
2026-08-23,10:30,11:15,ACT066,Eye Exercise #066,Eye Exercise #066,Fitness routine / exercise,66,1,week,45,Fitness Trainer 1,Fitness Trainer,,Home,in_person,scheduled,Near-far focus drill and 20-20-20 visual breaks,"Wear appropriate training clothes, prepare water, and confirm recovery status.","duration, eye_strain_score",Reschedule within the same week if possible; otherwise reduce next session intensity by 10%.,Primary activity scheduled.
2026-08-23,11:15,12:00,ACT086,Mobility Flow #086,Mobility Flow #086,Fitness routine / exercise,86,1,week,45,Fitness Trainer 1,Fitness Trainer,Yoga Mat,Home,in_person,scheduled,"Hip, ankle, thoracic spine, and shoulder mobility","Wear appropriate training clothes, prepare water, and confirm recovery status.","duration, pain_score, range_of_motion",Reschedule within the same week if possible; otherwise reduce next session intensity by 10%.,Primary activity scheduled.
2026-08-23,17:00,17:45,ACT099,Recovery Stretch #099,Recovery Stretch #099,Therapy,99,1,week,45,Self,Self,Yoga Mat,Home,in_person,scheduled,Parasympathetic evening stretch routine,Confirm facility availability and avoid heavy meals immediately before the session.,"duration, muscle_tightness_score",Replace with breathwork or recovery stretch and avoid stacking intense recovery sessions next day.,Primary activity scheduled.
2026-08-24,06:00,06:20,ACT002,High-Protein Breakfast #002,High-Protein Breakfast #002,Food consumption,2,2,week,20,Self,Self,,Home,in_person,scheduled,Consume 30-40g protein within 2 hours of waking,Prepare or order the meal according to the assigned nutrition guideline.,"protein_g, calories, satiety_score",Return to the plan at the next meal and note the reason for deviation.,Primary activity scheduled.
2026-08-24,06:30,06:50,ACT012,Hydration Protocol #012,Hydration Protocol #012,Food consumption,12,2,week,20,Self,Self,,Home,in_person,scheduled,Drink 500ml water with electrolytes,Prepare or order the meal according to the assigned nutrition guideline.,"water_ml, electrolyte_serving",Return to the plan at the next meal and note the reason for deviation.,Primary activity scheduled.
2026-08-24,07:00,07:20,ACT047,Fermented Food Serving #047,Fermented Food Serving #047,Food consumption,47,2,week,20,Self,Self,,Home,in_person,scheduled,"Add yogurt, kimchi, kefir, or sauerkraut",Prepare or order the meal according to the assigned nutrition guideline.,"serving_size, GI_comfort_score",Return to the plan at the next meal and note the reason for deviation.,Primary activity scheduled.
2026-08-24,07:30,07:45,ACT048,Blood Pressure Reading #048,Blood Pressure Reading #048,Medication consumption,48,2,week,15,Self,Self,Blood Pressure Cuff,Home,in_person,scheduled,Measure seated blood pressure after 5 minutes rest,"Confirm dose, timing, and any meal requirement before taking it.","systolic, diastolic, resting_hr",Follow clinician-approved missed-dose guidance and log the missed dose.,Primary activity scheduled.
2026-08-24,07:45,08:00,ACT053,Omega-3 Supplement #053,Omega-3 Supplement #053,Medication consumption,53,2,week,15,Self,Self,,Home,in_person,scheduled,Take after meal to improve tolerance,"Confirm dose, timing, and any meal requirement before taking it.","dose_mg, adherence",Follow clinician-approved missed-dose guidance and log the missed dose.,Primary activity scheduled.
2026-08-24,08:00,08:45,ACT061,Mobility Flow #061,Mobility Flow #061,Fitness routine / exercise,61,2,week,45,Fitness Trainer 1,Fitness Trainer,Yoga Mat,Home,in_person,scheduled,"Hip, ankle, thoracic spine, and shoulder mobility","Wear appropriate training clothes, prepare water, and confirm recovery status.","duration, pain_score, range_of_motion",Reschedule within the same week if possible; otherwise reduce next session intensity by 10%.,Primary activity scheduled.
2026-08-24,08:45,09:15,ACT062,Hydration Protocol #062,Hydration Protocol #062,Food consumption,62,2,week,30,Self,Self,,Home,in_person,scheduled,Drink 500ml water with electrolytes,Prepare or order the meal according to the assigned nutrition guideline.,"water_ml, electrolyte_serving",Return to the plan at the next meal and note the reason for deviation.,Primary activity scheduled.
2026-08-24,09:15,10:00,ACT072,Fermented Food Serving #072,Fermented Food Serving #072,Food consumption,72,2,week,45,Self,Self,,Home,in_person,scheduled,"Add yogurt, kimchi, kefir, or sauerkraut",Prepare or order the meal according to the assigned nutrition guideline.,"serving_size, GI_comfort_score",Return to the plan at the next meal and note the reason for deviation.,Primary activity scheduled.
2026-08-24,12:00,12:30,ACT032,Mediterranean Lunch #032,Mediterranean Lunch #032,Food consumption,32,2,week,30,Self,Self,,Home,in_person,scheduled,"Vegetables, lean protein, olive oil, and whole grains",Prepare or order the meal according to the assigned nutrition guideline.,"calories, fiber_g, protein_g",Return to the plan at the next meal and note the reason for deviation.,Primary activity scheduled.
2026-08-24,12:30,12:50,ACT057,Mediterranean Lunch #057,Mediterranean Lunch #057,Food consumption,57,2,week,20,Self,Self,,Home,in_person,scheduled,"Vegetables, lean protein, olive oil, and whole grains",Prepare or order the meal according to the assigned nutrition guideline.,"calories, fiber_g, protein_g",Return to the plan at the next meal and note the reason for deviation.,Primary activity scheduled.
2026-08-24,13:00,13:10,ACT078,Omega-3 Supplement #078,Omega-3 Supplement #078,Medication consumption,78,2,week,10,Self,Self,,Home,in_person,scheduled,Take after meal to improve tolerance,"Confirm dose, timing, and any meal requirement before taking it.","dose_mg, adherence",Follow clinician-approved missed-dose guidance and log the missed dose.,Primary activity scheduled.
2026-08-24,17:00,17:15,ACT011,Mobility Flow #011,Mobility Flow #011,Fitness routine / exercise,11,2,week,15,Fitness Trainer 1,Fitness Trainer,Yoga Mat,Home,in_person,scheduled,"Hip, ankle, thoracic spine, and shoulder mobility","Wear appropriate training clothes, prepare water, and confirm recovery status.","duration, pain_score, range_of_motion",Reschedule within the same week if possible; otherwise reduce next session intensity by 10%.,Primary activity scheduled.
2026-08-24,17:15,17:30,ACT063,Magnesium Glycinate #063,Magnesium Glycinate #063,Medication consumption,63,2,week,15,Self,Self,,Home,in_person,scheduled,Take 60 minutes before bedtime,"Confirm dose, timing, and any meal requirement before taking it.","dose_mg, sleep_quality, adherence",Follow clinician-approved missed-dose guidance and log the missed dose.,Primary activity scheduled.
2026-08-24,17:30,18:15,ACT067,Low-Glycemic Dinner #067,Low-Glycemic Dinner #067,Food consumption,67,2,week,45,Self,Self,,Home,in_person,scheduled,Control evening carbohydrate load,Prepare or order the meal according to the assigned nutrition guideline.,"carbs_g, glucose_response, sleep_quality",Return to the plan at the next meal and note the reason for deviation.,Primary activity scheduled.
2026-08-24,18:15,18:30,ACT071,Brisk Walk #071,Brisk Walk #071,Fitness routine / exercise,71,2,week,15,Fitness Trainer 1,Fitness Trainer,,Park,in_person,scheduled,Low-intensity walk after meals,"Wear appropriate training clothes, prepare water, and confirm recovery status.","steps, duration, glucose_response",Reschedule within the same week if possible; otherwise reduce next session intensity by 10%.,Primary activity scheduled.
2026-08-24,18:30,18:45,ACT091,Eye Exercise #091,Eye Exercise #091,Fitness routine / exercise,91,2,week,15,Fitness Trainer 1,Fitness Trainer,,Home,in_person,scheduled,Near-far focus drill and 20-20-20 visual breaks,"Wear appropriate training clothes, prepare water, and confirm recovery status.","duration, eye_strain_score",Reschedule within the same week if possible; otherwise reduce next session intensity by 10%.,Primary activity scheduled.
2026-08-24,18:45,19:00,ACT096,Brisk Walk #096,Brisk Walk #096,Fitness routine / exercise,96,2,week,15,Fitness Trainer 1,Fitness Trainer,,Park,in_person,scheduled,Low-intensity walk after meals,"Wear appropriate training clothes, prepare water, and confirm recovery status.","steps, duration, glucose_response",Reschedule within the same week if possible; otherwise reduce next session intensity by 10%.,Primary activity scheduled.
2026-08-25,06:00,06:20,ACT002,High-Protein Breakfast #002,High-Protein Breakfast #002,Food consumption,2,1,week,20,Self,Self,,Home,in_person,scheduled,Consume 30-40g protein within 2 hours of waking,Prepare or order the meal according to the assigned nutrition guideline.,"protein_g, calories, satiety_score",Return to the plan at the next meal and note the reason for deviation.,Primary activity scheduled.
2026-08-25,06:30,06:50,ACT012,Hydration Protocol #012,Hydration Protocol #012,Food consumption,12,1,week,20,Self,Self,,Home,in_person,scheduled,Drink 500ml water with electrolytes,Prepare or order the meal according to the assigned nutrition guideline.,"water_ml, electrolyte_serving",Return to the plan at the next meal and note the reason for deviation.,Primary activity scheduled.
2026-08-25,07:00,08:00,ACT031,Strength Training #031,Strength Training #031,Fitness routine / exercise,31,1,week,60,Fitness Trainer 1,Fitness Trainer,"Dumbbells, Resistance Bands",Gym,in_person,scheduled,Full-body resistance session with controlled tempo,"Wear appropriate training clothes, prepare water, and confirm recovery status.","sets, reps, load, RPE",Reschedule within the same week if possible; otherwise reduce next session intensity by 10%.,Primary activity scheduled.
2026-08-25,08:00,08:20,ACT047,Fermented Food Serving #047,Fermented Food Serving #047,Food consumption,47,1,week,20,Self,Self,,Home,in_person,scheduled,"Add yogurt, kimchi, kefir, or sauerkraut",Prepare or order the meal according to the assigned nutrition guideline.,"serving_size, GI_comfort_score",Return to the plan at the next meal and note the reason for deviation.,Primary activity scheduled.
2026-08-25,08:30,08:45,ACT048,Blood Pressure Reading #048,Blood Pressure Reading #048,Medication consumption,48,1,week,15,Self,Self,Blood Pressure Cuff,Home,in_person,scheduled,Measure seated blood pressure after 5 minutes rest,"Confirm dose, timing, and any meal requirement before taking it.","systolic, diastolic, resting_hr",Follow clinician-approved missed-dose guidance and log the missed dose.,Primary activity scheduled.
2026-08-25,08:45,09:00,ACT053,Omega-3 Supplement #053,Omega-3 Supplement #053,Medication consumption,53,1,week,15,Self,Self,,Home,in_person,scheduled,Take after meal to improve tolerance,"Confirm dose, timing, and any meal requirement before taking it.","dose_mg, adherence",Follow clinician-approved missed-dose guidance and log the missed dose.,Primary activity scheduled.
2026-08-25,09:00,09:30,ACT062,Hydration Protocol #062,Hydration Protocol #062,Food consumption,62,1,week,30,Self,Self,,Home,in_person,scheduled,Drink 500ml water with electrolytes,Prepare or order the meal according to the assigned nutrition guideline.,"water_ml, electrolyte_serving",Return to the plan at the next meal and note the reason for deviation.,Primary activity scheduled.
2026-08-25,09:30,09:40,ACT078,Omega-3 Supplement #078,Omega-3 Supplement #078,Medication consumption,78,1,week,10,Self,Self,,Home,in_person,scheduled,Take after meal to improve tolerance,"Confirm dose, timing, and any meal requirement before taking it.","dose_mg, adherence",Follow clinician-approved missed-dose guidance and log the missed dose.,Primary activity scheduled.
2026-08-25,12:00,12:30,ACT032,Mediterranean Lunch #032,Mediterranean Lunch #032,Food consumption,32,1,week,30,Self,Self,,Home,in_person,scheduled,"Vegetables, lean protein, olive oil, and whole grains",Prepare or order the meal according to the assigned nutrition guideline.,"calories, fiber_g, protein_g",Return to the plan at the next meal and note the reason for deviation.,Primary activity scheduled.
2026-08-25,12:30,12:50,ACT057,Mediterranean Lunch #057,Mediterranean Lunch #057,Food consumption,57,1,week,20,Self,Self,,Home,in_person,scheduled,"Vegetables, lean protein, olive oil, and whole grains",Prepare or order the meal according to the assigned nutrition guideline.,"calories, fiber_g, protein_g",Return to the plan at the next meal and note the reason for deviation.,Primary activity scheduled.
2026-08-25,17:00,17:15,ACT011,Mobility Flow #011,Mobility Flow #011,Fitness routine / exercise,11,1,week,15,Fitness Trainer 1,Fitness Trainer,Yoga Mat,Home,in_person,scheduled,"Hip, ankle, thoracic spine, and shoulder mobility","Wear appropriate training clothes, prepare water, and confirm recovery status.","duration, pain_score, range_of_motion",Reschedule within the same week if possible; otherwise reduce next session intensity by 10%.,Primary activity scheduled.
2026-08-25,17:15,18:00,ACT056,Strength Training #056,Strength Training #056,Fitness routine / exercise,56,1,week,45,Fitness Trainer 1,Fitness Trainer,"Dumbbells, Resistance Bands",Gym,in_person,scheduled,Full-body resistance session with controlled tempo,"Wear appropriate training clothes, prepare water, and confirm recovery status.","sets, reps, load, RPE",Reschedule within the same week if possible; otherwise reduce next session intensity by 10%.,Primary activity scheduled.
2026-08-25,18:00,18:45,ACT061,Mobility Flow #061,Mobility Flow #061,Fitness routine / exercise,61,1,week,45,Fitness Trainer 1,Fitness Trainer,Yoga Mat,Home,in_person,scheduled,"Hip, ankle, thoracic spine, and shoulder mobility","Wear appropriate training clothes, prepare water, and confirm recovery status.","duration, pain_score, range_of_motion",Reschedule within the same week if possible; otherwise reduce next session intensity by 10%.,Primary activity scheduled.
2026-08-25,18:45,19:00,ACT063,Magnesium Glycinate #063,Magnesium Glycinate #063,Medication consumption,63,1,week,15,Self,Self,,Home,in_person,scheduled,Take 60 minutes before bedtime,"Confirm dose, timing, and any meal requirement before taking it.","dose_mg, sleep_quality, adherence",Follow clinician-approved missed-dose guidance and log the missed dose.,Primary activity scheduled.
2026-08-25,19:00,19:45,ACT067,Low-Glycemic Dinner #067,Low-Glycemic Dinner #067,Food consumption,67,1,week,45,Self,Self,,Home,in_person,scheduled,Control evening carbohydrate load,Prepare or order the meal according to the assigned nutrition guideline.,"carbs_g, glucose_response, sleep_quality",Return to the plan at the next meal and note the reason for deviation.,Primary activity scheduled.
2026-08-25,19:45,20:00,ACT071,Brisk Walk #071,Brisk Walk #071,Fitness routine / exercise,71,1,week,15,Fitness Trainer 1,Fitness Trainer,,Park,in_person,scheduled,Low-intensity walk after meals,"Wear appropriate training clothes, prepare water, and confirm recovery status.","steps, duration, glucose_response",Reschedule within the same week if possible; otherwise reduce next session intensity by 10%.,Primary activity scheduled.
2026-08-25,20:00,20:45,ACT072,Fermented Food Serving #072,Fermented Food Serving #072,Food consumption,72,1,week,45,Self,Self,,Home,in_person,scheduled,"Add yogurt, kimchi, kefir, or sauerkraut",Prepare or order the meal according to the assigned nutrition guideline.,"serving_size, GI_comfort_score",Return to the plan at the next meal and note the reason for deviation.,Primary activity scheduled.
2026-08-26,06:00,06:45,ACT086,Mobility Flow #086,Mobility Flow #086,Fitness routine / exercise,86,1,week,45,Fitness Trainer 1,Fitness Trainer,Yoga Mat,Home,in_person,scheduled,"Hip, ankle, thoracic spine, and shoulder mobility","Wear appropriate training clothes, prepare water, and confirm recovery status.","duration, pain_score, range_of_motion",Reschedule within the same week if possible; otherwise reduce next session intensity by 10%.,Primary activity scheduled.
2026-08-26,06:45,07:00,ACT091,Eye Exercise #091,Eye Exercise #091,Fitness routine / exercise,91,1,week,15,Fitness Trainer 1,Fitness Trainer,,Home,in_person,scheduled,Near-far focus drill and 20-20-20 visual breaks,"Wear appropriate training clothes, prepare water, and confirm recovery status.","duration, eye_strain_score",Reschedule within the same week if possible; otherwise reduce next session intensity by 10%.,Primary activity scheduled.
2026-08-26,07:00,07:15,ACT096,Brisk Walk #096,Brisk Walk #096,Fitness routine / exercise,96,1,week,15,Fitness Trainer 1,Fitness Trainer,,Park,in_person,scheduled,Low-intensity walk after meals,"Wear appropriate training clothes, prepare water, and confirm recovery status.","steps, duration, glucose_response",Reschedule within the same week if possible; otherwise reduce next session intensity by 10%.,Primary activity scheduled.
2026-08-26,17:00,17:30,ACT044,Guided Meditation #044,Guided Meditation #044,Therapy,44,1,week,30,Health Coach 3,Health Coach,,Home,in_person,scheduled,Mindfulness session with body scan,Confirm facility availability and avoid heavy meals immediately before the session.,"duration, mood_score, sleep_quality",Replace with breathwork or recovery stretch and avoid stacking intense recovery sessions next day.,Primary activity scheduled.
2026-08-26,17:30,18:15,ACT049,Recovery Stretch #049,Recovery Stretch #049,Therapy,49,1,week,45,Health Coach 3,Health Coach,Yoga Mat,Home,in_person,scheduled,Parasympathetic evening stretch routine,Confirm facility availability and avoid heavy meals immediately before the session.,"duration, muscle_tightness_score",Replace with breathwork or recovery stretch and avoid stacking intense recovery sessions next day.,Primary activity scheduled.
2026-08-26,18:15,19:00,ACT054,Sauna Session #054,Sauna Session #054,Therapy,54,1,week,45,Health Coach 3,Health Coach,Sauna,Wellness Center,in_person,scheduled,15-20 minutes moderate heat exposure,Confirm facility availability and avoid heavy meals immediately before the session.,"duration, temperature, recovery_score",Replace with breathwork or recovery stretch and avoid stacking intense recovery sessions next day.,Primary activity scheduled.
2026-08-26,19:00,19:45,ACT064,Breathwork #064,Breathwork #064,Therapy,64,1,week,45,Health Coach 3,Health Coach,,Home,in_person,scheduled,Box breathing or physiological sigh protocol,Confirm facility availability and avoid heavy meals immediately before the session.,"duration, stress_score, HRV",Replace with breathwork or recovery stretch and avoid stacking intense recovery sessions next day.,Primary activity scheduled.
2026-08-26,19:45,20:30,ACT099,Recovery Stretch #099,Recovery Stretch #099,Therapy,99,1,week,45,Self,Self,Yoga Mat,Home,in_person,scheduled,Parasympathetic evening stretch routine,Confirm facility availability and avoid heavy meals immediately before the session.,"duration, muscle_tightness_score",Replace with breathwork or recovery stretch and avoid stacking intense recovery sessions next day.,Primary activity scheduled.
2026-08-27,06:00,06:45,ACT036,Mobility Flow #036,Mobility Flow #036,Fitness routine / exercise,36,1,week,45,Fitness Trainer 1,Fitness Trainer,Yoga Mat,Home,in_person,scheduled,"Hip, ankle, thoracic spine, and shoulder mobility","Wear appropriate training clothes, prepare water, and confirm recovery status.","duration, pain_score, range_of_motion",Reschedule within the same week if possible; otherwise reduce next session intensity by 10%.,Primary activity scheduled.
2026-08-27,06:45,07:30,ACT041,Eye Exercise #041,Eye Exercise #041,Fitness routine / exercise,41,1,week,45,Fitness Trainer 1,Fitness Trainer,,Home,in_person,scheduled,Near-far focus drill and 20-20-20 visual breaks,"Wear appropriate training clothes, prepare water, and confirm recovery status.","duration, eye_strain_score",Reschedule within the same week if possible; otherwise reduce next session intensity by 10%.,Primary activity scheduled.
2026-08-27,07:30,08:15,ACT046,Brisk Walk #046,Brisk Walk #046,Fitness routine / exercise,46,1,week,45,Fitness Trainer 1,Fitness Trainer,,Park,in_person,scheduled,Low-intensity walk after meals,"Wear appropriate training clothes, prepare water, and confirm recovery status.","steps, duration, glucose_response",Reschedule within the same week if possible; otherwise reduce next session intensity by 10%.,Primary activity scheduled.
2026-08-27,08:15,09:00,ACT066,Eye Exercise #066,Eye Exercise #066,Fitness routine / exercise,66,1,week,45,Fitness Trainer 1,Fitness Trainer,,Home,in_person,scheduled,Near-far focus drill and 20-20-20 visual breaks,"Wear appropriate training clothes, prepare water, and confirm recovery status.","duration, eye_strain_score",Reschedule within the same week if possible; otherwise reduce next session intensity by 10%.,Primary activity scheduled.
2026-08-27,09:00,09:45,ACT077,High-Protein Breakfast #077,High-Protein Breakfast #077,Food consumption,77,1,week,45,Self,Self,,Home,in_person,scheduled,Consume 30-40g protein within 2 hours of waking,Prepare or order the meal according to the assigned nutrition guideline.,"protein_g, calories, satiety_score",Return to the plan at the next meal and note the reason for deviation.,Primary activity scheduled.
2026-08-27,12:00,12:45,ACT087,Hydration Protocol #087,Hydration Protocol #087,Food consumption,87,1,week,45,Self,Self,,Home,in_person,scheduled,Drink 500ml water with electrolytes,Prepare or order the meal according to the assigned nutrition guideline.,"water_ml, electrolyte_serving",Return to the plan at the next meal and note the reason for deviation.,Primary activity scheduled.
2026-08-27,12:45,13:30,ACT092,Low-Glycemic Dinner #092,Low-Glycemic Dinner #092,Food consumption,92,1,week,45,Self,Self,,Home,in_person,scheduled,Control evening carbohydrate load,Prepare or order the meal according to the assigned nutrition guideline.,"carbs_g, glucose_response, sleep_quality",Return to the plan at the next meal and note the reason for deviation.,Primary activity scheduled.
2026-08-27,17:00,17:45,ACT019,Guided Meditation #019,Guided Meditation #019,Therapy,19,1,week,45,Health Coach 3,Health Coach,,Home,in_person,scheduled,Mindfulness session with body scan,Confirm facility availability and avoid heavy meals immediately before the session.,"duration, mood_score, sleep_quality",Replace with breathwork or recovery stretch and avoid stacking intense recovery sessions next day.,Primary activity scheduled.
2026-08-27,17:45,18:30,ACT021,Brisk Walk #021,Brisk Walk #021,Fitness routine / exercise,21,1,week,45,Fitness Trainer 1,Fitness Trainer,,Park,in_person,scheduled,Low-intensity walk after meals,"Wear appropriate training clothes, prepare water, and confirm recovery status.","steps, duration, glucose_response",Reschedule within the same week if possible; otherwise reduce next session intensity by 10%.,Primary activity scheduled.
2026-08-27,18:30,19:15,ACT024,Recovery Stretch #024,Recovery Stretch #024,Therapy,24,1,week,45,Health Coach 3,Health Coach,Yoga Mat,Home,in_person,scheduled,Parasympathetic evening stretch routine,Confirm facility availability and avoid heavy meals immediately before the session.,"duration, muscle_tightness_score",Replace with breathwork or recovery stretch and avoid stacking intense recovery sessions next day.,Primary activity scheduled.
2026-08-27,19:15,20:00,ACT039,Breathwork #039,Breathwork #039,Therapy,39,1,week,45,Health Coach 3,Health Coach,,Home,in_person,scheduled,Box breathing or physiological sigh protocol,Confirm facility availability and avoid heavy meals immediately before the session.,"duration, stress_score, HRV",Replace with breathwork or recovery stretch and avoid stacking intense recovery sessions next day.,Primary activity scheduled.
2026-08-27,20:00,20:45,ACT084,Cold Plunge #084,Cold Plunge #084,Therapy,84,1,week,45,Self,Self,Cold Plunge,Wellness Center,in_person,scheduled,2-3 minutes controlled cold exposure,Confirm facility availability and avoid heavy meals immediately before the session.,"duration, temperature, stress_score",Replace with breathwork or recovery stretch and avoid stacking intense recovery sessions next day.,Primary activity scheduled.
2026-08-28,06:00,06:45,ACT001,Zone 2 Run #001,Zone 2 Run #001,Fitness routine / exercise,1,1,week,45,Fitness Trainer 1,Fitness Trainer,Treadmill,Park,in_person,scheduled,Maintain heart rate between 120-140 bpm,"Wear appropriate training clothes, prepare water, and confirm recovery status.","heart_rate, duration, perceived_exertion",Reschedule within the same week if possible; otherwise reduce next session intensity by 10%.,Primary activity scheduled.
2026-08-28,06:45,06:55,ACT003,Omega-3 Supplement #003,Omega-3 Supplement #003,Medication consumption,3,1,week,10,Self,Self,,Home,in_person,scheduled,Take after meal to improve tolerance,"Confirm dose, timing, and any meal requirement before taking it.","dose_mg, adherence",Follow clinician-approved missed-dose guidance and log the missed dose.,Primary activity scheduled.
2026-08-28,07:00,08:00,ACT006,Strength Training #006,Strength Training #006,Fitness routine / exercise,6,1,week,60,Fitness Trainer 1,Fitness Trainer,"Dumbbells, Resistance Bands",Gym,in_person,scheduled,Full-body resistance session with controlled tempo,"Wear appropriate training clothes, prepare water, and confirm recovery status.","sets, reps, load, RPE",Reschedule within the same week if possible; otherwise reduce next session intensity by 10%.,Primary activity scheduled.
2026-08-28,08:00,08:10,ACT008,Vitamin D3 #008,Vitamin D3 #008,Medication consumption,8,1,week,10,Self,Self,,Home,in_person,scheduled,Take with fat-containing meal,"Confirm dose, timing, and any meal requirement before taking it.","dose_IU, adherence",Follow clinician-approved missed-dose guidance and log the missed dose.,Primary activity scheduled.
2026-08-28,08:15,08:45,ACT016,Eye Exercise #016,Eye Exercise #016,Fitness routine / exercise,16,1,week,30,Fitness Trainer 1,Fitness Trainer,,Home,in_person,scheduled,Near-far focus drill and 20-20-20 visual breaks,"Wear appropriate training clothes, prepare water, and confirm recovery status.","duration, eye_strain_score",Reschedule within the same week if possible; otherwise reduce next session intensity by 10%.,Primary activity scheduled.
2026-08-28,08:45,09:00,ACT018,Glucose Monitor Check #018,Glucose Monitor Check #018,Medication consumption,18,1,week,15,Self,Self,Glucose Meter,Home,in_person,scheduled,Record fasting glucose and notes,"Confirm dose, timing, and any meal requirement before taking it.","glucose_mg_dL, fasting_hours",Follow clinician-approved missed-dose guidance and log the missed dose.,Primary activity scheduled.
2026-08-28,09:00,09:30,ACT022,Fermented Food Serving #022,Fermented Food Serving #022,Food consumption,22,1,week,30,Self,Self,,Home,in_person,scheduled,"Add yogurt, kimchi, kefir, or sauerkraut",Prepare or order the meal according to the assigned nutrition guideline.,"serving_size, GI_comfort_score",Return to the plan at the next meal and note the reason for deviation.,Primary activity scheduled.
2026-08-28,09:30,09:45,ACT023,Blood Pressure Reading #023,Blood Pressure Reading #023,Medication consumption,23,1,week,15,Self,Self,Blood Pressure Cuff,Home,in_person,scheduled,Measure seated blood pressure after 5 minutes rest,"Confirm dose, timing, and any meal requirement before taking it.","systolic, diastolic, resting_hr",Follow clinician-approved missed-dose guidance and log the missed dose.,Primary activity scheduled.
2026-08-28,09:45,09:55,ACT028,Omega-3 Supplement #028,Omega-3 Supplement #028,Medication consumption,28,1,week,10,Self,Self,,Home,in_person,scheduled,Take after meal to improve tolerance,"Confirm dose, timing, and any meal requirement before taking it.","dose_mg, adherence",Follow clinician-approved missed-dose guidance and log the missed dose.,Primary activity scheduled.
2026-08-28,12:00,12:20,ACT007,Mediterranean Lunch #007,Mediterranean Lunch #007,Food consumption,7,1,week,20,Self,Self,,Home,in_person,scheduled,"Vegetables, lean protein, olive oil, and whole grains",Prepare or order the meal according to the assigned nutrition guideline.,"calories, fiber_g, protein_g",Return to the plan at the next meal and note the reason for deviation.,Primary activity scheduled.
2026-08-28,12:30,13:00,ACT027,High-Protein Breakfast #027,High-Protein Breakfast #027,Food consumption,27,1,week,30,Self,Self,,Home,in_person,scheduled,Consume 30-40g protein within 2 hours of waking,Prepare or order the meal according to the assigned nutrition guideline.,"protein_g, calories, satiety_score",Return to the plan at the next meal and note the reason for deviation.,Primary activity scheduled.
2026-08-28,13:00,13:15,ACT033,Vitamin D3 #033,Vitamin D3 #033,Medication consumption,33,1,week,15,Self,Self,,Home,in_person,scheduled,Take with fat-containing meal,"Confirm dose, timing, and any meal requirement before taking it.","dose_IU, adherence",Follow clinician-approved missed-dose guidance and log the missed dose.,Primary activity scheduled.
2026-08-28,13:15,13:30,ACT038,Magnesium Glycinate #038,Magnesium Glycinate #038,Medication consumption,38,1,week,15,Self,Self,,Home,in_person,scheduled,Take 60 minutes before bedtime,"Confirm dose, timing, and any meal requirement before taking it.","dose_mg, sleep_quality, adherence",Follow clinician-approved missed-dose guidance and log the missed dose.,Primary activity scheduled.
2026-08-28,17:00,17:45,ACT004,Sauna Session #004,Sauna Session #004,Therapy,4,1,week,45,Self,Self,Sauna,Wellness Center,in_person,scheduled,15-20 minutes moderate heat exposure,Confirm facility availability and avoid heavy meals immediately before the session.,"duration, temperature, recovery_score",Replace with breathwork or recovery stretch and avoid stacking intense recovery sessions next day.,Primary activity scheduled.
2026-08-28,17:45,18:30,ACT009,Cold Plunge #009,Cold Plunge #009,Therapy,9,1,week,45,Self,Self,Cold Plunge,Wellness Center,in_person,scheduled,2-3 minutes controlled cold exposure,Confirm facility availability and avoid heavy meals immediately before the session.,"duration, temperature, stress_score",Replace with breathwork or recovery stretch and avoid stacking intense recovery sessions next day.,Primary activity scheduled.
2026-08-28,18:30,18:45,ACT013,Magnesium Glycinate #013,Magnesium Glycinate #013,Medication consumption,13,1,week,15,Self,Self,,Home,in_person,scheduled,Take 60 minutes before bedtime,"Confirm dose, timing, and any meal requirement before taking it.","dose_mg, sleep_quality, adherence",Follow clinician-approved missed-dose guidance and log the missed dose.,Primary activity scheduled.
2026-08-28,18:45,19:15,ACT014,Breathwork #014,Breathwork #014,Therapy,14,1,week,30,Health Coach 3,Health Coach,,Home,in_person,scheduled,Box breathing or physiological sigh protocol,Confirm facility availability and avoid heavy meals immediately before the session.,"duration, stress_score, HRV",Replace with breathwork or recovery stretch and avoid stacking intense recovery sessions next day.,Primary activity scheduled.
2026-08-28,19:15,19:45,ACT017,Low-Glycemic Dinner #017,Low-Glycemic Dinner #017,Food consumption,17,1,week,30,Self,Self,,Home,in_person,scheduled,Control evening carbohydrate load,Prepare or order the meal according to the assigned nutrition guideline.,"carbs_g, glucose_response, sleep_quality",Return to the plan at the next meal and note the reason for deviation.,Primary activity scheduled.
2026-08-28,19:45,20:15,ACT029,Sauna Session #029,Sauna Session #029,Therapy,29,1,week,30,Self,Self,Sauna,Wellness Center,in_person,scheduled,15-20 minutes moderate heat exposure,Confirm facility availability and avoid heavy meals immediately before the session.,"duration, temperature, recovery_score",Replace with breathwork or recovery stretch and avoid stacking intense recovery sessions next day.,Primary activity scheduled.
2026-08-28,20:15,21:00,ACT034,Cold Plunge #034,Cold Plunge #034,Therapy,34,1,week,45,Self,Self,Cold Plunge,Wellness Center,in_person,scheduled,2-3 minutes controlled cold exposure,Confirm facility availability and avoid heavy meals immediately before the session.,"duration, temperature, stress_score",Replace with breathwork or recovery stretch and avoid stacking intense recovery sessions next day.,Primary activity scheduled.
2026-08-29,08:00,08:45,ACT026,Zone 2 Run #026,Zone 2 Run #026,Fitness routine / exercise,26,1,week,45,Fitness Trainer 1,Fitness Trainer,Treadmill,Park,in_person,scheduled,Maintain heart rate between 120-140 bpm,"Wear appropriate training clothes, prepare water, and confirm recovery status.","heart_rate, duration, perceived_exertion",Reschedule within the same week if possible; otherwise reduce next session intensity by 10%.,Primary activity scheduled.
2026-08-29,08:45,09:05,ACT037,Hydration Protocol #037,Hydration Protocol #037,Food consumption,37,1,week,20,Self,Self,,Home,in_person,scheduled,Drink 500ml water with electrolytes,Prepare or order the meal according to the assigned nutrition guideline.,"water_ml, electrolyte_serving",Return to the plan at the next meal and note the reason for deviation.,Primary activity scheduled.
2026-08-29,09:15,09:30,ACT043,Glucose Monitor Check #043,Glucose Monitor Check #043,Medication consumption,43,1,week,15,Self,Self,Glucose Meter,Home,in_person,scheduled,Record fasting glucose and notes,"Confirm dose, timing, and any meal requirement before taking it.","glucose_mg_dL, fasting_hours",Follow clinician-approved missed-dose guidance and log the missed dose.,Primary activity scheduled.
2026-08-29,09:30,10:15,ACT052,High-Protein Breakfast #052,High-Protein Breakfast #052,Food consumption,52,1,week,45,Self,Self,,Home,in_person,scheduled,Consume 30-40g protein within 2 hours of waking,Prepare or order the meal according to the assigned nutrition guideline.,"protein_g, calories, satiety_score",Return to the plan at the next meal and note the reason for deviation.,Primary activity scheduled.
2026-08-29,10:15,10:25,ACT058,Vitamin D3 #058,Vitamin D3 #058,Medication consumption,58,1,week,10,Self,Self,,Home,in_person,scheduled,Take with fat-containing meal,"Confirm dose, timing, and any meal requirement before taking it.","dose_IU, adherence",Follow clinician-approved missed-dose guidance and log the missed dose.,Primary activity scheduled.
2026-08-29,10:30,10:40,ACT068,Glucose Monitor Check #068,Glucose Monitor Check #068,Medication consumption,68,1,week,10,Self,Self,Glucose Meter,Home,in_person,scheduled,Record fasting glucose and notes,"Confirm dose, timing, and any meal requirement before taking it.","glucose_mg_dL, fasting_hours",Follow clinician-approved missed-dose guidance and log the missed dose.,Primary activity scheduled.
2026-08-29,10:45,10:55,ACT073,Blood Pressure Reading #073,Blood Pressure Reading #073,Medication consumption,73,1,week,10,Self,Self,Blood Pressure Cuff,Home,in_person,scheduled,Measure seated blood pressure after 5 minutes rest,"Confirm dose, timing, and any meal requirement before taking it.","systolic, diastolic, resting_hr",Follow clinician-approved missed-dose guidance and log the missed dose.,Primary activity scheduled.
2026-08-29,11:00,11:20,ACT082,Mediterranean Lunch #082,Mediterranean Lunch #082,Food consumption,82,1,week,20,Self,Self,,Home,in_person,scheduled,"Vegetables, lean protein, olive oil, and whole grains",Prepare or order the meal according to the assigned nutrition guideline.,"calories, fiber_g, protein_g",Return to the plan at the next meal and note the reason for deviation.,Primary activity scheduled.
2026-08-29,11:30,11:40,ACT083,Vitamin D3 #083,Vitamin D3 #083,Medication consumption,83,1,week,10,Self,Self,,Home,in_person,scheduled,Take with fat-containing meal,"Confirm dose, timing, and any meal requirement before taking it.","dose_IU, adherence",Follow clinician-approved missed-dose guidance and log the missed dose.,Primary activity scheduled.
2026-08-29,11:45,12:00,ACT093,Glucose Monitor Check #093,Glucose Monitor Check #093,Medication consumption,93,1,week,15,Self,Self,Glucose Meter,Home,in_person,scheduled,Record fasting glucose and notes,"Confirm dose, timing, and any meal requirement before taking it.","glucose_mg_dL, fasting_hours",Follow clinician-approved missed-dose guidance and log the missed dose.,Primary activity scheduled.
2026-08-29,14:00,14:30,ACT069,Breathwork,Guided Meditation #069,Therapy,69,1,week,30,Self,Self,,Home,in_person,backup_used,Mindfulness session with body scan,Confirm facility availability and avoid heavy meals immediately before the session.,"duration, mood_score, sleep_quality",Replace with breathwork or recovery stretch and avoid stacking intense recovery sessions next day.,Primary activity unavailable. Used backup: Breathwork.
2026-08-29,14:30,15:00,ACT079,Breathwork,Sauna Session #079,Therapy,79,1,week,30,Self,Self,,Wellness Center,in_person,backup_used,15-20 minutes moderate heat exposure,Confirm facility availability and avoid heavy meals immediately before the session.,"duration, temperature, recovery_score",Replace with breathwork or recovery stretch and avoid stacking intense recovery sessions next day.,Primary activity unavailable. Used backup: Breathwork.
2026-08-29,15:00,15:30,ACT089,Breathwork,Breathwork #089,Therapy,89,1,week,30,Self,Self,,Home,in_person,backup_used,Box breathing or physiological sigh protocol,Confirm facility availability and avoid heavy meals immediately before the session.,"duration, stress_score, HRV",Replace with breathwork or recovery stretch and avoid stacking intense recovery sessions next day.,Primary activity unavailable. Used backup: Breathwork.
2026-08-29,15:30,16:00,ACT094,Breathwork,Guided Meditation #094,Therapy,94,1,week,30,Self,Self,,Home,in_person,backup_used,Mindfulness session with body scan,Confirm facility availability and avoid heavy meals immediately before the session.,"duration, mood_score, sleep_quality",Replace with breathwork or recovery stretch and avoid stacking intense recovery sessions next day.,Primary activity unavailable. Used backup: Breathwork.
2026-08-29,16:00,16:45,ACT059,Cold Plunge #059,Cold Plunge #059,Therapy,59,1,week,45,Self,Self,Cold Plunge,Wellness Center,in_person,scheduled,2-3 minutes controlled cold exposure,Confirm facility availability and avoid heavy meals immediately before the session.,"duration, temperature, stress_score",Replace with breathwork or recovery stretch and avoid stacking intense recovery sessions next day.,Primary activity scheduled.
2026-08-29,17:00,17:20,ACT042,Low-Glycemic Dinner #042,Low-Glycemic Dinner #042,Food consumption,42,1,week,20,Self,Self,,Home,in_person,scheduled,Control evening carbohydrate load,Prepare or order the meal according to the assigned nutrition guideline.,"carbs_g, glucose_response, sleep_quality",Return to the plan at the next meal and note the reason for deviation.,Primary activity scheduled.
2026-08-29,17:30,18:00,ACT074,Breathwork,Recovery Stretch #074,Therapy,74,1,week,30,Self,Self,,Home,in_person,backup_used,Parasympathetic evening stretch routine,Confirm facility availability and avoid heavy meals immediately before the session.,"duration, muscle_tightness_score",Replace with breathwork or recovery stretch and avoid stacking intense recovery sessions next day.,Primary activity unavailable. Used backup: Breathwork.
2026-08-29,18:00,18:10,ACT088,Magnesium Glycinate #088,Magnesium Glycinate #088,Medication consumption,88,1,week,10,Self,Self,,Home,in_person,scheduled,Take 60 minutes before bedtime,"Confirm dose, timing, and any meal requirement before taking it.","dose_mg, sleep_quality, adherence",Follow clinician-approved missed-dose guidance and log the missed dose.,Primary activity scheduled.
2026-08-29,18:15,18:25,ACT098,Blood Pressure Reading #098,Blood Pressure Reading #098,Medication consumption,98,1,week,10,Self,Self,Blood Pressure Cuff,Home,in_person,scheduled,Measure seated blood pressure after 5 minutes rest,"Confirm dose, timing, and any meal requirement before taking it.","systolic, diastolic, resting_hr",Follow clinician-approved missed-dose guidance and log the missed dose.,Primary activity scheduled.
2026-08-30,08:00,09:00,ACT051,Zone 2 Run #051,Zone 2 Run #051,Fitness routine / exercise,51,1,week,60,Fitness Trainer 1,Fitness Trainer,Treadmill,Park,in_person,scheduled,Maintain heart rate between 120-140 bpm,"Wear appropriate training clothes, prepare water, and confirm recovery status.","heart_rate, duration, perceived_exertion",Reschedule within the same week if possible; otherwise reduce next session intensity by 10%.,Primary activity scheduled.
2026-08-30,09:00,09:45,ACT076,Zone 2 Run #076,Zone 2 Run #076,Fitness routine / exercise,76,1,week,45,Fitness Trainer 1,Fitness Trainer,Treadmill,Park,in_person,scheduled,Maintain heart rate between 120-140 bpm,"Wear appropriate training clothes, prepare water, and confirm recovery status.","heart_rate, duration, perceived_exertion",Reschedule within the same week if possible; otherwise reduce next session intensity by 10%.,Primary activity scheduled.
2026-08-30,09:45,10:45,ACT081,Strength Training #081,Strength Training #081,Fitness routine / exercise,81,1,week,60,Fitness Trainer 1,Fitness Trainer,"Dumbbells, Resistance Bands",Gym,in_person,scheduled,Full-body resistance session with controlled tempo,"Wear appropriate training clothes, prepare water, and confirm recovery status.","sets, reps, load, RPE",Reschedule within the same week if possible; otherwise reduce next session intensity by 10%.,Primary activity scheduled.
2026-08-30,10:45,11:00,ACT091,Eye Exercise #091,Eye Exercise #091,Fitness routine / exercise,91,2,week,15,Fitness Trainer 1,Fitness Trainer,,Home,in_person,scheduled,Near-far focus drill and 20-20-20 visual breaks,"Wear appropriate training clothes, prepare water, and confirm recovery status.","duration, eye_strain_score",Reschedule within the same week if possible; otherwise reduce next session intensity by 10%.,Primary activity scheduled.
2026-08-30,11:00,11:15,ACT091,Eye Exercise #091,Eye Exercise #091,Fitness routine / exercise,91,1,week,15,Fitness Trainer 1,Fitness Trainer,,Home,in_person,scheduled,Near-far focus drill and 20-20-20 visual breaks,"Wear appropriate training clothes, prepare water, and confirm recovery status.","duration, eye_strain_score",Reschedule within the same week if possible; otherwise reduce next session intensity by 10%.,Primary activity scheduled.
2026-08-30,11:15,11:30,ACT096,Brisk Walk #096,Brisk Walk #096,Fitness routine / exercise,96,2,week,15,Fitness Trainer 1,Fitness Trainer,,Park,in_person,scheduled,Low-intensity walk after meals,"Wear appropriate training clothes, prepare water, and confirm recovery status.","steps, duration, glucose_response",Reschedule within the same week if possible; otherwise reduce next session intensity by 10%.,Primary activity scheduled.
2026-08-30,11:30,11:45,ACT096,Brisk Walk #096,Brisk Walk #096,Fitness routine / exercise,96,1,week,15,Fitness Trainer 1,Fitness Trainer,,Park,in_person,scheduled,Low-intensity walk after meals,"Wear appropriate training clothes, prepare water, and confirm recovery status.","steps, duration, glucose_response",Reschedule within the same week if possible; otherwise reduce next session intensity by 10%.,Primary activity scheduled.
2026-08-30,17:00,17:20,ACT097,Fermented Food Serving #097,Fermented Food Serving #097,Food consumption,97,1,week,20,Self,Self,,Home,in_person,scheduled,"Add yogurt, kimchi, kefir, or sauerkraut",Prepare or order the meal according to the assigned nutrition guideline.,"serving_size, GI_comfort_score",Return to the plan at the next meal and note the reason for deviation.,Primary activity scheduled.
2026-08-31,06:00,06:20,ACT002,High-Protein Breakfast #002,High-Protein Breakfast #002,Food consumption,2,2,week,20,Self,Self,,Home,in_person,scheduled,Consume 30-40g protein within 2 hours of waking,Prepare or order the meal according to the assigned nutrition guideline.,"protein_g, calories, satiety_score",Return to the plan at the next meal and note the reason for deviation.,Primary activity scheduled.
2026-08-31,06:30,06:50,ACT012,Hydration Protocol #012,Hydration Protocol #012,Food consumption,12,2,week,20,Self,Self,,Home,in_person,scheduled,Drink 500ml water with electrolytes,Prepare or order the meal according to the assigned nutrition guideline.,"water_ml, electrolyte_serving",Return to the plan at the next meal and note the reason for deviation.,Primary activity scheduled.
2026-08-31,07:00,08:00,ACT031,Strength Training #031,Strength Training #031,Fitness routine / exercise,31,2,week,60,Fitness Trainer 1,Fitness Trainer,"Dumbbells, Resistance Bands",Gym,in_person,scheduled,Full-body resistance session with controlled tempo,"Wear appropriate training clothes, prepare water, and confirm recovery status.","sets, reps, load, RPE",Reschedule within the same week if possible; otherwise reduce next session intensity by 10%.,Primary activity scheduled.
2026-08-31,08:00,08:20,ACT047,Fermented Food Serving #047,Fermented Food Serving #047,Food consumption,47,2,week,20,Self,Self,,Home,in_person,scheduled,"Add yogurt, kimchi, kefir, or sauerkraut",Prepare or order the meal according to the assigned nutrition guideline.,"serving_size, GI_comfort_score",Return to the plan at the next meal and note the reason for deviation.,Primary activity scheduled.
2026-08-31,08:30,08:45,ACT048,Blood Pressure Reading #048,Blood Pressure Reading #048,Medication consumption,48,2,week,15,Self,Self,Blood Pressure Cuff,Home,in_person,scheduled,Measure seated blood pressure after 5 minutes rest,"Confirm dose, timing, and any meal requirement before taking it.","systolic, diastolic, resting_hr",Follow clinician-approved missed-dose guidance and log the missed dose.,Primary activity scheduled.
2026-08-31,08:45,09:00,ACT053,Omega-3 Supplement #053,Omega-3 Supplement #053,Medication consumption,53,2,week,15,Self,Self,,Home,in_person,scheduled,Take after meal to improve tolerance,"Confirm dose, timing, and any meal requirement before taking it.","dose_mg, adherence",Follow clinician-approved missed-dose guidance and log the missed dose.,Primary activity scheduled.
2026-08-31,09:00,09:30,ACT062,Hydration Protocol #062,Hydration Protocol #062,Food consumption,62,2,week,30,Self,Self,,Home,in_person,scheduled,Drink 500ml water with electrolytes,Prepare or order the meal according to the assigned nutrition guideline.,"water_ml, electrolyte_serving",Return to the plan at the next meal and note the reason for deviation.,Primary activity scheduled.
2026-08-31,09:30,09:40,ACT078,Omega-3 Supplement #078,Omega-3 Supplement #078,Medication consumption,78,2,week,10,Self,Self,,Home,in_person,scheduled,Take after meal to improve tolerance,"Confirm dose, timing, and any meal requirement before taking it.","dose_mg, adherence",Follow clinician-approved missed-dose guidance and log the missed dose.,Primary activity scheduled.
2026-08-31,12:00,12:30,ACT032,Mediterranean Lunch #032,Mediterranean Lunch #032,Food consumption,32,2,week,30,Self,Self,,Home,in_person,scheduled,"Vegetables, lean protein, olive oil, and whole grains",Prepare or order the meal according to the assigned nutrition guideline.,"calories, fiber_g, protein_g",Return to the plan at the next meal and note the reason for deviation.,Primary activity scheduled.
2026-08-31,12:30,12:50,ACT057,Mediterranean Lunch #057,Mediterranean Lunch #057,Food consumption,57,2,week,20,Self,Self,,Home,in_person,scheduled,"Vegetables, lean protein, olive oil, and whole grains",Prepare or order the meal according to the assigned nutrition guideline.,"calories, fiber_g, protein_g",Return to the plan at the next meal and note the reason for deviation.,Primary activity scheduled.
2026-08-31,17:00,17:15,ACT011,Mobility Flow #011,Mobility Flow #011,Fitness routine / exercise,11,2,week,15,Fitness Trainer 1,Fitness Trainer,Yoga Mat,Home,in_person,scheduled,"Hip, ankle, thoracic spine, and shoulder mobility","Wear appropriate training clothes, prepare water, and confirm recovery status.","duration, pain_score, range_of_motion",Reschedule within the same week if possible; otherwise reduce next session intensity by 10%.,Primary activity scheduled.
2026-08-31,17:15,18:00,ACT056,Strength Training #056,Strength Training #056,Fitness routine / exercise,56,2,week,45,Fitness Trainer 1,Fitness Trainer,"Dumbbells, Resistance Bands",Gym,in_person,scheduled,Full-body resistance session with controlled tempo,"Wear appropriate training clothes, prepare water, and confirm recovery status.","sets, reps, load, RPE",Reschedule within the same week if possible; otherwise reduce next session intensity by 10%.,Primary activity scheduled.
2026-08-31,18:00,18:45,ACT061,Mobility Flow #061,Mobility Flow #061,Fitness routine / exercise,61,2,week,45,Fitness Trainer 1,Fitness Trainer,Yoga Mat,Home,in_person,scheduled,"Hip, ankle, thoracic spine, and shoulder mobility","Wear appropriate training clothes, prepare water, and confirm recovery status.","duration, pain_score, range_of_motion",Reschedule within the same week if possible; otherwise reduce next session intensity by 10%.,Primary activity scheduled.
2026-08-31,18:45,19:00,ACT063,Magnesium Glycinate #063,Magnesium Glycinate #063,Medication consumption,63,2,week,15,Self,Self,,Home,in_person,scheduled,Take 60 minutes before bedtime,"Confirm dose, timing, and any meal requirement before taking it.","dose_mg, sleep_quality, adherence",Follow clinician-approved missed-dose guidance and log the missed dose.,Primary activity scheduled.
2026-08-31,19:00,19:45,ACT067,Low-Glycemic Dinner #067,Low-Glycemic Dinner #067,Food consumption,67,2,week,45,Self,Self,,Home,in_person,scheduled,Control evening carbohydrate load,Prepare or order the meal according to the assigned nutrition guideline.,"carbs_g, glucose_response, sleep_quality",Return to the plan at the next meal and note the reason for deviation.,Primary activity scheduled.
2026-08-31,19:45,20:00,ACT071,Brisk Walk #071,Brisk Walk #071,Fitness routine / exercise,71,2,week,15,Fitness Trainer 1,Fitness Trainer,,Park,in_person,scheduled,Low-intensity walk after meals,"Wear appropriate training clothes, prepare water, and confirm recovery status.","steps, duration, glucose_response",Reschedule within the same week if possible; otherwise reduce next session intensity by 10%.,Primary activity scheduled.
2026-08-31,20:00,20:45,ACT072,Fermented Food Serving #072,Fermented Food Serving #072,Food consumption,72,2,week,45,Self,Self,,Home,in_person,scheduled,"Add yogurt, kimchi, kefir, or sauerkraut",Prepare or order the meal according to the assigned nutrition guideline.,"serving_size, GI_comfort_score",Return to the plan at the next meal and note the reason for deviation.,Primary activity scheduled.
2026-09-01,06:00,06:20,ACT002,High-Protein Breakfast #002,High-Protein Breakfast #002,Food consumption,2,1,week,20,Self,Self,,Home,in_person,scheduled,Consume 30-40g protein within 2 hours of waking,Prepare or order the meal according to the assigned nutrition guideline.,"protein_g, calories, satiety_score",Return to the plan at the next meal and note the reason for deviation.,Primary activity scheduled.
2026-09-01,06:30,06:50,ACT012,Hydration Protocol #012,Hydration Protocol #012,Food consumption,12,1,week,20,Self,Self,,Home,in_person,scheduled,Drink 500ml water with electrolytes,Prepare or order the meal according to the assigned nutrition guideline.,"water_ml, electrolyte_serving",Return to the plan at the next meal and note the reason for deviation.,Primary activity scheduled.
2026-09-01,07:00,08:00,ACT031,Strength Training #031,Strength Training #031,Fitness routine / exercise,31,1,week,60,Fitness Trainer 1,Fitness Trainer,"Dumbbells, Resistance Bands",Gym,in_person,scheduled,Full-body resistance session with controlled tempo,"Wear appropriate training clothes, prepare water, and confirm recovery status.","sets, reps, load, RPE",Reschedule within the same week if possible; otherwise reduce next session intensity by 10%.,Primary activity scheduled.
2026-09-01,08:00,08:20,ACT047,Fermented Food Serving #047,Fermented Food Serving #047,Food consumption,47,1,week,20,Self,Self,,Home,in_person,scheduled,"Add yogurt, kimchi, kefir, or sauerkraut",Prepare or order the meal according to the assigned nutrition guideline.,"serving_size, GI_comfort_score",Return to the plan at the next meal and note the reason for deviation.,Primary activity scheduled.
2026-09-01,08:30,08:45,ACT048,Blood Pressure Reading #048,Blood Pressure Reading #048,Medication consumption,48,1,week,15,Self,Self,Blood Pressure Cuff,Home,in_person,scheduled,Measure seated blood pressure after 5 minutes rest,"Confirm dose, timing, and any meal requirement before taking it.","systolic, diastolic, resting_hr",Follow clinician-approved missed-dose guidance and log the missed dose.,Primary activity scheduled.
2026-09-01,08:45,09:00,ACT053,Omega-3 Supplement #053,Omega-3 Supplement #053,Medication consumption,53,1,week,15,Self,Self,,Home,in_person,scheduled,Take after meal to improve tolerance,"Confirm dose, timing, and any meal requirement before taking it.","dose_mg, adherence",Follow clinician-approved missed-dose guidance and log the missed dose.,Primary activity scheduled.
2026-09-01,09:00,09:30,ACT062,Hydration Protocol #062,Hydration Protocol #062,Food consumption,62,1,week,30,Self,Self,,Home,in_person,scheduled,Drink 500ml water with electrolytes,Prepare or order the meal according to the assigned nutrition guideline.,"water_ml, electrolyte_serving",Return to the plan at the next meal and note the reason for deviation.,Primary activity scheduled.
2026-09-01,09:30,09:40,ACT078,Omega-3 Supplement #078,Omega-3 Supplement #078,Medication consumption,78,1,week,10,Self,Self,,Home,in_person,scheduled,Take after meal to improve tolerance,"Confirm dose, timing, and any meal requirement before taking it.","dose_mg, adherence",Follow clinician-approved missed-dose guidance and log the missed dose.,Primary activity scheduled.
2026-09-01,09:45,10:00,ACT093,Reschedule Dose Reminder,Glucose Monitor Check #093,Medication consumption,93,1,week,15,Self,Self,,Home,in_person,backup_used,Record fasting glucose and notes,"Confirm dose, timing, and any meal requirement before taking it.","glucose_mg_dL, fasting_hours",Follow clinician-approved missed-dose guidance and log the missed dose.,Primary activity unavailable. Used backup: Reschedule Dose Reminder.
2026-09-01,12:00,12:30,ACT032,Mediterranean Lunch #032,Mediterranean Lunch #032,Food consumption,32,1,week,30,Self,Self,,Home,in_person,scheduled,"Vegetables, lean protein, olive oil, and whole grains",Prepare or order the meal according to the assigned nutrition guideline.,"calories, fiber_g, protein_g",Return to the plan at the next meal and note the reason for deviation.,Primary activity scheduled.
2026-09-01,12:30,12:50,ACT057,Mediterranean Lunch #057,Mediterranean Lunch #057,Food consumption,57,1,week,20,Self,Self,,Home,in_person,scheduled,"Vegetables, lean protein, olive oil, and whole grains",Prepare or order the meal according to the assigned nutrition guideline.,"calories, fiber_g, protein_g",Return to the plan at the next meal and note the reason for deviation.,Primary activity scheduled.
2026-09-01,13:00,13:30,ACT086,Brisk Walk,Mobility Flow #086,Fitness routine / exercise,86,1,week,30,Self,Self,,Home,in_person,backup_used,"Hip, ankle, thoracic spine, and shoulder mobility","Wear appropriate training clothes, prepare water, and confirm recovery status.","duration, pain_score, range_of_motion",Reschedule within the same week if possible; otherwise reduce next session intensity by 10%.,Primary activity unavailable. Used backup: Brisk Walk.
2026-09-01,17:00,17:15,ACT011,Mobility Flow #011,Mobility Flow #011,Fitness routine / exercise,11,1,week,15,Fitness Trainer 1,Fitness Trainer,Yoga Mat,Home,in_person,scheduled,"Hip, ankle, thoracic spine, and shoulder mobility","Wear appropriate training clothes, prepare water, and confirm recovery status.","duration, pain_score, range_of_motion",Reschedule within the same week if possible; otherwise reduce next session intensity by 10%.,Primary activity scheduled.
2026-09-01,17:15,18:00,ACT056,Strength Training #056,Strength Training #056,Fitness routine / exercise,56,1,week,45,Fitness Trainer 1,Fitness Trainer,"Dumbbells, Resistance Bands",Gym,in_person,scheduled,Full-body resistance session with controlled tempo,"Wear appropriate training clothes, prepare water, and confirm recovery status.","sets, reps, load, RPE",Reschedule within the same week if possible; otherwise reduce next session intensity by 10%.,Primary activity scheduled.
2026-09-01,18:00,18:45,ACT061,Mobility Flow #061,Mobility Flow #061,Fitness routine / exercise,61,1,week,45,Fitness Trainer 1,Fitness Trainer,Yoga Mat,Home,in_person,scheduled,"Hip, ankle, thoracic spine, and shoulder mobility","Wear appropriate training clothes, prepare water, and confirm recovery status.","duration, pain_score, range_of_motion",Reschedule within the same week if possible; otherwise reduce next session intensity by 10%.,Primary activity scheduled.
2026-09-01,18:45,19:00,ACT063,Magnesium Glycinate #063,Magnesium Glycinate #063,Medication consumption,63,1,week,15,Self,Self,,Home,in_person,scheduled,Take 60 minutes before bedtime,"Confirm dose, timing, and any meal requirement before taking it.","dose_mg, sleep_quality, adherence",Follow clinician-approved missed-dose guidance and log the missed dose.,Primary activity scheduled.
2026-09-01,19:00,19:45,ACT067,Low-Glycemic Dinner #067,Low-Glycemic Dinner #067,Food consumption,67,1,week,45,Self,Self,,Home,in_person,scheduled,Control evening carbohydrate load,Prepare or order the meal according to the assigned nutrition guideline.,"carbs_g, glucose_response, sleep_quality",Return to the plan at the next meal and note the reason for deviation.,Primary activity scheduled.
2026-09-01,19:45,20:00,ACT071,Brisk Walk #071,Brisk Walk #071,Fitness routine / exercise,71,1,week,15,Fitness Trainer 1,Fitness Trainer,,Park,in_person,scheduled,Low-intensity walk after meals,"Wear appropriate training clothes, prepare water, and confirm recovery status.","steps, duration, glucose_response",Reschedule within the same week if possible; otherwise reduce next session intensity by 10%.,Primary activity scheduled.
2026-09-01,20:00,20:45,ACT072,Fermented Food Serving #072,Fermented Food Serving #072,Food consumption,72,1,week,45,Self,Self,,Home,in_person,scheduled,"Add yogurt, kimchi, kefir, or sauerkraut",Prepare or order the meal according to the assigned nutrition guideline.,"serving_size, GI_comfort_score",Return to the plan at the next meal and note the reason for deviation.,Primary activity scheduled.
2026-09-01,20:45,20:55,ACT098,Reschedule Dose Reminder,Blood Pressure Reading #098,Medication consumption,98,1,week,10,Self,Self,,Home,in_person,backup_used,Measure seated blood pressure after 5 minutes rest,"Confirm dose, timing, and any meal requirement before taking it.","systolic, diastolic, resting_hr",Follow clinician-approved missed-dose guidance and log the missed dose.,Primary activity unavailable. Used backup: Reschedule Dose Reminder.
2026-09-02,06:00,06:45,ACT077,High-Protein Breakfast #077,High-Protein Breakfast #077,Food consumption,77,1,week,45,Self,Self,,Home,in_person,scheduled,Consume 30-40g protein within 2 hours of waking,Prepare or order the meal according to the assigned nutrition guideline.,"protein_g, calories, satiety_score",Return to the plan at the next meal and note the reason for deviation.,Primary activity scheduled.
2026-09-02,06:45,07:15,ACT079,Breathwork,Sauna Session #079,Therapy,79,1,week,30,Self,Self,,Wellness Center,in_person,backup_used,15-20 minutes moderate heat exposure,Confirm facility availability and avoid heavy meals immediately before the session.,"duration, temperature, recovery_score",Replace with breathwork or recovery stretch and avoid stacking intense recovery sessions next day.,Primary activity unavailable. Used backup: Breathwork.
2026-09-02,07:15,07:45,ACT080,Remote Check-in,Fitness Coaching Check-in #080,Consultation,80,1,month,30,Self,Self,,Gym,in_person,backup_used,"Review training load, soreness, and next progression","Prepare recent logs, wearable data, questions, and any relevant lab results.","training_load, soreness, adherence",Use the earliest remote or in-person follow-up slot and share logs asynchronously.,Primary activity unavailable. Used backup: Remote Check-in.
2026-09-02,07:45,08:15,ACT081,Brisk Walk,Strength Training #081,Fitness routine / exercise,81,1,week,30,Self,Self,,Gym,in_person,backup_used,Full-body resistance session with controlled tempo,"Wear appropriate training clothes, prepare water, and confirm recovery status.","sets, reps, load, RPE",Reschedule within the same week if possible; otherwise reduce next session intensity by 10%.,Primary activity unavailable. Used backup: Brisk Walk.
2026-09-02,08:15,08:35,ACT082,Mediterranean Lunch #082,Mediterranean Lunch #082,Food consumption,82,1,week,20,Self,Self,,Home,in_person,scheduled,"Vegetables, lean protein, olive oil, and whole grains",Prepare or order the meal according to the assigned nutrition guideline.,"calories, fiber_g, protein_g",Return to the plan at the next meal and note the reason for deviation.,Primary activity scheduled.
2026-09-02,08:45,09:30,ACT084,Cold Plunge #084,Cold Plunge #084,Therapy,84,1,week,45,Self,Self,Cold Plunge,Wellness Center,in_person,scheduled,2-3 minutes controlled cold exposure,Confirm facility availability and avoid heavy meals immediately before the session.,"duration, temperature, stress_score",Replace with breathwork or recovery stretch and avoid stacking intense recovery sessions next day.,Primary activity scheduled.
2026-09-02,09:30,10:00,ACT085,Remote Check-in,Dietitian Consultation #085,Consultation,85,1,month,30,Self,Self,,Clinic,in_person,backup_used,Review food log and adjust macro targets,"Prepare recent logs, wearable data, questions, and any relevant lab results.","protein_g, fiber_g, weight_trend",Use the earliest remote or in-person follow-up slot and share logs asynchronously.,Primary activity unavailable. Used backup: Remote Check-in.
2026-09-02,12:00,13:00,ACT035,Dietitian Consultation #035,Dietitian Consultation #035,Consultation,35,1,month,60,Dietitian 1,Dietitian,,Clinic,in_person,scheduled,Review food log and adjust macro targets,"Prepare recent logs, wearable data, questions, and any relevant lab results.","protein_g, fiber_g, weight_trend",Use the earliest remote or in-person follow-up slot and share logs asynchronously.,Primary activity scheduled.
2026-09-02,13:00,13:30,ACT060,Dietitian Consultation #060,Dietitian Consultation #060,Consultation,60,1,month,30,Dietitian 1,Dietitian,,Clinic,in_person,scheduled,Review food log and adjust macro targets,"Prepare recent logs, wearable data, questions, and any relevant lab results.","protein_g, fiber_g, weight_trend",Use the earliest remote or in-person follow-up slot and share logs asynchronously.,Primary activity scheduled.
2026-09-02,17:00,17:45,ACT041,Eye Exercise #041,Eye Exercise #041,Fitness routine / exercise,41,1,week,45,Fitness Trainer 1,Fitness Trainer,,Home,in_person,scheduled,Near-far focus drill and 20-20-20 visual breaks,"Wear appropriate training clothes, prepare water, and confirm recovery status.","duration, eye_strain_score",Reschedule within the same week if possible; otherwise reduce next session intensity by 10%.,Primary activity scheduled.
2026-09-02,17:45,18:15,ACT044,Guided Meditation #044,Guided Meditation #044,Therapy,44,1,week,30,Health Coach 3,Health Coach,,Home,in_person,scheduled,Mindfulness session with body scan,Confirm facility availability and avoid heavy meals immediately before the session.,"duration, mood_score, sleep_quality",Replace with breathwork or recovery stretch and avoid stacking intense recovery sessions next day.,Primary activity scheduled.
2026-09-02,18:15,19:00,ACT046,Brisk Walk #046,Brisk Walk #046,Fitness routine / exercise,46,1,week,45,Fitness Trainer 1,Fitness Trainer,,Park,in_person,scheduled,Low-intensity walk after meals,"Wear appropriate training clothes, prepare water, and confirm recovery status.","steps, duration, glucose_response",Reschedule within the same week if possible; otherwise reduce next session intensity by 10%.,Primary activity scheduled.
2026-09-02,19:00,19:45,ACT049,Recovery Stretch #049,Recovery Stretch #049,Therapy,49,1,week,45,Health Coach 3,Health Coach,Yoga Mat,Home,in_person,scheduled,Parasympathetic evening stretch routine,Confirm facility availability and avoid heavy meals immediately before the session.,"duration, muscle_tightness_score",Replace with breathwork or recovery stretch and avoid stacking intense recovery sessions next day.,Primary activity scheduled.
2026-09-02,19:45,20:15,ACT074,Breathwork,Recovery Stretch #074,Therapy,74,1,week,30,Self,Self,,Home,in_person,backup_used,Parasympathetic evening stretch routine,Confirm facility availability and avoid heavy meals immediately before the session.,"duration, muscle_tightness_score",Replace with breathwork or recovery stretch and avoid stacking intense recovery sessions next day.,Primary activity unavailable. Used backup: Breathwork.
2026-09-02,20:15,20:45,ACT076,Brisk Walk,Zone 2 Run #076,Fitness routine / exercise,76,1,week,30,Self,Self,,Park,in_person,backup_used,Maintain heart rate between 120-140 bpm,"Wear appropriate training clothes, prepare water, and confirm recovery status.","heart_rate, duration, perceived_exertion",Reschedule within the same week if possible; otherwise reduce next session intensity by 10%.,Primary activity unavailable. Used backup: Brisk Walk.
2026-09-02,20:45,20:55,ACT088,Magnesium Glycinate #088,Magnesium Glycinate #088,Medication consumption,88,1,week,10,Self,Self,,Home,in_person,scheduled,Take 60 minutes before bedtime,"Confirm dose, timing, and any meal requirement before taking it.","dose_mg, sleep_quality, adherence",Follow clinician-approved missed-dose guidance and log the missed dose.,Primary activity scheduled.
2026-09-03,06:00,06:45,ACT001,Zone 2 Run #001,Zone 2 Run #001,Fitness routine / exercise,1,1,week,45,Fitness Trainer 1,Fitness Trainer,Treadmill,Park,in_person,scheduled,Maintain heart rate between 120-140 bpm,"Wear appropriate training clothes, prepare water, and confirm recovery status.","heart_rate, duration, perceived_exertion",Reschedule within the same week if possible; otherwise reduce next session intensity by 10%.,Primary activity scheduled.
2026-09-03,06:45,07:45,ACT006,Strength Training #006,Strength Training #006,Fitness routine / exercise,6,1,week,60,Fitness Trainer 1,Fitness Trainer,"Dumbbells, Resistance Bands",Gym,in_person,scheduled,Full-body resistance session with controlled tempo,"Wear appropriate training clothes, prepare water, and confirm recovery status.","sets, reps, load, RPE",Reschedule within the same week if possible; otherwise reduce next session intensity by 10%.,Primary activity scheduled.
2026-09-03,07:45,08:15,ACT016,Eye Exercise #016,Eye Exercise #016,Fitness routine / exercise,16,1,week,30,Fitness Trainer 1,Fitness Trainer,,Home,in_person,scheduled,Near-far focus drill and 20-20-20 visual breaks,"Wear appropriate training clothes, prepare water, and confirm recovery status.","duration, eye_strain_score",Reschedule within the same week if possible; otherwise reduce next session intensity by 10%.,Primary activity scheduled.
2026-09-03,08:15,09:00,ACT030,Fitness Coaching Check-in #030,Fitness Coaching Check-in #030,Consultation,30,1,month,45,Fitness Trainer 1,Fitness Trainer,,Gym,in_person,scheduled,"Review training load, soreness, and next progression","Prepare recent logs, wearable data, questions, and any relevant lab results.","training_load, soreness, adherence",Use the earliest remote or in-person follow-up slot and share logs asynchronously.,Primary activity scheduled.
2026-09-03,09:00,09:45,ACT052,High-Protein Breakfast #052,High-Protein Breakfast #052,Food consumption,52,1,week,45,Self,Self,,Home,in_person,scheduled,Consume 30-40g protein within 2 hours of waking,Prepare or order the meal according to the assigned nutrition guideline.,"protein_g, calories, satiety_score",Return to the plan at the next meal and note the reason for deviation.,Primary activity scheduled.
2026-09-03,09:45,09:55,ACT058,Vitamin D3 #058,Vitamin D3 #058,Medication consumption,58,1,week,10,Self,Self,,Home,in_person,scheduled,Take with fat-containing meal,"Confirm dose, timing, and any meal requirement before taking it.","dose_IU, adherence",Follow clinician-approved missed-dose guidance and log the missed dose.,Primary activity scheduled.
2026-09-03,12:00,12:30,ACT066,Brisk Walk,Eye Exercise #066,Fitness routine / exercise,66,1,week,30,Self,Self,,Home,in_person,backup_used,Near-far focus drill and 20-20-20 visual breaks,"Wear appropriate training clothes, prepare water, and confirm recovery status.","duration, eye_strain_score",Reschedule within the same week if possible; otherwise reduce next session intensity by 10%.,Primary activity unavailable. Used backup: Brisk Walk.
2026-09-03,12:30,12:40,ACT068,Glucose Monitor Check #068,Glucose Monitor Check #068,Medication consumption,68,1,week,10,Self,Self,Glucose Meter,Home,in_person,scheduled,Record fasting glucose and notes,"Confirm dose, timing, and any meal requirement before taking it.","glucose_mg_dL, fasting_hours",Follow clinician-approved missed-dose guidance and log the missed dose.,Primary activity scheduled.
2026-09-03,12:45,13:15,ACT070,Remote Check-in,Physician Follow-up #070,Consultation,70,1,month,30,Self,Self,,Clinic,in_person,backup_used,Review biomarkers and medication tolerance,"Prepare recent logs, wearable data, questions, and any relevant lab results.","blood_markers, symptoms, adherence",Use the earliest remote or in-person follow-up slot and share logs asynchronously.,Primary activity unavailable. Used backup: Remote Check-in.
2026-09-03,13:15,13:25,ACT073,Blood Pressure Reading #073,Blood Pressure Reading #073,Medication consumption,73,1,week,10,Self,Self,Blood Pressure Cuff,Home,in_person,scheduled,Measure seated blood pressure after 5 minutes rest,"Confirm dose, timing, and any meal requirement before taking it.","systolic, diastolic, resting_hr",Follow clinician-approved missed-dose guidance and log the missed dose.,Primary activity scheduled.
2026-09-03,17:00,17:45,ACT019,Guided Meditation #019,Guided Meditation #019,Therapy,19,1,week,45,Health Coach 3,Health Coach,,Home,in_person,scheduled,Mindfulness session with body scan,Confirm facility availability and avoid heavy meals immediately before the session.,"duration, mood_score, sleep_quality",Replace with breathwork or recovery stretch and avoid stacking intense recovery sessions next day.,Primary activity scheduled.
2026-09-03,17:45,18:30,ACT024,Recovery Stretch #024,Recovery Stretch #024,Therapy,24,1,week,45,Health Coach 3,Health Coach,Yoga Mat,Home,in_person,scheduled,Parasympathetic evening stretch routine,Confirm facility availability and avoid heavy meals immediately before the session.,"duration, muscle_tightness_score",Replace with breathwork or recovery stretch and avoid stacking intense recovery sessions next day.,Primary activity scheduled.
2026-09-03,18:30,19:15,ACT036,Mobility Flow #036,Mobility Flow #036,Fitness routine / exercise,36,1,week,45,Fitness Trainer 1,Fitness Trainer,Yoga Mat,Home,in_person,scheduled,"Hip, ankle, thoracic spine, and shoulder mobility","Wear appropriate training clothes, prepare water, and confirm recovery status.","duration, pain_score, range_of_motion",Reschedule within the same week if possible; otherwise reduce next session intensity by 10%.,Primary activity scheduled.
2026-09-03,19:15,20:00,ACT039,Breathwork #039,Breathwork #039,Therapy,39,1,week,45,Health Coach 3,Health Coach,,Home,in_person,scheduled,Box breathing or physiological sigh protocol,Confirm facility availability and avoid heavy meals immediately before the session.,"duration, stress_score, HRV",Replace with breathwork or recovery stretch and avoid stacking intense recovery sessions next day.,Primary activity scheduled.
2026-09-03,20:00,20:20,ACT042,Low-Glycemic Dinner #042,Low-Glycemic Dinner #042,Food consumption,42,1,week,20,Self,Self,,Home,in_person,scheduled,Control evening carbohydrate load,Prepare or order the meal according to the assigned nutrition guideline.,"carbs_g, glucose_response, sleep_quality",Return to the plan at the next meal and note the reason for deviation.,Primary activity scheduled.
2026-09-03,20:30,21:00,ACT064,Breathwork,Breathwork #064,Therapy,64,1,week,30,Self,Self,,Home,in_person,backup_used,Box breathing or physiological sigh protocol,Confirm facility availability and avoid heavy meals immediately before the session.,"duration, stress_score, HRV",Replace with breathwork or recovery stretch and avoid stacking intense recovery sessions next day.,Primary activity unavailable. Used backup: Breathwork.
2026-09-04,,,ACT087,Hydration Protocol #087,Hydration Protocol #087,Food consumption,87,1,week,45,Self,Self,,"Home, Office, Hotel",,unscheduled,Drink 500ml water with electrolytes,Prepare or order the meal according to the assigned nutrition guideline.,"water_ml, electrolyte_serving",Return to the plan at the next meal and note the reason for deviation.,"No feasible slot satisfied client, travel, facilitator, equipment, and conflict constraints."
2026-09-04,,,ACT089,Breathwork #089,Breathwork #089,Therapy,89,1,week,45,Health Coach,Health Coach,,"Home, Office, Hotel",,unscheduled,Box breathing or physiological sigh protocol,Confirm facility availability and avoid heavy meals immediately before the session.,"duration, stress_score, HRV",Replace with breathwork or recovery stretch and avoid stacking intense recovery sessions next day.,"No feasible slot satisfied client, travel, facilitator, equipment, and conflict constraints."
2026-09-04,,,ACT090,Physiotherapy Review #090,Physiotherapy Review #090,Consultation,90,1,month,60,Physiotherapist,Physiotherapist,Yoga Mat,"Clinic, Online",,unscheduled,Assess mobility limitation and exercise form,"Prepare recent logs, wearable data, questions, and any relevant lab results.","pain_score, range_of_motion, exercise_tolerance",Use the earliest remote or in-person follow-up slot and share logs asynchronously.,"No feasible slot satisfied client, travel, facilitator, equipment, and conflict constraints."
2026-09-04,,,ACT092,Low-Glycemic Dinner #092,Low-Glycemic Dinner #092,Food consumption,92,1,week,45,Self,Self,,"Home, Restaurant, Hotel",,unscheduled,Control evening carbohydrate load,Prepare or order the meal according to the assigned nutrition guideline.,"carbs_g, glucose_response, sleep_quality",Return to the plan at the next meal and note the reason for deviation.,"No feasible slot satisfied client, travel, facilitator, equipment, and conflict constraints."
2026-09-04,,,ACT094,Guided Meditation #094,Guided Meditation #094,Therapy,94,1,week,30,Health Coach,Health Coach,,"Home, Hotel, Office",,unscheduled,Mindfulness session with body scan,Confirm facility availability and avoid heavy meals immediately before the session.,"duration, mood_score, sleep_quality",Replace with breathwork or recovery stretch and avoid stacking intense recovery sessions next day.,"No feasible slot satisfied client, travel, facilitator, equipment, and conflict constraints."
2026-09-04,,,ACT095,Physician Follow-up #095,Physician Follow-up #095,Consultation,95,1,month,60,Physician,Physician,,"Clinic, Online",,unscheduled,Review biomarkers and medication tolerance,"Prepare recent logs, wearable data, questions, and any relevant lab results.","blood_markers, symptoms, adherence",Use the earliest remote or in-person follow-up slot and share logs asynchronously.,"No feasible slot satisfied client, travel, facilitator, equipment, and conflict constraints."
2026-09-04,,,ACT097,Fermented Food Serving #097,Fermented Food Serving #097,Food consumption,97,1,week,20,Self,Self,,"Home, Office, Hotel",,unscheduled,"Add yogurt, kimchi, kefir, or sauerkraut",Prepare or order the meal according to the assigned nutrition guideline.,"serving_size, GI_comfort_score",Return to the plan at the next meal and note the reason for deviation.,"No feasible slot satisfied client, travel, facilitator, equipment, and conflict constraints."
2026-09-04,,,ACT099,Recovery Stretch #099,Recovery Stretch #099,Therapy,99,1,week,45,Self,Self,Yoga Mat,"Home, Hotel, Gym",,unscheduled,Parasympathetic evening stretch routine,Confirm facility availability and avoid heavy meals immediately before the session.,"duration, muscle_tightness_score",Replace with breathwork or recovery stretch and avoid stacking intense recovery sessions next day.,"No feasible slot satisfied client, travel, facilitator, equipment, and conflict constraints."
2026-09-04,,,ACT100,Sleep Coaching Session #100,Sleep Coaching Session #100,Consultation,100,1,month,30,Sleep Specialist,Sleep Specialist,,"Online, Clinic",,unscheduled,"Review sleep timing, routine, and wearable trends","Prepare recent logs, wearable data, questions, and any relevant lab results.","sleep_duration, sleep_efficiency, HRV",Use the earliest remote or in-person follow-up slot and share logs asynchronously.,"No feasible slot satisfied client, travel, facilitator, equipment, and conflict constraints."
2026-09-04,06:00,06:10,ACT003,Omega-3 Supplement #003,Omega-3 Supplement #003,Medication consumption,3,1,week,10,Self,Self,,Home,in_person,scheduled,Take after meal to improve tolerance,"Confirm dose, timing, and any meal requirement before taking it.","dose_mg, adherence",Follow clinician-approved missed-dose guidance and log the missed dose.,Primary activity scheduled.
2026-09-04,06:15,06:25,ACT008,Vitamin D3 #008,Vitamin D3 #008,Medication consumption,8,1,week,10,Self,Self,,Home,in_person,scheduled,Take with fat-containing meal,"Confirm dose, timing, and any meal requirement before taking it.","dose_IU, adherence",Follow clinician-approved missed-dose guidance and log the missed dose.,Primary activity scheduled.
2026-09-04,06:30,06:45,ACT018,Glucose Monitor Check #018,Glucose Monitor Check #018,Medication consumption,18,1,week,15,Self,Self,Glucose Meter,Home,in_person,scheduled,Record fasting glucose and notes,"Confirm dose, timing, and any meal requirement before taking it.","glucose_mg_dL, fasting_hours",Follow clinician-approved missed-dose guidance and log the missed dose.,Primary activity scheduled.
2026-09-04,06:45,07:15,ACT022,Fermented Food Serving #022,Fermented Food Serving #022,Food consumption,22,1,week,30,Self,Self,,Home,in_person,scheduled,"Add yogurt, kimchi, kefir, or sauerkraut",Prepare or order the meal according to the assigned nutrition guideline.,"serving_size, GI_comfort_score",Return to the plan at the next meal and note the reason for deviation.,Primary activity scheduled.
2026-09-04,07:15,07:30,ACT023,Blood Pressure Reading #023,Blood Pressure Reading #023,Medication consumption,23,1,week,15,Self,Self,Blood Pressure Cuff,Home,in_person,scheduled,Measure seated blood pressure after 5 minutes rest,"Confirm dose, timing, and any meal requirement before taking it.","systolic, diastolic, resting_hr",Follow clinician-approved missed-dose guidance and log the missed dose.,Primary activity scheduled.
2026-09-04,07:30,08:00,ACT025,Remote Check-in,Sleep Coaching Session #025,Consultation,25,1,month,30,Self,Self,,Clinic,in_person,backup_used,"Review sleep timing, routine, and wearable trends","Prepare recent logs, wearable data, questions, and any relevant lab results.","sleep_duration, sleep_efficiency, HRV",Use the earliest remote or in-person follow-up slot and share logs asynchronously.,Primary activity unavailable. Used backup: Remote Check-in.
2026-09-04,08:00,08:30,ACT027,High-Protein Breakfast #027,High-Protein Breakfast #027,Food consumption,27,1,week,30,Self,Self,,Home,in_person,scheduled,Consume 30-40g protein within 2 hours of waking,Prepare or order the meal according to the assigned nutrition guideline.,"protein_g, calories, satiety_score",Return to the plan at the next meal and note the reason for deviation.,Primary activity scheduled.
2026-09-04,08:30,08:40,ACT028,Omega-3 Supplement #028,Omega-3 Supplement #028,Medication consumption,28,1,week,10,Self,Self,,Home,in_person,scheduled,Take after meal to improve tolerance,"Confirm dose, timing, and any meal requirement before taking it.","dose_mg, adherence",Follow clinician-approved missed-dose guidance and log the missed dose.,Primary activity scheduled.
2026-09-04,08:45,09:00,ACT033,Vitamin D3 #033,Vitamin D3 #033,Medication consumption,33,1,week,15,Self,Self,,Home,in_person,scheduled,Take with fat-containing meal,"Confirm dose, timing, and any meal requirement before taking it.","dose_IU, adherence",Follow clinician-approved missed-dose guidance and log the missed dose.,Primary activity scheduled.
2026-09-04,09:00,09:20,ACT037,Hydration Protocol #037,Hydration Protocol #037,Food consumption,37,1,week,20,Self,Self,,Home,in_person,scheduled,Drink 500ml water with electrolytes,Prepare or order the meal according to the assigned nutrition guideline.,"water_ml, electrolyte_serving",Return to the plan at the next meal and note the reason for deviation.,Primary activity scheduled.
2026-09-04,09:30,09:45,ACT038,Magnesium Glycinate #038,Magnesium Glycinate #038,Medication consumption,38,1,week,15,Self,Self,,Home,in_person,scheduled,Take 60 minutes before bedtime,"Confirm dose, timing, and any meal requirement before taking it.","dose_mg, sleep_quality, adherence",Follow clinician-approved missed-dose guidance and log the missed dose.,Primary activity scheduled.
2026-09-04,09:45,10:00,ACT043,Glucose Monitor Check #043,Glucose Monitor Check #043,Medication consumption,43,1,week,15,Self,Self,Glucose Meter,Home,in_person,scheduled,Record fasting glucose and notes,"Confirm dose, timing, and any meal requirement before taking it.","glucose_mg_dL, fasting_hours",Follow clinician-approved missed-dose guidance and log the missed dose.,Primary activity scheduled.
2026-09-04,12:00,12:20,ACT007,Mediterranean Lunch #007,Mediterranean Lunch #007,Food consumption,7,1,week,20,Self,Self,,Home,in_person,scheduled,"Vegetables, lean protein, olive oil, and whole grains",Prepare or order the meal according to the assigned nutrition guideline.,"calories, fiber_g, protein_g",Return to the plan at the next meal and note the reason for deviation.,Primary activity scheduled.
2026-09-04,12:30,13:00,ACT010,Dietitian Consultation #010,Dietitian Consultation #010,Consultation,10,1,month,30,Dietitian 1,Dietitian,,Clinic,in_person,scheduled,Review food log and adjust macro targets,"Prepare recent logs, wearable data, questions, and any relevant lab results.","protein_g, fiber_g, weight_trend",Use the earliest remote or in-person follow-up slot and share logs asynchronously.,Primary activity scheduled.
2026-09-04,13:00,13:30,ACT020,Remote Check-in,Physician Follow-up #020,Consultation,20,1,month,30,Self,Self,,Clinic,in_person,backup_used,Review biomarkers and medication tolerance,"Prepare recent logs, wearable data, questions, and any relevant lab results.","blood_markers, symptoms, adherence",Use the earliest remote or in-person follow-up slot and share logs asynchronously.,Primary activity unavailable. Used backup: Remote Check-in.
2026-09-04,17:00,17:45,ACT004,Sauna Session #004,Sauna Session #004,Therapy,4,1,week,45,Self,Self,Sauna,Wellness Center,in_person,scheduled,15-20 minutes moderate heat exposure,Confirm facility availability and avoid heavy meals immediately before the session.,"duration, temperature, recovery_score",Replace with breathwork or recovery stretch and avoid stacking intense recovery sessions next day.,Primary activity scheduled.
2026-09-04,17:45,18:30,ACT009,Cold Plunge #009,Cold Plunge #009,Therapy,9,1,week,45,Self,Self,Cold Plunge,Wellness Center,in_person,scheduled,2-3 minutes controlled cold exposure,Confirm facility availability and avoid heavy meals immediately before the session.,"duration, temperature, stress_score",Replace with breathwork or recovery stretch and avoid stacking intense recovery sessions next day.,Primary activity scheduled.
2026-09-04,18:30,18:45,ACT013,Magnesium Glycinate #013,Magnesium Glycinate #013,Medication consumption,13,1,week,15,Self,Self,,Home,in_person,scheduled,Take 60 minutes before bedtime,"Confirm dose, timing, and any meal requirement before taking it.","dose_mg, sleep_quality, adherence",Follow clinician-approved missed-dose guidance and log the missed dose.,Primary activity scheduled.
2026-09-04,18:45,19:15,ACT014,Breathwork #014,Breathwork #014,Therapy,14,1,week,30,Health Coach 3,Health Coach,,Home,in_person,scheduled,Box breathing or physiological sigh protocol,Confirm facility availability and avoid heavy meals immediately before the session.,"duration, stress_score, HRV",Replace with breathwork or recovery stretch and avoid stacking intense recovery sessions next day.,Primary activity scheduled.
2026-09-04,19:15,19:45,ACT017,Low-Glycemic Dinner #017,Low-Glycemic Dinner #017,Food consumption,17,1,week,30,Self,Self,,Home,in_person,scheduled,Control evening carbohydrate load,Prepare or order the meal according to the assigned nutrition guideline.,"carbs_g, glucose_response, sleep_quality",Return to the plan at the next meal and note the reason for deviation.,Primary activity scheduled.
2026-09-04,19:45,20:15,ACT029,Sauna Session #029,Sauna Session #029,Therapy,29,1,week,30,Self,Self,Sauna,Wellness Center,in_person,scheduled,15-20 minutes moderate heat exposure,Confirm facility availability and avoid heavy meals immediately before the session.,"duration, temperature, recovery_score",Replace with breathwork or recovery stretch and avoid stacking intense recovery sessions next day.,Primary activity scheduled.
2026-09-04,20:15,21:00,ACT034,Cold Plunge #034,Cold Plunge #034,Therapy,34,1,week,45,Self,Self,Cold Plunge,Wellness Center,in_person,scheduled,2-3 minutes controlled cold exposure,Confirm facility availability and avoid heavy meals immediately before the session.,"duration, temperature, stress_score",Replace with breathwork or recovery stretch and avoid stacking intense recovery sessions next day.,Primary activity scheduled.
2026-09-05,08:00,09:00,ACT005,Fitness Coaching Check-in #005,Fitness Coaching Check-in #005,Consultation,5,1,month,60,Fitness Trainer 1,Fitness Trainer,,Gym,in_person,scheduled,"Review training load, soreness, and next progression","Prepare recent logs, wearable data, questions, and any relevant lab results.","training_load, soreness, adherence",Use the earliest remote or in-person follow-up slot and share logs asynchronously.,Primary activity scheduled.
2026-09-05,09:00,09:30,ACT015,Physiotherapy Review #015,Physiotherapy Review #015,Consultation,15,1,month,30,Physiotherapist 2,Physiotherapist,Yoga Mat,Clinic,in_person,scheduled,Assess mobility limitation and exercise form,"Prepare recent logs, wearable data, questions, and any relevant lab results.","pain_score, range_of_motion, exercise_tolerance",Use the earliest remote or in-person follow-up slot and share logs asynchronously.,Primary activity scheduled.
2026-09-05,09:30,10:30,ACT040,Physiotherapy Review #040,Physiotherapy Review #040,Consultation,40,1,month,60,Physiotherapist 2,Physiotherapist,Yoga Mat,Clinic,in_person,scheduled,Assess mobility limitation and exercise form,"Prepare recent logs, wearable data, questions, and any relevant lab results.","pain_score, range_of_motion, exercise_tolerance",Use the earliest remote or in-person follow-up slot and share logs asynchronously.,Primary activity scheduled.
2026-09-05,10:30,11:00,ACT051,Brisk Walk,Zone 2 Run #051,Fitness routine / exercise,51,1,week,30,Self,Self,,Park,in_person,backup_used,Maintain heart rate between 120-140 bpm,"Wear appropriate training clothes, prepare water, and confirm recovery status.","heart_rate, duration, perceived_exertion",Reschedule within the same week if possible; otherwise reduce next session intensity by 10%.,Primary activity unavailable. Used backup: Brisk Walk.
2026-09-05,11:00,11:30,ACT045,Remote Check-in,Physician Follow-up #045,Consultation,45,1,month,30,Self,Self,,Clinic,in_person,backup_used,Review biomarkers and medication tolerance,"Prepare recent logs, wearable data, questions, and any relevant lab results.","blood_markers, symptoms, adherence",Use the earliest remote or in-person follow-up slot and share logs asynchronously.,Primary activity unavailable. Used backup: Remote Check-in.
2026-09-05,11:30,12:00,ACT050,Remote Check-in,Sleep Coaching Session #050,Consultation,50,1,month,30,Self,Self,,Clinic,in_person,backup_used,"Review sleep timing, routine, and wearable trends","Prepare recent logs, wearable data, questions, and any relevant lab results.","sleep_duration, sleep_efficiency, HRV",Use the earliest remote or in-person follow-up slot and share logs asynchronously.,Primary activity unavailable. Used backup: Remote Check-in.
2026-09-05,14:00,14:30,ACT054,Breathwork,Sauna Session #054,Therapy,54,1,week,30,Self,Self,,Wellness Center,in_person,backup_used,15-20 minutes moderate heat exposure,Confirm facility availability and avoid heavy meals immediately before the session.,"duration, temperature, recovery_score",Replace with breathwork or recovery stretch and avoid stacking intense recovery sessions next day.,Primary activity unavailable. Used backup: Breathwork.
2026-09-05,14:30,15:00,ACT055,Remote Check-in,Fitness Coaching Check-in #055,Consultation,55,1,month,30,Self,Self,,Gym,in_person,backup_used,"Review training load, soreness, and next progression","Prepare recent logs, wearable data, questions, and any relevant lab results.","training_load, soreness, adherence",Use the earliest remote or in-person follow-up slot and share logs asynchronously.,Primary activity unavailable. Used backup: Remote Check-in.
2026-09-05,15:00,15:30,ACT065,Remote Check-in,Physiotherapy Review #065,Consultation,65,1,month,30,Self,Self,,Clinic,in_person,backup_used,Assess mobility limitation and exercise form,"Prepare recent logs, wearable data, questions, and any relevant lab results.","pain_score, range_of_motion, exercise_tolerance",Use the earliest remote or in-person follow-up slot and share logs asynchronously.,Primary activity unavailable. Used backup: Remote Check-in.
2026-09-05,15:30,16:00,ACT069,Breathwork,Guided Meditation #069,Therapy,69,1,week,30,Self,Self,,Home,in_person,backup_used,Mindfulness session with body scan,Confirm facility availability and avoid heavy meals immediately before the session.,"duration, mood_score, sleep_quality",Replace with breathwork or recovery stretch and avoid stacking intense recovery sessions next day.,Primary activity unavailable. Used backup: Breathwork.
2026-09-05,16:00,16:45,ACT059,Cold Plunge #059,Cold Plunge #059,Therapy,59,1,week,45,Self,Self,Cold Plunge,Wellness Center,in_person,scheduled,2-3 minutes controlled cold exposure,Confirm facility availability and avoid heavy meals immediately before the session.,"duration, temperature, stress_score",Replace with breathwork or recovery stretch and avoid stacking intense recovery sessions next day.,Primary activity scheduled.
2026-09-05,16:45,16:55,ACT083,Vitamin D3 #083,Vitamin D3 #083,Medication consumption,83,1,week,10,Self,Self,,Home,in_person,scheduled,Take with fat-containing meal,"Confirm dose, timing, and any meal requirement before taking it.","dose_IU, adherence",Follow clinician-approved missed-dose guidance and log the missed dose.,Primary activity scheduled.
2026-09-05,17:00,17:45,ACT021,Brisk Walk #021,Brisk Walk #021,Fitness routine / exercise,21,1,week,45,Fitness Trainer 1,Fitness Trainer,,Park,in_person,scheduled,Low-intensity walk after meals,"Wear appropriate training clothes, prepare water, and confirm recovery status.","steps, duration, glucose_response",Reschedule within the same week if possible; otherwise reduce next session intensity by 10%.,Primary activity scheduled.
2026-09-05,17:45,18:30,ACT026,Zone 2 Run #026,Zone 2 Run #026,Fitness routine / exercise,26,1,week,45,Fitness Trainer 1,Fitness Trainer,Treadmill,Park,in_person,scheduled,Maintain heart rate between 120-140 bpm,"Wear appropriate training clothes, prepare water, and confirm recovery status.","heart_rate, duration, perceived_exertion",Reschedule within the same week if possible; otherwise reduce next session intensity by 10%.,Primary activity scheduled.
2026-09-06,,,ACT091,Eye Exercise #091,Eye Exercise #091,Fitness routine / exercise,91,2,week,15,Fitness Trainer,Fitness Trainer,,"Home, Office, Hotel Room",,unscheduled,Near-far focus drill and 20-20-20 visual breaks,"Wear appropriate training clothes, prepare water, and confirm recovery status.","duration, eye_strain_score",Reschedule within the same week if possible; otherwise reduce next session intensity by 10%.,"No feasible slot satisfied client, travel, facilitator, equipment, and conflict constraints."
2026-09-06,,,ACT096,Brisk Walk #096,Brisk Walk #096,Fitness routine / exercise,96,2,week,15,Fitness Trainer,Fitness Trainer,,"Park, Home, Hotel",,unscheduled,Low-intensity walk after meals,"Wear appropriate training clothes, prepare water, and confirm recovery status.","steps, duration, glucose_response",Reschedule within the same week if possible; otherwise reduce next session intensity by 10%.,"No feasible slot satisfied client, travel, facilitator, equipment, and conflict constraints."
2026-09-06,08:00,08:20,ACT002,High-Protein Breakfast #002,High-Protein Breakfast #002,Food consumption,2,2,week,20,Self,Self,,Home,in_person,scheduled,Consume 30-40g protein within 2 hours of waking,Prepare or order the meal according to the assigned nutrition guideline.,"protein_g, calories, satiety_score",Return to the plan at the next meal and note the reason for deviation.,Primary activity scheduled.
2026-09-06,08:30,08:45,ACT011,Mobility Flow #011,Mobility Flow #011,Fitness routine / exercise,11,2,week,15,Fitness Trainer 1,Fitness Trainer,Yoga Mat,Home,in_person,scheduled,"Hip, ankle, thoracic spine, and shoulder mobility","Wear appropriate training clothes, prepare water, and confirm recovery status.","duration, pain_score, range_of_motion",Reschedule within the same week if possible; otherwise reduce next session intensity by 10%.,Primary activity scheduled.
2026-09-06,08:45,09:05,ACT012,Hydration Protocol #012,Hydration Protocol #012,Food consumption,12,2,week,20,Self,Self,,Home,in_person,scheduled,Drink 500ml water with electrolytes,Prepare or order the meal according to the assigned nutrition guideline.,"water_ml, electrolyte_serving",Return to the plan at the next meal and note the reason for deviation.,Primary activity scheduled.
2026-09-06,09:15,10:15,ACT031,Strength Training #031,Strength Training #031,Fitness routine / exercise,31,2,week,60,Fitness Trainer 1,Fitness Trainer,"Dumbbells, Resistance Bands",Gym,in_person,scheduled,Full-body resistance session with controlled tempo,"Wear appropriate training clothes, prepare water, and confirm recovery status.","sets, reps, load, RPE",Reschedule within the same week if possible; otherwise reduce next session intensity by 10%.,Primary activity scheduled.
2026-09-06,10:15,10:35,ACT047,Fermented Food Serving #047,Fermented Food Serving #047,Food consumption,47,2,week,20,Self,Self,,Home,in_person,scheduled,"Add yogurt, kimchi, kefir, or sauerkraut",Prepare or order the meal according to the assigned nutrition guideline.,"serving_size, GI_comfort_score",Return to the plan at the next meal and note the reason for deviation.,Primary activity scheduled.
2026-09-06,10:45,11:00,ACT048,Blood Pressure Reading #048,Blood Pressure Reading #048,Medication consumption,48,2,week,15,Self,Self,Blood Pressure Cuff,Home,in_person,scheduled,Measure seated blood pressure after 5 minutes rest,"Confirm dose, timing, and any meal requirement before taking it.","systolic, diastolic, resting_hr",Follow clinician-approved missed-dose guidance and log the missed dose.,Primary activity scheduled.
2026-09-06,11:00,11:30,ACT032,Mediterranean Lunch #032,Mediterranean Lunch #032,Food consumption,32,2,week,30,Self,Self,,Home,in_person,scheduled,"Vegetables, lean protein, olive oil, and whole grains",Prepare or order the meal according to the assigned nutrition guideline.,"calories, fiber_g, protein_g",Return to the plan at the next meal and note the reason for deviation.,Primary activity scheduled.
2026-09-06,11:30,11:45,ACT053,Omega-3 Supplement #053,Omega-3 Supplement #053,Medication consumption,53,2,week,15,Self,Self,,Home,in_person,scheduled,Take after meal to improve tolerance,"Confirm dose, timing, and any meal requirement before taking it.","dose_mg, adherence",Follow clinician-approved missed-dose guidance and log the missed dose.,Primary activity scheduled.
2026-09-06,11:45,12:00,ACT071,Brisk Walk #071,Brisk Walk #071,Fitness routine / exercise,71,2,week,15,Fitness Trainer 1,Fitness Trainer,,Park,in_person,scheduled,Low-intensity walk after meals,"Wear appropriate training clothes, prepare water, and confirm recovery status.","steps, duration, glucose_response",Reschedule within the same week if possible; otherwise reduce next session intensity by 10%.,Primary activity scheduled.
2026-09-06,14:00,14:30,ACT056,Brisk Walk,Strength Training #056,Fitness routine / exercise,56,2,week,30,Self,Self,,Gym,in_person,backup_used,Full-body resistance session with controlled tempo,"Wear appropriate training clothes, prepare water, and confirm recovery status.","sets, reps, load, RPE",Reschedule within the same week if possible; otherwise reduce next session intensity by 10%.,Primary activity unavailable. Used backup: Brisk Walk.
2026-09-06,14:30,14:50,ACT057,Mediterranean Lunch #057,Mediterranean Lunch #057,Food consumption,57,2,week,20,Self,Self,,Home,in_person,scheduled,"Vegetables, lean protein, olive oil, and whole grains",Prepare or order the meal according to the assigned nutrition guideline.,"calories, fiber_g, protein_g",Return to the plan at the next meal and note the reason for deviation.,Primary activity scheduled.
2026-09-06,15:00,15:30,ACT061,Brisk Walk,Mobility Flow #061,Fitness routine / exercise,61,2,week,30,Self,Self,,Home,in_person,backup_used,"Hip, ankle, thoracic spine, and shoulder mobility","Wear appropriate training clothes, prepare water, and confirm recovery status.","duration, pain_score, range_of_motion",Reschedule within the same week if possible; otherwise reduce next session intensity by 10%.,Primary activity unavailable. Used backup: Brisk Walk.
2026-09-06,15:30,16:15,ACT072,Fermented Food Serving #072,Fermented Food Serving #072,Food consumption,72,2,week,45,Self,Self,,Home,in_person,scheduled,"Add yogurt, kimchi, kefir, or sauerkraut",Prepare or order the meal according to the assigned nutrition guideline.,"serving_size, GI_comfort_score",Return to the plan at the next meal and note the reason for deviation.,Primary activity scheduled.
2026-09-06,16:15,16:45,ACT075,Remote Check-in,Sleep Coaching Session #075,Consultation,75,1,month,30,Self,Self,,Clinic,in_person,backup_used,"Review sleep timing, routine, and wearable trends","Prepare recent logs, wearable data, questions, and any relevant lab results.","sleep_duration, sleep_efficiency, HRV",Use the earliest remote or in-person follow-up slot and share logs asynchronously.,Primary activity unavailable. Used backup: Remote Check-in.
2026-09-06,16:45,16:55,ACT078,Omega-3 Supplement #078,Omega-3 Supplement #078,Medication consumption,78,2,week,10,Self,Self,,Home,in_person,scheduled,Take after meal to improve tolerance,"Confirm dose, timing, and any meal requirement before taking it.","dose_mg, adherence",Follow clinician-approved missed-dose guidance and log the missed dose.,Primary activity scheduled.
2026-09-06,17:00,17:30,ACT062,Hydration Protocol #062,Hydration Protocol #062,Food consumption,62,2,week,30,Self,Self,,Home,in_person,scheduled,Drink 500ml water with electrolytes,Prepare or order the meal according to the assigned nutrition guideline.,"water_ml, electrolyte_serving",Return to the plan at the next meal and note the reason for deviation.,Primary activity scheduled.
2026-09-06,17:30,17:45,ACT063,Magnesium Glycinate #063,Magnesium Glycinate #063,Medication consumption,63,2,week,15,Self,Self,,Home,in_person,scheduled,Take 60 minutes before bedtime,"Confirm dose, timing, and any meal requirement before taking it.","dose_mg, sleep_quality, adherence",Follow clinician-approved missed-dose guidance and log the missed dose.,Primary activity scheduled.
2026-09-06,17:45,18:30,ACT067,Low-Glycemic Dinner #067,Low-Glycemic Dinner #067,Food consumption,67,2,week,45,Self,Self,,Home,in_person,scheduled,Control evening carbohydrate load,Prepare or order the meal according to the assigned nutrition guideline.,"carbs_g, glucose_response, sleep_quality",Return to the plan at the next meal and note the reason for deviation.,Primary activity scheduled.
